"日付","終値","始値","高値","安値","出来高","変化率 %"
"2026-09-17","30.81","32.80","32.80","29.62","","0.00%"
"2026-09-16","30.81","33.99","35.18","29.42","","-10.93%"
"2026-09-15","34.59","33.59","35.18","33.39","","-8.42%"
"2026-09-14","37.77","38.36","38.36","36.97","","-2.55%"
"2026-09-11","38.76","37.57","38.96","35.78","","16.08%"
"2026-09-10","33.39","35.58","36.97","32.40","","-9.68%"
"2026-09-09","36.97","39.56","39.56","36.97","","-12.68%"
"2026-09-08","42.34","44.93","44.93","42.14","","-9.74%"
"2026-09-04","46.91","46.71","48.11","45.92","","-7.82%"
"2026-09-03","50.89","49.30","51.49","46.52","","7.11%"
"2026-09-02","47.51","47.31","48.90","47.31","","4.37%"
"2026-09-01","45.52","50.29","50.29","45.52","","-8.04%"
"2026-08-31","49.50","49.50","50.09","48.50","","-6.39%"
"2026-08-28","52.88","55.66","55.66","51.49","","-1.84%"
"2026-08-27","53.87","54.67","55.06","53.47","","-8.13%"
"2026-08-26","58.64","58.44","59.44","58.25","","0.67%"
"2026-08-25","58.25","57.25","58.84","56.85","","-1.87%"
"2026-08-24","59.36","59.36","60.95","56.97","","2.77%"
"2026-08-21","57.76","53.98","58.16","53.98","","7.00%"
"2026-08-20","53.98","55.77","58.16","53.98","","-9.67%"
"2026-08-19","59.76","63.34","64.34","59.76","","0.34%"
"2026-08-18","59.56","65.20","65.60","59.44","","-3.97%"
"2026-08-17","62.02","68.19","68.19","62.02","","-10.61%"
"2026-08-14","69.38","68.58","69.98","68.58","","1.75%"
"2026-08-13","68.19","67.39","69.98","66.60","","5.54%"
"2026-08-12","64.61","64.21","65.60","63.61","","2.20%"
"2026-08-11","63.22","65.60","65.60","62.62","","-3.04%"
"2026-08-10","65.20","66.79","66.79","64.01","","-0.61%"
"2026-08-07","65.60","65.60","66.99","65.60","","2.16%"
"2026-08-06","64.21","65.20","66.20","64.21","","-3.86%"
"2026-08-05","66.79","66.20","66.99","64.81","","-2.05%"
"2026-08-04","68.19","61.63","68.19","61.63","","6.53%"
"2026-08-03","64.01","64.21","65.20","61.23","","3.21%"
"2026-07-31","62.02","59.64","64.01","59.64","","-2.50%"
"2026-07-30","63.61","63.22","64.41","59.64","","-3.33%"
"2026-07-29","65.80","70.17","70.17","65.80","","-8.06%"
"2026-07-28","71.57","72.56","73.75","70.97","","4.36%"
"2026-07-27","68.58","69.58","69.98","67.99","","5.18%"
"2026-07-24","65.20","63.02","65.60","62.42","","13.10%"
"2026-07-23","57.65","58.25","58.84","55.86","","-7.34%"
"2026-07-22","62.22","63.61","64.41","61.23","","5.03%"
"2026-07-21","59.24","61.43","61.43","58.64","","-2.29%"
"2026-07-20","60.63","63.22","63.22","59.64","","-4.68%"
"2026-07-17","63.61","66.60","69.18","62.82","","-5.33%"
"2026-07-16","67.19","64.21","67.19","64.21","","8.69%"
"2026-07-15","61.82","63.22","65.60","61.03","","-2.21%"
"2026-07-14","63.22","65.20","65.20","62.82","","-2.74%"
"2026-07-13","65.00","67.59","68.38","64.01","","-4.12%"
"2026-07-10","67.79","65.40","68.78","65.40","","5.91%"
"2026-07-09","64.01","65.60","66.79","63.41","","1.25%"
"2026-07-08","63.22","64.81","64.81","61.43","","-6.19%"
"2026-07-07","67.39","66.99","67.59","66.60","","0.00%"
"2026-07-06","67.39","65.87","67.39","64.88","","0.49%"
"2026-07-02","67.06","66.46","67.26","64.88","","6.29%"
"2026-07-01","63.09","64.34","66.13","63.09","","2.50%"
"2026-06-30","61.55","61.95","63.34","61.55","","-5.22%"
"2026-06-29","64.94","65.53","65.53","63.14","","0.93%"
"2026-06-26","64.34","62.54","64.34","62.54","","1.58%"
"2026-06-25","63.34","68.12","68.12","62.74","","0.96%"
"2026-06-24","62.74","62.62","65.00","61.23","","6.63%"
"2026-06-23","58.84","54.87","59.24","54.87","","8.82%"
"2026-06-22","54.07","54.27","56.06","54.07","","-2.15%"
"2026-06-18","55.26","55.86","55.86","54.07","","3.35%"
"2026-06-17","53.47","64.61","64.81","51.88","","-17.24%"
"2026-06-16","64.61","66.20","66.79","64.41","","4.18%"
"2026-06-15","62.02","64.61","65.80","62.02","","2.63%"
"2026-06-12","60.43","57.85","60.83","57.85","","8.57%"
"2026-06-11","55.66","53.87","57.45","51.49","","8.94%"
"2026-06-10","51.09","58.25","59.24","51.09","","-11.38%"
"2026-06-09","57.65","58.64","58.64","53.47","","11.55%"
"2026-06-08","51.68","54.67","56.06","51.68","","-3.71%"
"2026-06-05","53.67","57.05","58.25","53.47","","-3.58%"
"2026-06-04","55.66","56.66","56.66","53.87","","11.99%"
"2026-06-03","49.70","50.29","51.09","49.50","","-3.10%"
"2026-06-02","51.29","49.90","52.08","47.51","","0.79%"
"2026-06-01","50.89","49.70","52.08","49.70","","-2.66%"
"2026-05-29","52.28","53.87","55.66","52.28","","-6.41%"
"2026-05-28","55.86","55.46","55.86","54.67","","1.45%"
"2026-05-27","55.06","59.44","59.84","55.06","","-0.72%"
"2026-05-26","55.46","58.76","58.76","55.46","","-2.31%"
"2026-05-22","56.77","56.77","57.37","54.38","","5.17%"
"2026-05-21","53.98","49.70","54.47","49.50","","3.65%"
"2026-05-20","52.08","46.52","53.08","46.52","","11.50%"
"2026-05-19","46.71","46.32","49.50","46.32","","-7.49%"
"2026-05-18","50.49","44.33","51.29","44.33","","14.93%"
"2026-05-15","43.93","46.32","46.32","42.94","","-5.57%"
"2026-05-14","46.52","48.31","49.50","46.52","","2.20%"
"2026-05-13","45.52","46.91","48.90","45.12","","-8.78%"
"2026-05-12","49.90","48.00","50.99","46.61","","1.01%"
"2026-05-11","49.40","50.00","50.39","47.41","","-3.50%"
"2026-05-08","51.19","50.09","52.48","50.09","","-1.71%"
"2026-05-07","52.08","53.87","54.47","51.09","","-5.41%"
"2026-05-06","55.06","56.46","57.25","54.67","","4.52%"
"2026-05-05","52.68","52.88","55.66","52.68","","2.71%"
"2026-05-04","51.29","55.06","55.06","50.69","","-6.85%"
"2026-05-01","55.06","57.65","58.44","54.67","","-1.78%"
"2026-04-30","56.06","54.47","56.46","53.47","","13.25%"
"2026-04-29","49.50","50.29","50.29","47.31","","-4.95%"
"2026-04-28","52.08","54.67","54.67","50.89","","3.56%"
"2026-04-27","50.29","54.67","54.87","50.29","","-4.17%"
"2026-04-24","52.48","51.29","53.08","50.49","","-4.36%"
"2026-04-23","54.87","53.28","54.87","51.49","","0.73%"
"2026-04-22","54.47","59.44","59.44","51.68","","-5.19%"
"2026-04-21","57.45","58.84","59.44","57.25","","-5.24%"
"2026-04-20","60.63","60.03","62.62","59.64","","1.32%"
"2026-04-17","59.84","55.66","62.82","55.66","","14.02%"
"2026-04-16","52.48","52.68","54.07","49.30","","3.12%"
"2026-04-15","50.89","52.08","52.48","48.90","","-2.28%"
"2026-04-14","52.08","51.68","52.88","50.69","","5.00%"
"2026-04-13","49.60","41.23","50.00","41.23","","14.23%"
"2026-04-10","43.42","47.01","47.01","42.43","","-9.92%"
"2026-04-09","48.20","46.41","50.00","44.82","","3.86%"
"2026-04-08","46.41","44.53","46.91","42.74","","55.63%"
"2026-04-07","29.82","29.62","29.82","27.83","","-3.84%"
"2026-04-06","31.01","28.42","31.21","28.42","","8.35%"
"2026-04-02","28.62","24.25","29.62","24.25","","9.07%"
"2026-04-01","26.24","19.88","26.24","19.88","","9.11%"
"2026-03-31","24.05","19.88","24.85","19.88","","23.46%"
"2026-03-30","19.48","20.67","21.86","19.08","","-1.02%"
"2026-03-27","19.68","21.47","22.26","19.68","","-9.97%"
"2026-03-26","21.86","27.43","27.43","21.86","","-19.72%"
"2026-03-25","27.23","28.62","28.62","26.04","","13.22%"
"2026-03-24","24.05","25.24","26.83","24.05","","5.21%"
"2026-03-23","22.86","25.04","28.62","22.86","","19.81%"
"2026-03-20","19.08","25.04","25.04","17.69","","-29.41%"
"2026-03-19","27.03","25.44","28.62","24.45","","-4.25%"
"2026-03-18","28.23","31.01","31.21","28.03","","-15.96%"
"2026-03-17","33.59","36.18","37.37","33.59","","3.04%"
"2026-03-16","32.60","33.99","33.99","32.00","","4.45%"
"2026-03-13","31.21","32.80","32.80","31.01","","-0.64%"
"2026-03-12","31.41","34.99","35.38","31.41","","-17.71%"
"2026-03-11","38.17","38.36","38.76","36.38","","-5.40%"
"2026-03-10","40.35","43.14","45.72","40.35","","-7.73%"
"2026-03-09","43.73","33.79","45.52","33.79","","0.00%"
"2026-03-06","43.73","40.15","44.33","37.97","","-15.71%"
"2026-03-05","51.88","54.27","54.27","49.70","","-9.38%"
"2026-03-04","57.25","55.26","58.44","55.26","","2.12%"
"2026-03-03","56.06","52.48","58.05","52.48","","-7.84%"
"2026-03-02","60.83","57.45","61.63","57.45","","-2.55%"
"2026-02-27","62.42","60.83","62.62","60.03","","-4.26%"
"2026-02-26","65.20","63.81","66.00","63.02","","4.45%"
"2026-02-25","62.42","61.03","62.62","60.23","","1.61%"
"2026-02-24","61.43","61.63","62.42","61.23","","1.65%"
"2026-02-23","60.43","65.60","65.60","59.24","","-7.03%"
"2026-02-20","65.00","64.81","65.20","62.02","","2.19%"
"2026-02-19","63.61","63.61","63.61","61.82","","-3.33%"
"2026-02-18","65.80","66.60","66.79","64.41","","3.44%"
"2026-02-17","63.61","64.01","64.01","61.63","","1.91%"
"2026-02-13","62.42","62.02","63.61","61.63","","1.61%"
"2026-02-12","61.43","67.19","67.19","60.03","","-7.21%"
"2026-02-11","66.20","66.99","67.59","66.20","","-2.63%"
"2026-02-10","67.99","67.92","69.18","67.92","","0.98%"
"2026-02-09","67.33","67.13","68.12","65.93","","-0.58%"
"2026-02-06","67.72","67.79","68.19","66.79","","5.14%"
"2026-02-05","64.41","65.20","65.80","63.22","","-3.29%"
"2026-02-04","66.60","66.20","67.79","64.41","","6.70%"
"2026-02-03","62.42","64.21","64.21","60.43","","-4.56%"
"2026-02-02","65.40","65.40","65.80","64.01","","-0.30%"
"2026-01-30","65.60","61.43","65.60","60.83","","3.45%"
"2026-01-29","63.41","63.02","63.41","61.03","","3.56%"
"2026-01-28","61.23","66.00","66.20","61.03","","-7.79%"
"2026-01-27","66.40","67.99","67.99","65.20","","-5.12%"
"2026-01-26","69.98","71.17","71.17","66.99","","5.71%"
"2026-01-23","66.20","66.79","66.79","64.21","","-2.63%"
"2026-01-22","67.99","69.58","70.77","67.59","","-1.06%"
"2026-01-21","68.72","66.13","69.52","65.33","","11.29%"
"2026-01-20","61.75","66.73","68.32","61.35","","-13.16%"
"2026-01-16","71.11","69.52","72.31","69.32","","-2.19%"
"2026-01-15","72.70","73.10","73.90","72.31","","3.11%"
"2026-01-14","70.51","69.38","70.51","67.79","","6.51%"
"2026-01-13","66.20","67.79","67.79","63.61","","-3.19%"
"2026-01-12","68.38","66.40","68.98","66.40","","-2.29%"
"2026-01-09","69.98","69.78","71.76","68.78","","1.16%"
"2026-01-08","69.18","65.60","69.98","65.60","","13.35%"
"2026-01-07","61.03","62.42","64.21","61.03","","-6.97%"
"2026-01-06","65.60","62.02","66.60","62.02","","6.44%"
"2026-01-05","61.63","58.84","63.22","58.84","","7.28%"
"2026-01-02","57.45","53.47","58.25","53.47","","3.22%"
"2025-12-31","55.66","61.03","61.23","55.66","","-10.54%"
"2025-12-30","62.22","62.82","63.02","62.02","","-2.19%"
"2025-12-29","63.61","63.02","64.61","60.83","","1.91%"
"2025-12-26","62.42","61.82","62.42","59.84","","0.97%"
"2025-12-24","61.82","60.63","62.62","60.63","","1.63%"
"2025-12-23","60.83","61.03","61.03","58.84","","-1.30%"
"2025-12-22","61.63","60.43","61.63","60.03","","7.28%"
"2025-12-19","57.45","56.46","59.24","56.46","","2.12%"
"2025-12-18","56.26","59.44","60.63","56.26","","-3.73%"
"2025-12-17","58.44","57.65","60.43","57.05","","4.25%"
"2025-12-16","56.06","58.64","58.64","54.87","","-8.14%"
"2025-12-15","61.03","60.35","61.03","57.76","","5.66%"
"2025-12-12","57.76","62.42","62.42","56.26","","-3.48%"
"2025-12-11","59.84","57.25","60.23","57.25","","10.67%"
"2025-12-10","54.07","47.91","54.67","47.91","","14.29%"
"2025-12-09","47.31","51.09","51.09","47.31","","-4.42%"
"2025-12-08","49.50","51.68","51.68","48.70","","-8.79%"
"2025-12-05","54.27","54.67","56.26","54.27","","-1.79%"
"2025-12-04","55.26","55.66","56.66","53.08","","3.35%"
"2025-12-03","53.47","54.67","55.06","52.28","","6.32%"
"2025-12-02","50.29","48.70","51.88","48.31","","-2.90%"
"2025-12-01","51.79","54.67","57.65","51.68","","-11.38%"
"2025-11-28","58.44","55.46","60.03","55.46","","5.37%"
"2025-11-26","55.46","53.47","57.45","53.47","","8.98%"
"2025-11-25","50.89","44.93","51.88","44.93","","23.07%"
"2025-11-24","41.35","36.58","43.33","36.58","","5.59%"
"2025-11-21","39.16","36.38","43.14","35.58","","24.67%"
"2025-11-20","31.41","40.95","41.94","31.01","","-8.67%"
"2025-11-19","34.39","36.58","37.37","33.39","","-4.42%"
"2025-11-18","35.98","36.18","39.16","35.98","","-2.15%"
"2025-11-17","36.77","43.14","43.14","36.18","","-15.14%"
"2025-11-14","43.33","41.15","45.32","40.95","","-3.13%"
"2025-11-13","44.73","49.30","50.29","44.73","","-13.45%"
"2025-11-12","51.68","52.88","53.08","51.68","","5.25%"
"2025-11-11","49.10","47.31","50.89","47.11","","7.39%"
"2025-11-10","45.72","45.72","47.31","41.74","","4.07%"
"2025-11-07","43.93","39.76","43.93","37.97","","13.93%"
"2025-11-06","38.56","42.54","42.54","38.56","","-3.96%"
"2025-11-05","40.15","38.76","42.34","38.36","","3.59%"
"2025-11-04","38.76","37.17","38.76","37.17","","1.04%"
"2025-11-03","38.36","37.37","38.56","35.78","","-4.46%"
"2025-10-31","40.15","40.95","42.94","39.16","","-2.43%"
"2025-10-30","41.15","44.13","45.72","40.75","","0.00%"
"2025-10-29","41.15","44.73","47.11","41.15","","-13.02%"
"2025-10-28","47.31","53.28","53.47","47.31","","-15.61%"
"2025-10-27","56.06","56.06","56.06","54.27","","6.01%"
"2025-10-24","52.88","55.26","55.26","52.88","","3.50%"
"2025-10-23","51.09","51.09","53.47","48.11","","4.48%"
"2025-10-22","48.90","50.69","54.07","47.11","","-7.87%"
"2025-10-21","53.08","50.69","54.47","49.10","","5.13%"
"2025-10-20","50.49","48.50","51.88","47.71","","15.46%"
"2025-10-17","43.73","42.14","44.73","39.36","","9.98%"
"2025-10-16","39.76","47.11","47.11","37.77","","-15.96%"
"2025-10-15","47.31","50.69","53.08","43.93","","-1.66%"
"2025-10-14","48.11","40.75","50.29","40.75","","15.79%"
"2025-10-13","41.55","40.15","43.33","39.56","","14.84%"
"2025-10-10","36.18","49.30","50.89","36.18","","-26.61%"
"2025-10-09","49.30","54.87","55.26","48.90","","-10.15%"
"2025-10-08","54.87","53.87","56.66","53.47","","1.11%"
"2025-10-07","54.27","56.26","56.26","53.47","","-4.54%"
"2025-10-06","56.85","58.05","59.64","55.06","","-4.36%"
"2025-10-03","59.44","57.85","61.82","57.85","","7.18%"
"2025-10-02","55.46","55.86","56.26","52.88","","0.73%"
"2025-10-01","55.06","57.85","57.85","54.27","","-3.15%"
"2025-09-30","56.85","54.27","56.85","50.29","","3.25%"
"2025-09-29","55.06","53.28","56.06","53.28","","0.71%"
"2025-09-26","54.67","53.67","54.67","50.29","","14.59%"
"2025-09-25","47.71","50.89","50.89","45.52","","-10.77%"
"2025-09-24","53.47","55.66","56.26","53.47","","-5.95%"
"2025-09-23","56.85","57.45","58.25","54.67","","7.51%"
"2025-09-22","52.88","51.09","54.67","50.49","","-6.01%"
"2025-09-19","56.26","54.07","57.65","53.47","","0.36%"
"2025-09-18","56.06","54.47","58.25","54.47","","3.68%"
"2025-09-17","54.07","57.25","60.23","53.87","","6.67%"
"2025-09-16","50.69","53.28","53.28","49.90","","-6.60%"
"2025-09-15","54.27","59.04","61.03","54.27","","-8.08%"
"2025-09-12","59.04","63.22","63.22","59.04","","-7.48%"
"2025-09-11","63.81","60.43","63.81","60.43","","18.89%"
"2025-09-10","53.67","55.46","57.05","49.70","","-4.26%"
"2025-09-09","56.06","56.26","58.05","54.07","","-3.09%"
"2025-09-08","57.85","53.28","58.44","53.28","","-1.68%"
"2025-09-05","58.84","61.23","61.23","56.06","","-0.34%"
"2025-09-04","59.04","55.46","59.04","54.27","","5.32%"
"2025-09-03","56.06","55.26","56.85","53.47","","-3.09%"
"2025-09-02","57.85","56.66","57.85","54.67","","-8.49%"
"2025-08-29","63.22","64.01","64.21","61.43","","-1.54%"
"2025-08-28","64.21","65.60","65.60","61.43","","-2.12%"
"2025-08-27","65.60","64.81","66.00","64.61","","0.92%"
"2025-08-26","65.00","65.80","65.80","64.21","","-0.91%"
"2025-08-25","65.60","67.99","67.99","65.20","","-7.31%"
"2025-08-22","70.77","69.78","72.36","69.78","","15.58%"
"2025-08-21","61.23","61.03","62.62","59.64","","-4.34%"
"2025-08-20","64.01","62.62","64.81","60.83","","1.25%"
"2025-08-19","63.22","59.44","64.61","59.44","","7.81%"
"2025-08-18","58.64","58.25","60.43","58.25","","-0.34%"
"2025-08-15","58.84","63.22","63.22","58.64","","-4.82%"
"2025-08-14","61.82","60.83","62.62","60.03","","-5.08%"
"2025-08-13","65.13","62.74","65.33","59.36","","8.62%"
"2025-08-12","59.96","55.77","59.96","55.57","","11.91%"
"2025-08-11","53.58","56.85","56.85","52.88","","-4.42%"
"2025-08-08","56.06","54.47","57.45","54.47","","5.61%"
"2025-08-07","53.08","56.06","56.06","50.29","","4.71%"
"2025-08-06","50.69","52.68","52.68","50.49","","-5.20%"
"2025-08-05","53.47","54.67","54.87","52.88","","-1.11%"
"2025-08-04","54.07","50.49","55.06","50.49","","10.12%"
"2025-08-01","49.10","44.73","50.09","44.73","","-11.47%"
"2025-07-31","55.46","62.62","63.41","54.67","","-7.92%"
"2025-07-30","60.23","65.53","66.53","58.64","","-8.65%"
"2025-07-29","65.93","66.33","67.72","64.74","","-1.49%"
"2025-07-28","66.93","71.31","71.31","66.73","","-8.19%"
"2025-07-25","72.90","70.51","72.90","70.51","","2.23%"
"2025-07-24","71.31","72.90","74.10","71.31","","-5.03%"
"2025-07-23","75.09","73.70","75.49","72.90","","3.29%"
"2025-07-22","72.70","70.31","73.10","67.52","","18.89%"
"2025-07-21","61.15","64.34","67.33","61.15","","-6.50%"
"2025-07-18","65.40","66.79","67.39","63.41","","0.31%"
"2025-07-17","65.20","63.22","66.00","60.83","","3.79%"
"2025-07-16","62.82","61.43","62.82","56.46","","5.69%"
"2025-07-15","59.44","69.18","69.18","59.44","","-15.06%"
"2025-07-14","69.98","67.13","70.11","66.53","","3.94%"
"2025-07-11","67.33","67.33","69.12","64.74","","-7.13%"
"2025-07-10","72.50","70.71","75.09","70.71","","0.82%"
"2025-07-09","71.91","72.11","73.10","69.32","","-0.55%"
"2025-07-08","72.31","71.71","74.10","71.51","","-0.26%"
"2025-07-07","72.50","75.69","76.09","69.72","","-7.67%"
"2025-07-03","78.52","76.38","78.57","76.19","","4.97%"
"2025-07-02","74.80","75.99","76.38","73.21","","-6.22%"
"2025-07-01","79.76","72.36","82.70","71.96","","10.84%"
"2025-06-30","71.96","67.59","72.36","66.20","","2.55%"
"2025-06-27","70.17","69.38","74.15","67.19","","2.90%"
"2025-06-26","68.19","68.58","69.58","66.60","","3.95%"
"2025-06-25","65.60","68.78","69.38","65.60","","-12.01%"
"2025-06-24","74.55","71.96","75.54","70.37","","5.64%"
"2025-06-23","70.57","64.81","70.57","60.03","","10.59%"
"2025-06-20","63.81","66.20","66.40","61.43","","0.50%"
"2025-06-18","63.49","67.65","68.25","63.29","","-3.02%"
"2025-06-17","65.47","71.23","71.82","63.49","","-11.06%"
"2025-06-16","73.61","75.00","76.98","72.61","","4.52%"
"2025-06-13","70.43","77.57","77.57","69.44","","-9.90%"
"2025-06-12","78.17","75.59","78.17","75.59","","2.60%"
"2025-06-11","76.19","77.18","77.97","75.19","","-1.54%"
"2025-06-10","77.38","75.99","78.57","75.79","","5.12%"
"2025-06-09","73.61","71.03","75.99","71.03","","1.38%"
"2025-06-06","72.61","73.41","74.00","70.83","","7.95%"
"2025-06-05","67.26","67.46","70.43","67.06","","-2.86%"
"2025-06-04","69.24","71.03","74.00","69.24","","-0.86%"
"2025-06-03","69.84","64.28","71.03","63.49","","0.58%"
"2025-06-02","69.44","64.48","69.44","63.88","","-1.41%"
"2025-05-30","70.43","65.60","70.97","65.40","","3.59%"
"2025-05-29","67.99","66.20","68.19","62.82","","3.96%"
"2025-05-28","65.40","72.16","72.16","65.20","","-9.12%"
"2025-05-27","71.96","65.47","72.61","65.47","","20.90%"
"2025-05-23","59.52","56.94","61.90","56.94","","-4.77%"
"2025-05-22","62.50","62.50","65.27","57.73","","-4.83%"
"2025-05-21","65.67","75.39","75.39","65.67","","-16.21%"
"2025-05-20","78.37","77.93","80.71","77.33","","0.05%"
"2025-05-19","78.33","74.95","78.52","74.95","","0.77%"
"2025-05-16","77.73","72.96","77.73","72.56","","7.42%"
"2025-05-15","72.36","66.40","72.36","66.40","","13.04%"
"2025-05-14","64.01","65.60","65.60","63.02","","-7.20%"
"2025-05-13","68.98","71.37","71.37","68.98","","-3.62%"
"2025-05-12","71.57","72.36","72.36","67.39","","17.66%"
"2025-05-09","60.83","61.23","62.22","58.84","","3.03%"
"2025-05-08","59.04","59.04","66.99","58.64","","7.99%"
"2025-05-07","54.67","55.86","57.25","52.88","","7.85%"
"2025-05-06","50.69","49.90","53.08","47.91","","-5.90%"
"2025-05-05","53.87","51.68","57.65","51.68","","-4.25%"
"2025-05-02","56.26","53.28","57.05","49.70","","38.74%"
"2025-05-01","40.55","42.34","46.52","40.35","","-4.23%"
"2025-04-30","42.34","32.40","42.34","31.01","","8.12%"
"2025-04-29","39.16","34.19","40.95","33.99","","13.21%"
"2025-04-28","34.59","34.99","35.58","30.61","","7.42%"
"2025-04-25","32.20","32.40","32.40","28.62","","-0.62%"
"2025-04-24","32.40","26.64","33.00","26.64","","20.76%"
"2025-04-23","26.83","31.41","33.99","24.65","","15.35%"
"2025-04-22","23.26","17.69","23.85","17.69","","54.04%"
"2025-04-21","15.10","20.87","21.07","12.32","","-38.24%"
"2025-04-17","24.45","21.47","26.64","20.87","","17.15%"
"2025-04-16","20.87","26.24","27.23","19.28","","-16.65%"
"2025-04-15","25.04","26.24","28.23","24.85","","-1.57%"
"2025-04-14","25.44","22.86","27.23","22.86","","30.60%"
"2025-04-11","19.48","13.71","21.07","12.32","","44.19%"
"2025-04-10","13.51","13.91","15.10","8.15","","-6.89%"
"2025-04-09","14.51","4.97","14.91","4.17","","181.20%"
"2025-04-08","5.16","9.74","12.72","4.57","","-25.76%"
"2025-04-07","6.95","8.15","8.54","5.96","","-38.66%"
"2025-04-04","11.33","22.26","22.66","11.33","","-63.93%"
"2025-04-03","31.41","35.18","35.18","31.21","","-24.75%"
"2025-04-02","41.74","37.97","42.14","37.17","","1.43%"
"2025-04-01","41.15","35.18","41.15","35.18","","5.62%"
"2025-03-31","38.96","34.99","38.96","34.79","","15.99%"
"2025-03-28","33.59","37.97","37.97","33.39","","-15.09%"
"2025-03-27","39.56","38.56","43.14","38.36","","-5.22%"
"2025-03-26","41.74","42.34","42.54","39.56","","3.96%"
"2025-03-25","40.15","39.76","40.55","38.76","","3.05%"
"2025-03-24","38.96","38.76","40.15","36.38","","17.35%"
"2025-03-21","33.20","34.19","34.39","31.01","","-10.20%"
"2025-03-20","36.97","37.17","39.76","36.77","","-6.07%"
"2025-03-19","39.36","35.98","41.15","35.58","","11.25%"
"2025-03-18","35.38","37.17","37.17","33.39","","-5.33%"
"2025-03-17","37.37","34.39","39.36","34.39","","16.78%"
"2025-03-14","32.00","27.63","32.00","27.63","","23.84%"
"2025-03-13","25.84","30.21","31.01","25.64","","-10.96%"
"2025-03-12","29.02","29.82","30.21","26.44","","-10.43%"
"2025-03-11","32.40","37.77","37.77","31.41","","-22.02%"
"2025-03-10","41.55","45.12","47.51","39.96","","-11.05%"
"2025-03-07","46.71","42.34","47.51","39.36","","15.19%"
"2025-03-06","40.55","41.15","42.14","36.58","","-8.94%"
"2025-03-05","44.53","40.95","45.52","40.15","","8.74%"
"2025-03-04","40.95","39.76","44.53","39.36","","-12.33%"
"2025-03-03","46.71","57.65","57.65","44.93","","-12.97%"
"2025-02-28","53.67","49.90","53.67","46.52","","10.21%"
"2025-02-27","48.70","53.28","55.46","48.70","","-6.85%"
"2025-02-26","52.28","55.26","57.45","50.89","","-1.88%"
"2025-02-25","53.28","55.06","55.06","50.49","","-0.36%"
"2025-02-24","53.47","51.88","55.26","51.88","","2.67%"
"2025-02-21","52.08","56.46","57.25","51.09","","-9.97%"
"2025-02-20","57.85","58.64","58.64","54.47","","-2.67%"
"2025-02-19","59.44","56.06","59.44","56.06","","1.71%"
"2025-02-18","58.44","53.28","58.44","53.28","","6.90%"
"2025-02-14","54.67","55.86","56.46","54.47","","1.11%"
"2025-02-13","54.07","50.29","54.47","49.70","","14.29%"
"2025-02-12","47.31","45.92","48.90","45.12","","-10.53%"
"2025-02-11","52.88","48.31","52.88","48.31","","6.40%"
"2025-02-10","49.70","49.30","50.89","48.11","","0.40%"
"2025-02-07","49.50","51.88","52.68","48.90","","-3.49%"
"2025-02-06","51.29","51.88","52.08","48.50","","-0.39%"
"2025-02-05","51.49","46.71","53.47","46.71","","9.76%"
"2025-02-04","46.91","48.31","48.70","46.91","","0.00%"
"2025-02-03","46.91","37.77","49.10","37.77","","-7.46%"
"2025-01-31","50.69","55.26","57.05","49.30","","-10.54%"
"2025-01-30","56.66","56.06","59.64","54.87","","10.90%"
"2025-01-29","51.09","54.27","56.46","49.10","","-4.81%"
"2025-01-28","53.67","56.46","57.45","51.49","","-9.40%"
"2025-01-27","59.24","54.27","59.24","51.68","","14.19%"
"2025-01-24","51.88","52.68","53.47","50.29","","-0.38%"
"2025-01-23","52.08","47.71","52.08","45.32","","8.70%"
"2025-01-22","47.91","48.11","50.29","46.52","","-5.86%"
"2025-01-21","50.89","47.71","51.29","47.71","","26.75%"
"2025-01-17","40.15","39.76","42.14","39.76","","8.60%"
"2025-01-16","36.97","29.02","36.97","29.02","","24.81%"
"2025-01-15","29.62","32.20","32.20","26.83","","24.19%"
"2025-01-14","23.85","21.27","23.85","20.07","","26.32%"
"2025-01-13","18.88","15.30","19.68","15.30","","17.27%"
"2025-01-10","16.10","17.09","18.48","16.10","","-35.70%"
"2025-01-08","25.04","20.47","25.24","20.07","","4.99%"
"2025-01-07","23.85","26.04","26.83","22.06","","5.25%"
"2025-01-06","22.66","25.04","29.62","22.66","","0.00%"
"2025-01-03","22.66","17.69","24.05","17.69","","26.66%"
"2025-01-02","17.89","23.26","23.65","14.91","","-7.21%"
"2024-12-31","19.28","21.66","22.66","17.49","","1.05%"
"2024-12-30","19.08","18.29","21.27","16.30","","-25.59%"
"2024-12-27","25.64","30.81","30.81","22.66","","-16.78%"
"2024-12-26","30.81","30.41","31.41","30.01","","2.67%"
"2024-12-24","30.01","25.24","30.01","25.24","","22.49%"
"2024-12-23","24.50","22.31","24.85","19.12","","-3.88%"
"2024-12-20","25.49","19.92","27.88","19.72","","30.58%"
"2024-12-19","19.52","22.86","23.06","19.52","","3.39%"
"2024-12-18","18.88","37.17","38.17","18.88","","-49.21%"
"2024-12-17","37.17","41.15","41.15","35.38","","-12.62%"
"2024-12-16","42.54","45.72","47.71","42.34","","-9.32%"
"2024-12-13","46.91","48.11","48.11","44.33","","-4.07%"
"2024-12-12","48.90","50.09","51.68","48.70","","-3.15%"
"2024-12-11","50.49","53.08","53.67","50.49","","-3.05%"
"2024-12-10","52.08","52.28","55.46","50.89","","-8.71%"
"2024-12-09","57.05","59.24","62.02","57.05","","-1.38%"
"2024-12-06","57.85","61.63","61.63","57.05","","-1.35%"
"2024-12-05","58.64","61.43","61.43","58.44","","-5.45%"
"2024-12-04","62.02","62.02","62.82","60.03","","-1.27%"
"2024-12-03","62.82","63.81","64.41","62.82","","-6.22%"
"2024-12-02","66.99","66.60","68.19","65.00","","-3.17%"
"2024-11-29","69.18","69.78","70.57","68.38","","-0.29%"
"2024-11-27","69.38","69.98","69.98","68.58","","1.26%"
"2024-11-26","68.52","68.52","68.52","68.52","","0.59%"
"2024-11-25","68.12","68.72","70.11","67.33","","8.44%"
"2024-11-22","62.82","62.62","63.22","61.43","","3.27%"
"2024-11-21","60.83","55.26","60.83","55.26","","11.27%"
"2024-11-20","54.67","52.48","54.67","51.68","","3.78%"
"2024-11-19","52.68","52.48","53.67","51.49","","-7.34%"
"2024-11-18","56.85","55.26","58.44","55.26","","3.25%"
"2024-11-15","55.06","57.85","57.85","55.06","","-5.15%"
"2024-11-14","58.05","61.63","61.63","58.05","","-7.00%"
"2024-11-13","62.42","62.02","63.41","61.82","","1.94%"
"2024-11-12","61.23","64.41","64.41","59.84","","-5.52%"
"2024-11-11","64.81","65.20","65.80","64.61","","0.31%"
"2024-11-08","64.61","63.22","66.40","63.22","","0.62%"
"2024-11-07","64.21","62.22","64.61","62.22","","3.20%"
"2024-11-06","62.22","59.84","62.22","58.25","","14.23%"
"2024-11-05","54.47","49.30","54.47","49.30","","11.85%"
"2024-11-04","48.70","49.30","52.48","47.31","","1.65%"
"2024-11-01","47.91","51.29","53.47","47.91","","2.57%"
"2024-10-31","46.71","53.08","53.08","46.71","","-13.29%"
"2024-10-30","53.87","55.66","57.05","53.47","","1.11%"
"2024-10-29","53.28","57.65","58.84","53.28","","-8.83%"
"2024-10-28","58.44","58.44","62.22","57.65","","5.75%"
"2024-10-25","55.26","62.02","63.02","55.26","","-9.16%"
"2024-10-24","60.83","63.02","63.81","60.03","","-1.92%"
"2024-10-23","62.02","63.81","65.80","59.64","","-3.11%"
"2024-10-22","64.01","62.02","65.20","60.63","","-8.27%"
"2024-10-21","69.78","74.35","75.14","68.58","","-8.35%"
"2024-10-18","76.14","76.14","76.14","75.34","","1.59%"
"2024-10-17","74.95","76.34","76.34","73.55","","-2.78%"
"2024-10-16","77.09","75.69","78.68","75.69","","1.31%"
"2024-10-15","76.09","78.88","82.86","76.09","","-3.05%"
"2024-10-14","78.48","71.51","79.48","71.51","","5.06%"
"2024-10-11","74.70","70.91","75.29","70.91","","8.39%"
"2024-10-10","68.92","68.92","70.91","67.33","","-3.62%"
"2024-10-09","71.51","68.12","73.30","67.72","","6.52%"
"2024-10-08","67.13","65.53","68.52","65.13","","2.76%"
"2024-10-07","65.33","69.32","69.92","62.35","","-11.60%"
"2024-10-04","73.90","73.10","74.50","68.72","","2.77%"
"2024-10-03","71.91","70.11","72.70","69.92","","-4.99%"
"2024-10-02","75.69","76.69","77.49","75.09","","-0.59%"
"2024-10-01","76.14","75.14","78.52","75.14","","-8.60%"
"2024-09-30","83.30","78.92","83.30","77.53","","0.73%"
"2024-09-27","82.70","82.90","86.28","81.90","","2.72%"
"2024-09-26","80.51","79.32","80.51","78.33","","9.17%"
"2024-09-25","73.75","78.13","78.13","72.96","","-6.79%"
"2024-09-24","79.12","78.72","80.71","78.13","","0.76%"
"2024-09-23","78.52","78.13","78.92","77.13","","1.54%"
"2024-09-20","77.33","77.33","77.33","75.54","","-5.58%"
"2024-09-19","81.90","81.70","83.69","80.51","","11.66%"
"2024-09-18","73.35","76.14","79.92","73.16","","-2.90%"
"2024-09-17","75.54","76.54","79.92","74.55","","2.99%"
"2024-09-16","73.35","74.35","74.95","72.16","","2.22%"
"2024-09-13","71.76","72.36","73.75","70.97","","4.94%"
"2024-09-12","68.38","62.22","68.78","61.03","","4.56%"
"2024-09-11","65.40","57.45","65.40","52.08","","2.81%"
"2024-09-10","63.61","63.22","63.81","59.44","","-1.24%"
"2024-09-09","64.41","62.22","66.79","62.22","","10.58%"
"2024-09-06","58.25","68.58","68.58","58.05","","-11.20%"
"2024-09-05","65.60","67.79","67.79","63.61","","-5.72%"
"2024-09-04","69.58","71.96","72.36","68.38","","-1.96%"
"2024-09-03","70.97","73.16","73.95","69.78","","-12.93%"
"2024-08-30","81.51","76.54","81.70","75.54","","6.49%"
"2024-08-29","76.54","75.74","81.11","75.74","","1.06%"
"2024-08-28","75.74","76.14","77.33","73.55","","-0.53%"
"2024-08-27","76.14","77.13","77.73","74.35","","-1.28%"
"2024-08-26","77.13","79.32","81.11","76.14","","-2.76%"
"2024-08-23","79.32","71.37","79.52","71.37","","11.14%"
"2024-08-22","71.37","74.15","74.35","70.77","","-4.01%"
"2024-08-21","74.35","69.78","74.75","69.78","","6.55%"
"2024-08-20","69.78","72.76","72.76","68.58","","-4.10%"
"2024-08-19","72.76","68.38","72.76","68.38","","6.41%"
"2024-08-16","68.38","65.80","68.58","65.60","","3.92%"
"2024-08-15","65.80","63.02","66.60","62.42","","10.33%"
"2024-08-14","59.64","59.24","60.63","58.25","","0.68%"
"2024-08-13","59.24","53.28","59.24","53.28","","11.19%"
"2024-08-12","53.28","58.05","58.05","53.28","","-8.22%"
"2024-08-09","58.05","53.47","58.44","53.47","","8.16%"
"2024-08-08","53.67","52.28","54.47","51.09","","15.87%"
"2024-08-07","46.32","55.06","55.46","46.32","","-6.04%"
"2024-08-06","49.30","44.13","54.27","44.13","","11.72%"
"2024-08-05","44.13","55.86","55.86","42.54","","-21.00%"
"2024-08-02","55.86","64.21","64.21","50.69","","-13.00%"
"2024-08-01","64.21","71.96","72.36","61.03","","-10.77%"
"2024-07-31","71.96","69.78","76.14","69.78","","3.12%"
"2024-07-30","69.78","69.58","70.17","67.59","","0.29%"
"2024-07-29","69.58","69.58","69.78","67.19","","0.00%"
"2024-07-26","69.58","61.43","71.37","61.43","","13.27%"
"2024-07-25","61.43","61.03","67.99","61.03","","5.12%"
"2024-07-24","58.44","67.19","67.19","58.44","","-13.02%"
"2024-07-23","67.19","68.78","69.38","66.60","","-2.31%"
"2024-07-22","68.78","63.81","68.78","62.02","","7.79%"
"2024-07-19","63.81","69.38","69.38","62.82","","-8.03%"
"2024-07-18","69.38","75.34","78.92","69.18","","-7.91%"
"2024-07-17","75.34","75.74","78.13","75.14","","-0.53%"
"2024-07-16","75.74","66.99","75.74","66.99","","13.06%"
"2024-07-15","66.99","69.38","70.57","66.99","","-2.32%"
"2024-07-12","68.58","62.42","72.16","62.42","","9.87%"
"2024-07-11","62.42","50.89","62.82","50.89","","22.66%"
"2024-07-10","50.89","43.73","50.89","43.73","","16.37%"
"2024-07-09","43.73","44.53","47.51","41.94","","-1.80%"
"2024-07-08","44.53","43.73","45.32","42.14","","1.83%"
"2024-07-05","43.73","45.72","45.72","39.76","","-4.35%"
"2024-07-03","45.72","44.53","47.31","44.13","","2.67%"
"2024-07-02","44.53","39.76","44.73","39.76","","12.00%"
"2024-07-01","39.76","46.71","49.30","39.16","","-14.88%"
"2024-06-28","46.71","47.71","51.09","44.93","","-2.10%"
"2024-06-27","47.71","46.12","47.71","43.53","","3.45%"
"2024-06-26","46.12","49.90","49.90","44.73","","-7.58%"
"2024-06-25","49.90","58.05","58.05","47.91","","-14.04%"
"2024-06-24","58.05","52.08","61.03","52.08","","11.46%"
"2024-06-21","52.08","50.89","53.08","50.29","","2.34%"
"2024-06-20","50.89","47.91","52.28","47.91","","6.22%"
"2024-06-18","47.91","47.91","49.30","45.52","","5.25%"
"2024-06-17","45.52","42.34","46.52","39.36","","7.51%"
"2024-06-14","42.34","46.32","46.32","39.56","","-8.59%"
"2024-06-13","46.32","47.91","47.91","42.34","","-3.32%"
"2024-06-12","47.91","52.28","52.28","45.92","","6.63%"
"2024-06-11","44.93","48.31","48.31","41.35","","-7.00%"
"2024-06-10","48.31","48.11","49.50","44.93","","0.42%"
"2024-06-07","48.11","48.90","50.29","47.71","","-1.62%"
"2024-06-06","48.90","49.70","51.09","48.50","","1.64%"
"2024-06-05","48.11","47.31","48.31","44.73","","1.69%"
"2024-06-04","47.31","48.70","48.70","45.52","","-2.85%"
"2024-06-03","48.70","50.29","50.29","43.73","","-3.16%"
"2024-05-31","50.29","45.92","50.49","43.53","","18.78%"
"2024-05-30","42.34","36.38","42.34","36.38","","16.38%"
"2024-05-29","36.38","42.74","42.74","36.38","","-14.88%"
"2024-05-28","42.74","49.90","50.09","42.14","","-14.35%"
"2024-05-24","49.90","46.32","50.89","46.32","","7.73%"
"2024-05-23","46.32","53.08","54.47","46.32","","-19.53%"
"2024-05-22","57.56","60.35","60.95","57.17","","-4.62%"
"2024-05-21","60.35","60.75","61.35","58.96","","-0.66%"
"2024-05-20","60.75","64.01","64.01","60.35","","-5.09%"
"2024-05-17","64.01","63.02","64.01","61.63","","1.57%"
"2024-05-16","63.02","64.01","64.41","62.42","","-1.55%"
"2024-05-15","64.01","64.81","64.81","63.02","","4.54%"
"2024-05-14","61.23","57.85","62.62","56.46","","6.01%"
"2024-05-13","57.76","56.97","60.55","56.77","","1.39%"
"2024-05-10","56.97","56.57","58.56","55.57","","0.71%"
"2024-05-09","56.57","50.59","56.57","50.39","","11.82%"
"2024-05-08","50.59","52.19","52.19","50.00","","-3.07%"
"2024-05-07","52.19","49.90","53.98","49.90","","4.59%"
"2024-05-06","49.90","42.34","49.90","42.34","","17.86%"
"2024-05-03","42.34","44.73","44.73","40.35","","3.90%"
"2024-05-02","40.75","37.57","41.35","35.98","","6.23%"
"2024-05-01","38.36","38.96","44.93","36.58","","-1.54%"
"2024-04-30","38.96","49.50","49.50","38.96","","-21.29%"
"2024-04-29","49.50","44.73","49.50","44.73","","10.66%"
"2024-04-26","44.73","44.33","46.71","44.13","","6.15%"
"2024-04-25","42.14","39.56","43.73","38.76","","-5.79%"
"2024-04-24","44.73","43.33","44.73","41.74","","3.23%"
"2024-04-23","43.33","40.35","44.93","40.35","","7.92%"
"2024-04-22","40.15","34.59","43.53","33.39","","16.07%"
"2024-04-19","34.59","29.22","34.99","29.22","","18.38%"
"2024-04-18","29.22","30.61","32.80","27.83","","2.81%"
"2024-04-17","28.42","29.82","33.00","25.84","","-4.69%"
"2024-04-16","29.82","35.18","35.18","27.63","","-15.24%"
"2024-04-15","35.18","40.55","43.53","33.20","","-13.24%"
"2024-04-12","40.55","46.52","46.71","37.17","","-27.67%"
"2024-04-11","56.06","57.45","59.24","49.50","","-2.42%"
"2024-04-10","57.45","74.55","74.55","54.67","","-22.94%"
"2024-04-09","74.55","72.16","74.55","68.38","","3.31%"
"2024-04-08","72.16","70.97","74.35","70.97","","1.68%"
"2024-04-05","70.97","65.40","70.97","65.00","","8.52%"
"2024-04-04","65.40","72.36","76.54","64.41","","-9.62%"
"2024-04-03","72.36","72.56","73.35","70.77","","-0.28%"
"2024-04-02","72.56","78.52","78.52","70.17","","-7.59%"
"2024-04-01","78.52","83.30","83.30","78.52","","-5.74%"
"2024-03-28","83.30","82.50","84.69","82.50","","0.97%"
"2024-03-27","82.50","72.76","82.50","72.76","","13.48%"
"2024-03-26","72.70","73.70","76.29","72.70","","-1.36%"
"2024-03-25","73.70","75.74","75.94","73.35","","-2.69%"
"2024-03-22","75.74","80.11","80.11","74.95","","-5.46%"
"2024-03-21","80.11","79.92","80.51","79.32","","3.06%"
"2024-03-20","77.73","72.96","77.73","72.76","","6.54%"
"2024-03-19","72.96","70.37","72.96","69.58","","3.68%"
"2024-03-18","70.37","69.58","72.56","69.58","","1.14%"
"2024-03-15","69.58","70.97","71.96","68.38","","-1.96%"
"2024-03-14","70.97","73.95","73.95","67.99","","-7.99%"
"2024-03-13","77.13","76.34","80.71","75.34","","1.03%"
"2024-03-12","76.34","79.08","79.08","73.90","","-3.46%"
"2024-03-11","79.08","75.89","79.08","73.50","","4.20%"
"2024-03-08","75.89","73.90","77.29","73.90","","2.69%"
"2024-03-07","73.90","71.31","75.89","71.31","","3.63%"
"2024-03-06","71.31","67.13","73.10","67.13","","6.23%"
"2024-03-05","67.13","71.31","72.11","65.93","","-5.86%"
"2024-03-04","71.31","68.58","71.31","68.19","","4.28%"
"2024-03-01","68.38","66.00","68.38","61.63","","3.61%"
"2024-02-29","66.00","64.01","68.58","64.01","","3.11%"
"2024-02-28","64.01","62.22","65.80","62.22","","2.88%"
"2024-02-27","62.22","60.83","63.02","60.83","","2.29%"
"2024-02-26","60.83","66.40","66.40","60.63","","-8.39%"
"2024-02-23","66.40","66.00","67.39","66.00","","3.09%"
"2024-02-22","64.41","63.41","66.00","60.03","","1.58%"
"2024-02-21","63.41","58.64","63.41","58.64","","8.13%"
"2024-02-20","58.64","59.04","61.43","57.85","","-0.68%"
"2024-02-16","59.04","62.22","62.82","58.64","","-5.11%"
"2024-02-15","62.22","61.23","63.41","60.63","","13.81%"
"2024-02-14","54.67","51.68","54.67","51.68","","5.79%"
"2024-02-13","51.68","64.61","64.61","47.91","","-20.01%"
"2024-02-12","64.61","61.82","67.39","61.63","","4.51%"
"2024-02-09","61.82","61.82","61.82","58.84","","0.00%"
"2024-02-08","61.82","62.62","62.62","59.04","","-1.28%"
"2024-02-07","62.62","62.42","63.81","61.03","","0.32%"
"2024-02-06","62.42","57.76","63.02","57.76","","8.07%"
"2024-02-05","57.76","64.74","64.74","54.58","","-10.78%"
"2024-02-02","64.74","70.11","70.11","58.76","","-7.66%"
"2024-02-01","70.11","64.01","70.17","57.65","","9.53%"
"2024-01-31","64.01","73.95","73.95","63.81","","-13.44%"
"2024-01-30","73.95","76.93","76.93","69.78","","-3.87%"
"2024-01-29","76.93","75.34","76.93","71.96","","2.11%"
"2024-01-26","75.34","76.14","76.54","74.35","","-1.05%"
"2024-01-25","76.14","70.57","76.14","69.38","","7.89%"
"2024-01-24","70.57","76.14","77.33","69.98","","-7.32%"
"2024-01-23","76.14","75.34","77.73","74.15","","1.06%"
"2024-01-22","75.34","73.95","76.93","73.95","","1.88%"
"2024-01-19","73.95","71.76","75.14","67.79","","3.05%"
"2024-01-18","71.76","70.17","71.96","66.00","","2.27%"
"2024-01-17","70.17","71.37","74.95","67.19","","-9.96%"
"2024-01-16","77.93","82.10","82.10","76.54","","-5.08%"
"2024-01-12","82.10","84.09","84.09","81.51","","-1.44%"
"2024-01-11","83.30","83.30","83.30","80.71","","-1.17%"
"2024-01-10","84.29","85.88","85.88","83.10","","-1.85%"
"2024-01-09","85.88","90.05","90.05","84.49","","-4.63%"
"2024-01-08","90.05","84.69","90.05","84.69","","2.95%"
"2024-01-05","87.47","88.66","89.06","85.68","","-0.91%"
"2024-01-04","88.27","90.85","91.05","88.27","","-2.84%"
"2024-01-03","90.85","91.25","91.45","90.05","","-0.44%"
"2024-01-02","91.25","89.06","92.44","89.06","","2.46%"
"2023-12-29","89.06","88.66","89.86","87.87","","0.45%"
"2023-12-28","88.66","88.66","89.86","88.66","","0.00%"
"2023-12-27","88.66","89.66","89.66","88.27","","-1.12%"
"2023-12-26","89.66","88.86","90.25","88.86","","0.90%"
"2023-12-22","88.86","87.47","90.45","87.47","","1.59%"
"2023-12-21","87.47","86.28","87.47","84.69","","4.02%"
"2023-12-20","84.09","89.66","89.86","84.09","","-6.21%"
"2023-12-19","89.66","87.87","89.66","87.87","","2.04%"
"2023-12-18","87.87","86.28","89.26","86.28","","1.84%"
"2023-12-15","86.28","88.86","88.86","85.08","","-2.90%"
"2023-12-14","88.86","89.06","90.85","88.27","","-0.22%"
"2023-12-13","89.06","84.49","89.06","83.49","","5.41%"
"2023-12-12","84.49","85.08","85.08","83.69","","-0.69%"
"2023-12-11","85.08","82.10","85.88","82.10","","3.63%"
"2023-12-08","82.10","80.31","82.30","80.31","","0.97%"
"2023-12-07","81.31","80.31","81.51","80.31","","1.74%"
"2023-12-06","79.92","82.10","82.50","79.92","","-2.66%"
"2023-12-05","82.10","84.69","84.69","81.51","","-3.06%"
"2023-12-04","84.69","85.48","85.48","83.30","","-0.24%"
"2023-12-01","84.89","79.72","84.89","79.72","","6.49%"
"2023-11-30","79.72","76.54","79.72","76.54","","4.15%"
"2023-11-29","76.54","78.92","78.92","76.54","","0.79%"
"2023-11-28","75.94","74.15","78.13","73.75","","2.41%"
"2023-11-27","74.15","76.14","76.14","72.96","","-2.61%"
"2023-11-24","76.14","73.55","76.73","73.55","","3.52%"
"2023-11-22","73.55","73.16","74.35","71.76","","4.82%"
"2023-11-21","70.17","71.96","71.96","68.98","","-2.49%"
"2023-11-20","71.96","70.97","72.96","68.98","","1.39%"
"2023-11-17","70.97","66.20","70.97","66.20","","7.21%"
"2023-11-16","66.20","68.38","68.58","66.20","","-3.75%"
"2023-11-15","68.78","70.57","73.95","68.58","","2.67%"
"2023-11-14","66.99","46.52","68.38","46.52","","44.00%"
"2023-11-13","46.52","48.70","48.90","45.12","","-4.48%"
"2023-11-10","48.70","40.55","48.70","40.55","","20.10%"
"2023-11-09","40.55","45.12","46.91","39.76","","-10.13%"
"2023-11-08","45.12","44.73","46.52","41.15","","0.87%"
"2023-11-07","44.73","43.73","47.11","43.73","","-2.17%"
"2023-11-06","45.72","49.30","49.30","43.93","","-7.26%"
"2023-11-03","49.30","50.69","52.88","47.91","","23.37%"
"2023-11-02","39.96","24.85","40.15","24.85","","60.80%"
"2023-11-01","24.85","19.48","26.24","19.08","","27.57%"
"2023-10-31","19.48","13.91","19.68","13.91","","40.04%"
"2023-10-30","13.91","10.33","14.71","10.33","","34.66%"
"2023-10-27","10.33","14.51","14.51","9.74","","-28.81%"
"2023-10-26","14.51","15.50","17.89","14.51","","1.40%"
"2023-10-25","14.31","16.30","17.69","14.11","","-12.21%"
"2023-10-24","16.30","13.71","17.69","13.71","","18.89%"
"2023-10-23","13.71","15.10","16.10","12.92","","-9.21%"
"2023-10-20","15.10","21.47","21.47","15.10","","-29.67%"
"2023-10-19","21.47","27.88","28.42","20.07","","-22.99%"
"2023-10-18","27.88","35.05","35.05","27.49","","-20.46%"
"2023-10-17","35.05","31.47","40.03","31.07","","11.38%"
"2023-10-16","31.47","25.64","33.79","25.64","","22.74%"
"2023-10-13","25.64","26.64","29.02","24.45","","-3.75%"
"2023-10-12","26.64","31.80","31.80","23.26","","-16.23%"
"2023-10-11","31.80","24.45","32.00","24.45","","30.06%"
"2023-10-10","24.45","23.26","31.21","23.26","","5.12%"
"2023-10-09","23.26","17.29","23.45","17.29","","34.53%"
"2023-10-06","17.29","12.12","19.28","10.33","","42.66%"
"2023-10-05","12.12","10.73","13.12","10.13","","12.95%"
"2023-10-04","10.73","7.35","10.73","6.36","","45.99%"
"2023-10-03","7.35","12.12","12.12","6.56","","-39.36%"
"2023-10-02","12.12","14.71","14.71","10.33","","-17.61%"
"2023-09-29","14.71","19.08","20.47","14.11","","-22.90%"
"2023-09-28","19.08","15.30","20.67","15.30","","24.71%"
"2023-09-27","15.30","13.71","16.50","13.12","","11.60%"
"2023-09-26","13.71","17.09","17.09","13.51","","-29.62%"
"2023-09-25","19.48","18.09","19.88","16.89","","7.68%"
"2023-09-22","18.09","18.29","22.06","18.09","","-1.09%"
"2023-09-21","18.29","27.43","27.43","18.29","","-33.32%"
"2023-09-20","27.43","30.41","36.38","27.43","","-9.80%"
"2023-09-19","30.41","33.79","33.79","28.03","","-10.00%"
"2023-09-18","33.79","32.60","34.79","29.82","","3.65%"
"2023-09-15","32.60","37.77","37.77","31.80","","-13.69%"
"2023-09-14","37.77","34.19","38.56","33.99","","16.57%"
"2023-09-13","32.40","34.19","34.19","30.41","","-5.24%"
"2023-09-12","34.19","35.78","36.77","33.39","","-4.44%"
"2023-09-11","35.78","33.59","36.77","33.59","","6.52%"
"2023-09-08","33.59","33.79","35.38","32.40","","-0.59%"
"2023-09-07","33.79","33.20","34.99","31.21","","-0.59%"
"2023-09-06","33.99","36.50","36.50","32.14","","-6.88%"
"2023-09-05","36.50","40.47","42.26","36.50","","-20.51%"
"2023-09-01","45.92","43.14","47.51","43.14","","6.44%"
"2023-08-31","43.14","46.41","47.01","42.94","","-7.05%"
"2023-08-30","46.41","44.53","47.91","43.93","","4.22%"
"2023-08-29","44.53","35.78","44.53","35.78","","24.46%"
"2023-08-28","35.78","32.40","37.77","32.40","","10.43%"
"2023-08-25","32.40","29.82","34.59","27.63","","8.65%"
"2023-08-24","29.82","35.98","39.56","29.82","","-17.12%"
"2023-08-23","35.98","30.61","36.38","30.61","","17.54%"
"2023-08-22","30.61","33.99","33.99","30.61","","-9.94%"
"2023-08-21","33.99","33.39","34.59","30.81","","1.80%"
"2023-08-18","33.39","33.59","34.59","31.80","","-0.60%"
"2023-08-17","33.59","39.76","41.35","33.20","","-15.52%"
"2023-08-16","39.76","45.92","46.32","39.76","","-13.41%"
"2023-08-15","45.92","54.27","54.27","45.32","","-15.39%"
"2023-08-14","54.27","51.68","54.67","51.68","","-0.73%"
"2023-08-11","54.67","53.87","56.26","53.28","","-3.83%"
"2023-08-10","56.85","57.25","64.01","55.86","","-0.70%"
"2023-08-09","57.25","58.44","60.63","57.05","","-2.04%"
"2023-08-08","58.44","65.00","65.00","54.67","","-10.09%"
"2023-08-07","65.00","60.03","65.60","60.03","","8.28%"
"2023-08-04","60.03","65.40","66.79","60.03","","-8.49%"
"2023-08-03","65.60","72.56","72.56","62.62","","-9.59%"
"2023-08-02","72.56","79.12","79.12","70.37","","-8.29%"
"2023-08-01","79.12","81.31","81.31","77.53","","-2.69%"
"2023-07-31","81.31","82.30","82.30","79.92","","1.50%"
"2023-07-28","80.11","80.11","81.90","79.52","","0.00%"
"2023-07-27","80.11","86.48","86.48","79.92","","-7.37%"
"2023-07-26","86.48","87.07","87.07","84.69","","-0.68%"
"2023-07-25","87.07","88.46","88.46","86.28","","-1.57%"
"2023-07-24","88.46","89.06","89.26","87.27","","2.07%"
"2023-07-21","86.67","86.28","88.07","85.88","","0.45%"
"2023-07-20","86.28","83.30","87.07","83.30","","3.58%"
"2023-07-19","83.30","83.89","84.69","81.90","","4.75%"
"2023-07-18","79.52","80.31","83.30","77.13","","-0.98%"
"2023-07-17","80.31","82.07","83.06","80.07","","-2.14%"
"2023-07-14","82.07","85.05","85.05","81.87","","-3.50%"
"2023-07-13","85.05","83.26","85.05","83.26","","2.15%"
"2023-07-12","83.26","82.53","84.52","82.53","","5.97%"
"2023-07-11","78.57","75.79","78.57","74.60","","7.03%"
"2023-07-10","73.41","72.96","74.55","71.37","","2.86%"
"2023-07-07","71.37","70.77","76.14","70.77","","-0.82%"
"2023-07-06","71.96","69.38","71.96","65.20","","-5.24%"
"2023-07-05","75.94","74.35","76.73","73.75","","-1.54%"
"2023-07-03","77.13","74.55","77.33","74.55","","6.59%"
"2023-06-30","72.36","71.37","73.35","70.57","","6.74%"
"2023-06-29","67.79","65.60","67.99","64.81","","9.30%"
"2023-06-28","62.02","60.63","62.42","60.03","","-2.19%"
"2023-06-27","63.41","59.44","64.41","57.45","","11.54%"
"2023-06-26","56.85","54.27","58.25","53.87","","8.33%"
"2023-06-23","52.48","53.28","56.26","52.08","","-10.81%"
"2023-06-22","58.84","59.64","59.64","56.46","","-5.74%"
"2023-06-21","62.42","58.64","64.41","58.64","","-1.27%"
"2023-06-20","63.22","65.60","65.60","62.22","","-7.82%"
"2023-06-16","68.58","69.38","70.17","67.79","","1.17%"
"2023-06-15","67.79","64.21","68.58","63.22","","9.30%"
"2023-06-14","62.02","64.61","65.40","60.43","","-1.59%"
"2023-06-13","63.02","62.82","63.61","62.22","","11.62%"
"2023-06-12","56.46","55.37","56.46","53.98","","2.69%"
"2023-06-09","54.98","55.97","57.37","54.98","","-1.77%"
"2023-06-08","55.97","52.58","56.37","52.58","","-1.41%"
"2023-06-07","56.77","52.68","56.85","52.68","","11.55%"
"2023-06-06","50.89","47.71","52.08","47.71","","8.02%"
"2023-06-05","47.11","49.70","49.70","46.71","","-7.06%"
"2023-06-02","50.69","39.36","51.49","39.36","","47.40%"
"2023-06-01","34.39","29.22","34.99","29.22","","20.16%"
"2023-05-31","28.62","27.63","29.42","25.24","","-13.80%"
"2023-05-30","33.20","35.78","35.78","32.20","","-5.63%"
"2023-05-26","35.18","32.40","35.78","32.40","","14.18%"
"2023-05-25","30.81","29.42","31.41","27.03","","-1.91%"
"2023-05-24","31.41","37.17","37.17","31.41","","-22.92%"
"2023-05-23","40.75","47.42","49.20","40.75","","-18.50%"
"2023-05-22","50.00","50.99","52.57","48.21","","0.40%"
"2023-05-19","49.80","52.97","54.36","48.21","","-0.40%"
"2023-05-18","50.00","45.03","50.19","44.84","","7.04%"
"2023-05-17","46.71","42.34","47.51","39.76","","18.07%"
"2023-05-16","39.56","44.84","44.84","39.48","","-17.60%"
"2023-05-15","48.01","46.71","48.50","43.73","","4.55%"
"2023-05-12","45.92","48.31","48.31","43.33","","-0.43%"
"2023-05-11","46.12","45.92","46.12","43.53","","-5.30%"
"2023-05-10","48.70","53.67","53.67","44.73","","-2.01%"
"2023-05-09","49.70","49.30","51.29","48.90","","-5.66%"
"2023-05-08","52.68","54.07","54.07","50.89","","1.93%"
"2023-05-05","51.68","48.50","52.48","48.50","","21.49%"
"2023-05-04","42.54","45.12","45.12","40.75","","-4.47%"
"2023-05-03","44.53","49.10","51.68","44.53","","-4.67%"
"2023-05-02","46.71","50.49","50.49","42.94","","-21.15%"
"2023-05-01","59.24","62.02","64.01","59.04","","1.70%"
"2023-04-28","58.25","51.88","58.84","51.88","","14.91%"
"2023-04-27","50.69","43.14","50.69","42.14","","34.21%"
"2023-04-26","37.77","46.12","46.12","37.17","","-18.46%"
"2023-04-25","46.32","51.49","51.68","46.32","","-21.01%"
"2023-04-24","58.64","58.05","59.24","55.46","","3.49%"
"2023-04-21","56.66","56.46","57.05","53.47","","-1.03%"
"2023-04-20","57.25","55.26","58.25","53.67","","-3.03%"
"2023-04-19","59.04","57.45","59.44","55.86","","-1.65%"
"2023-04-18","60.03","60.43","60.43","57.05","","4.86%"
"2023-04-17","57.25","54.07","57.25","53.67","","6.67%"
"2023-04-14","53.67","56.85","59.04","50.69","","0.00%"
"2023-04-13","53.67","54.07","55.86","48.90","","8.42%"
"2023-04-12","49.50","54.07","55.86","48.90","","-1.96%"
"2023-04-11","50.49","50.49","53.08","50.29","","5.39%"
"2023-04-10","47.91","40.95","47.91","40.95","","12.10%"
"2023-04-06","42.74","40.95","44.13","40.95","","0.00%"
"2023-04-05","42.74","40.75","43.33","40.15","","-0.93%"
"2023-04-04","43.14","50.69","50.69","40.75","","-16.22%"
"2023-04-03","51.49","52.68","52.68","47.91","","5.73%"
"2023-03-31","48.70","40.55","48.70","40.55","","28.94%"
"2023-03-30","37.77","38.17","39.76","34.39","","19.49%"
"2023-03-29","31.61","29.02","32.80","29.02","","28.24%"
"2023-03-28","24.65","22.86","26.04","22.86","","2.49%"
"2023-03-27","24.05","25.84","26.64","24.05","","5.62%"
"2023-03-24","22.77","18.21","22.77","18.01","","25.04%"
"2023-03-23","18.21","19.80","24.15","16.83","","-2.15%"
"2023-03-22","18.61","24.75","27.12","18.61","","-23.89%"
"2023-03-21","24.45","26.64","26.64","22.46","","0.82%"
"2023-03-20","24.25","21.47","25.04","20.87","","21.98%"
"2023-03-17","19.88","21.27","21.27","18.29","","-14.53%"
"2023-03-16","23.26","17.29","23.26","16.89","","31.49%"
"2023-03-15","17.69","15.90","17.89","14.51","","-18.33%"
"2023-03-14","21.66","21.47","23.26","17.29","","34.53%"
"2023-03-13","16.10","15.70","20.07","15.70","","-1.23%"
"2023-03-10","16.30","19.68","24.45","15.90","","-32.78%"
"2023-03-09","24.25","38.36","38.56","24.25","","-35.11%"
"2023-03-08","37.37","35.78","38.76","33.39","","4.44%"
"2023-03-07","35.78","46.32","47.71","35.38","","-26.53%"
"2023-03-06","48.70","50.89","53.47","47.91","","-4.68%"
"2023-03-03","51.09","44.53","51.88","42.94","","17.91%"
"2023-03-02","43.33","34.39","43.33","34.39","","7.92%"
"2023-03-01","40.15","40.15","41.94","38.76","","-3.81%"
"2023-02-28","41.74","44.33","46.91","41.74","","-8.71%"
"2023-02-27","45.72","49.10","51.09","44.53","","5.03%"
"2023-02-24","43.53","40.95","44.53","38.17","","-12.77%"
"2023-02-23","49.90","51.68","51.68","41.94","","7.73%"
"2023-02-22","46.32","49.70","52.28","44.73","","-4.49%"
"2023-02-21","48.50","56.66","56.66","48.50","","-23.04%"
"2023-02-17","63.02","61.03","63.02","59.44","","-1.55%"
"2023-02-16","64.01","63.22","67.39","63.22","","-6.39%"
"2023-02-15","68.38","64.81","68.78","64.01","","-0.29%"
"2023-02-14","68.58","72.56","72.56","63.81","","-5.49%"
"2023-02-13","72.56","64.81","72.56","64.81","","11.63%"
"2023-02-10","65.00","61.63","65.60","60.43","","4.13%"
"2023-02-09","62.42","69.58","69.58","61.23","","-7.37%"
"2023-02-08","67.39","69.18","69.78","67.19","","-5.58%"
"2023-02-07","71.37","65.20","71.96","63.61","","6.54%"
"2023-02-06","66.99","67.19","68.58","65.80","","-3.44%"
"2023-02-03","69.38","71.76","71.76","68.58","","-6.43%"
"2023-02-02","74.15","73.75","76.93","72.36","","-1.07%"
"2023-02-01","74.95","71.57","77.33","68.58","","1.63%"
"2023-01-31","73.75","68.98","73.75","67.59","","9.11%"
"2023-01-30","67.59","68.98","72.16","67.39","","-6.59%"
"2023-01-27","72.36","68.98","73.35","68.98","","-0.55%"
"2023-01-26","72.76","69.18","72.76","67.99","","7.97%"
"2023-01-25","67.39","59.84","67.39","57.25","","-0.30%"
"2023-01-24","67.59","64.01","68.58","62.62","","-1.73%"
"2023-01-23","68.78","60.23","72.16","60.23","","12.70%"
"2023-01-20","61.03","46.71","61.03","46.71","","27.38%"
"2023-01-19","47.91","52.48","52.48","44.53","","-16.90%"
"2023-01-18","57.65","73.95","75.14","57.65","","-21.83%"
"2023-01-17","73.75","75.79","78.17","73.55","","-3.20%"
"2023-01-13","76.19","70.83","76.38","70.83","","0.00%"
"2023-01-12","76.19","75.99","77.38","70.43","","0.53%"
"2023-01-11","75.79","67.06","75.79","67.06","","15.76%"
"2023-01-10","65.47","64.08","66.26","60.91","","3.77%"
"2023-01-09","63.09","66.99","71.76","63.09","","-2.94%"
"2023-01-06","65.00","52.88","66.40","52.88","","52.08%"
"2023-01-05","42.74","42.14","46.71","41.74","","-20.37%"
"2023-01-04","53.67","50.49","58.05","48.50","","16.88%"
"2023-01-03","45.92","51.09","51.09","39.36","","2.66%"
"2022-12-30","44.73","46.91","47.11","39.16","","-15.73%"
"2022-12-29","53.08","43.53","54.87","43.53","","32.83%"
"2022-12-28","39.96","54.07","54.27","39.96","","-25.54%"
"2022-12-27","53.67","52.38","55.35","51.38","","0.19%"
"2022-12-23","53.57","48.21","53.57","44.84","","8.88%"
"2022-12-22","49.20","49.00","49.20","36.30","","-17.62%"
"2022-12-21","59.72","55.15","61.50","54.56","","21.88%"
"2022-12-20","49.00","49.60","52.97","48.21","","0.00%"
"2022-12-19","49.00","55.97","56.57","45.81","","-13.99%"
"2022-12-16","56.97","57.17","58.16","52.39","","-11.73%"
"2022-12-15","64.54","70.77","70.77","63.41","","-17.80%"
"2022-12-14","78.52","82.10","83.10","76.54","","-2.71%"
"2022-12-13","80.71","87.87","87.87","79.72","","0.75%"
"2022-12-12","80.11","76.34","80.11","75.54","","3.86%"
"2022-12-09","77.13","77.33","79.12","76.93","","-2.02%"
"2022-12-08","78.72","78.52","81.31","77.93","","1.53%"
"2022-12-07","77.53","77.93","79.32","76.73","","-0.26%"
"2022-12-06","77.73","81.11","81.11","76.34","","-5.55%"
"2022-12-05","82.30","88.86","88.86","81.70","","-9.01%"
"2022-12-02","90.45","88.27","90.65","88.27","","-0.44%"
"2022-12-01","90.85","92.44","92.44","89.86","","-1.51%"
"2022-11-30","92.24","86.08","92.24","84.29","","7.41%"
"2022-11-29","85.88","86.08","86.87","84.89","","0.70%"
"2022-11-28","85.28","88.27","88.27","85.28","","-4.46%"
"2022-11-25","89.26","88.66","90.05","88.66","","-0.45%"
"2022-11-23","89.66","88.27","89.66","87.47","","2.50%"
"2022-11-22","87.47","85.28","87.47","84.49","","5.26%"
"2022-11-21","83.10","84.49","84.49","82.50","","0.73%"
"2022-11-18","82.50","81.90","82.50","80.51","","4.80%"
"2022-11-17","78.72","76.14","79.12","75.14","","-2.47%"
"2022-11-16","80.71","81.70","82.30","80.51","","-0.98%"
"2022-11-15","81.51","82.70","82.70","79.32","","4.86%"
"2022-11-14","77.73","81.31","83.69","77.73","","-4.64%"
"2022-11-11","81.51","82.50","82.50","78.72","","-0.20%"
"2022-11-10","81.67","74.30","82.07","74.30","","40.91%"
"2022-11-09","57.96","61.95","64.34","57.96","","-10.20%"
"2022-11-08","64.54","63.02","68.19","60.63","","3.73%"
"2022-11-07","62.22","60.83","62.62","56.85","","8.45%"
"2022-11-04","57.37","55.97","59.36","52.39","","17.08%"
"2022-11-03","49.00","45.61","52.98","45.61","","-1.61%"
"2022-11-02","49.80","60.15","61.35","49.60","","-20.88%"
"2022-11-01","62.94","66.73","66.73","61.35","","1.60%"
"2022-10-31","61.95","60.75","64.34","60.35","","-2.30%"
"2022-10-28","63.41","54.47","63.61","53.08","","24.11%"
"2022-10-27","51.09","55.06","57.25","51.09","","4.05%"
"2022-10-26","49.10","51.29","56.46","48.90","","4.67%"
"2022-10-25","46.91","38.76","46.91","38.76","","31.84%"
"2022-10-24","35.58","32.20","36.58","31.61","","22.61%"
"2022-10-21","29.02","21.86","29.02","21.47","","64.05%"
"2022-10-20","17.69","21.66","25.04","16.89","","-16.04%"
"2022-10-19","21.07","24.25","24.25","18.09","","-12.39%"
"2022-10-18","24.05","25.84","25.84","21.47","","39.10%"
"2022-10-17","17.29","15.93","17.89","15.13","","57.90%"
"2022-10-14","10.95","19.12","19.12","10.75","","-34.55%"
"2022-10-13","16.73","8.15","18.29","8.15","","55.92%"
"2022-10-12","10.73","10.73","11.92","10.73","","-6.94%"
"2022-10-11","11.53","10.33","14.11","9.94","","-1.62%"
"2022-10-10","11.72","12.12","13.12","9.94","","7.23%"
"2022-10-07","10.93","13.71","13.71","9.94","","-36.31%"
"2022-10-06","17.16","21.35","21.35","16.76","","-18.09%"
"2022-10-05","20.95","16.96","22.75","15.76","","2.95%"
"2022-10-04","20.35","15.53","20.35","15.53","","169.18%"
"2022-10-03","7.56","4.57","8.54","3.77","","171.94%"
"2022-09-30","2.78","3.57","5.16","2.78","","-48.13%"
"2022-09-29","5.36","6.16","6.16","4.17","","-22.88%"
"2022-09-28","6.95","3.37","7.35","3.37","","118.55%"
"2022-09-27","3.18","3.37","4.97","2.58","","6.71%"
"2022-09-26","2.98","4.37","4.57","2.78","","-31.81%"
"2022-09-23","4.37","4.97","4.97","2.18","","-56.86%"
"2022-09-22","10.13","10.33","12.52","10.13","","-31.14%"
"2022-09-21","14.71","21.47","24.85","14.71","","-29.52%"
"2022-09-20","20.87","24.45","24.45","17.69","","-30.46%"
"2022-09-19","30.01","21.07","30.01","21.07","","23.75%"
"2022-09-16","24.25","24.85","25.24","20.87","","-22.80%"
"2022-09-15","31.41","34.19","39.36","31.01","","-12.70%"
"2022-09-14","35.98","35.58","37.57","32.00","","-2.15%"
"2022-09-13","36.77","53.08","53.28","36.77","","-48.33%"
"2022-09-12","71.17","69.38","71.57","67.59","","11.88%"
"2022-09-09","63.61","58.64","65.20","57.25","","20.75%"
"2022-09-08","52.68","41.94","52.68","41.94","","9.96%"
"2022-09-07","47.91","32.60","48.90","32.60","","46.96%"
"2022-09-06","32.60","38.36","38.36","30.01","","-2.37%"
"2022-09-02","33.39","46.52","49.90","32.60","","-18.06%"
"2022-09-01","40.75","33.39","40.75","29.82","","-0.49%"
"2022-08-31","40.95","48.50","51.68","40.95","","-14.88%"
"2022-08-30","48.11","58.44","58.44","45.92","","-16.26%"
"2022-08-29","57.45","56.46","61.63","53.87","","-9.40%"
"2022-08-26","63.41","84.49","84.49","63.22","","-24.77%"
"2022-08-25","84.29","80.71","84.29","80.71","","7.08%"
"2022-08-24","78.72","73.55","81.31","73.55","","1.27%"
"2022-08-23","77.73","79.52","81.31","76.73","","-1.26%"
"2022-08-22","78.72","83.30","83.30","78.33","","-11.01%"
"2022-08-19","88.46","91.65","91.65","87.87","","-4.10%"
"2022-08-18","92.24","90.85","92.24","90.05","","0.64%"
"2022-08-17","91.65","91.05","92.44","89.46","","-0.21%"
"2022-08-16","91.84","91.84","92.04","90.65","","1.31%"
"2022-08-15","90.65","89.26","91.05","89.26","","-1.51%"
"2022-08-12","92.04","88.27","92.04","88.07","","6.20%"
"2022-08-11","86.67","86.87","89.46","86.67","","3.81%"
"2022-08-10","83.49","80.51","83.69","80.51","","14.43%"
"2022-08-09","72.96","73.75","74.35","71.37","","-0.80%"
"2022-08-08","73.55","76.34","79.12","72.76","","1.93%"
"2022-08-05","72.16","69.78","72.16","69.78","","0.56%"
"2022-08-04","71.76","72.56","74.15","71.76","","-3.48%"
"2022-08-03","74.35","73.75","75.74","72.36","","4.18%"
"2022-08-02","71.37","73.16","77.13","71.37","","-6.02%"
"2022-08-01","75.94","73.55","76.73","73.55","","-0.78%"
"2022-07-29","76.54","74.75","77.13","74.75","","2.95%"
"2022-07-28","74.35","64.61","74.55","62.82","","10.99%"
"2022-07-27","66.99","57.25","68.38","53.47","","28.14%"
"2022-07-26","52.28","54.07","55.66","50.89","","-11.75%"
"2022-07-25","59.24","54.47","60.03","54.07","","7.59%"
"2022-07-22","55.06","57.85","59.84","50.49","","-2.13%"
"2022-07-21","56.26","49.30","56.26","48.50","","13.20%"
"2022-07-20","49.70","45.92","51.29","45.92","","11.11%"
"2022-07-19","44.73","31.80","44.73","31.80","","99.15%"
"2022-07-18","22.46","32.80","32.80","22.46","","-18.71%"
"2022-07-15","27.63","23.45","27.63","20.67","","52.74%"
"2022-07-14","18.09","15.30","18.09","13.32","","-7.14%"
"2022-07-13","19.48","18.09","23.06","18.09","","-6.66%"
"2022-07-12","20.87","26.83","27.83","20.47","","-18.60%"
"2022-07-11","25.64","26.04","28.62","25.44","","-9.17%"
"2022-07-08","28.23","27.43","30.81","27.43","","-2.05%"
"2022-07-07","28.82","28.62","29.82","28.03","","9.00%"
"2022-07-06","26.44","25.64","27.83","22.86","","17.72%"
"2022-07-05","22.46","18.68","22.46","13.32","","-4.22%"
"2022-07-01","23.45","14.91","23.45","14.91","","61.61%"
"2022-06-30","14.51","11.53","16.89","10.73","","1.40%"
"2022-06-29","14.31","14.11","14.91","13.12","","2.88%"
"2022-06-28","13.91","26.19","26.19","13.88","","-37.40%"
"2022-06-27","22.22","21.78","22.97","20.59","","1.09%"
"2022-06-24","21.98","15.64","21.98","15.64","","131.37%"
"2022-06-23","9.50","6.73","9.90","6.73","","77.90%"
"2022-06-22","5.34","4.55","7.12","4.55","","12.42%"
"2022-06-21","4.75","4.95","5.74","4.75","","139.90%"
"2022-06-17","1.98","1.98","2.97","0.79","","0.00%"
"2022-06-16","1.98","2.77","2.77","1.38","","-62.92%"
"2022-06-15","5.34","5.74","7.32","4.55","","12.42%"
"2022-06-14","4.75","5.34","5.94","3.96","","4.40%"
"2022-06-13","4.55","7.53","7.53","4.36","","-61.11%"
"2022-06-10","11.70","14.65","15.64","11.68","","-49.06%"
"2022-06-09","22.97","32.47","33.26","22.97","","-33.71%"
"2022-06-08","34.65","40.79","43.96","34.65","","-27.08%"
"2022-06-07","47.52","34.65","47.72","33.66","","23.08%"
"2022-06-06","38.61","41.18","44.95","37.22","","10.19%"
"2022-06-03","35.04","38.01","38.81","34.25","","-18.81%"
"2022-06-02","43.16","31.68","43.16","28.11","","35.38%"
"2022-06-01","31.88","40.79","40.79","26.53","","-18.26%"
"2022-05-31","39.00","34.65","44.15","33.86","","-13.98%"
"2022-05-27","45.34","35.64","45.34","35.64","","49.69%"
"2022-05-26","30.29","25.54","31.88","25.54","","28.57%"
"2022-05-25","23.56","20.59","24.15","20.59","","12.24%"
"2022-05-24","20.99","17.42","20.99","14.05","","15.27%"
"2022-05-23","18.21","16.43","20.39","16.03","","29.61%"
"2022-05-20","14.05","16.63","16.63","10.29","","0.00%"
"2022-05-19","14.05","11.28","16.43","11.28","","-14.49%"
"2022-05-18","16.43","24.35","24.35","15.84","","-47.47%"
"2022-05-17","31.28","24.35","31.28","22.97","","42.31%"
"2022-05-16","21.98","20.59","24.35","18.41","","2.81%"
"2022-05-13","21.38","18.61","22.37","17.22","","30.13%"
"2022-05-12","16.43","15.47","16.43","12.30","","10.42%"
"2022-05-11","14.88","17.65","23.41","14.88","","-14.78%"
"2022-05-10","17.46","23.96","23.96","13.86","","-15.20%"
"2022-05-09","20.59","21.78","25.14","19.40","","-25.72%"
"2022-05-06","27.72","23.36","27.72","22.97","","-7.88%"
"2022-05-05","30.09","40.00","40.00","27.92","","-36.14%"
"2022-05-04","47.12","30.89","47.32","30.89","","66.44%"
"2022-05-03","28.31","25.94","32.47","25.94","","16.26%"
"2022-05-02","24.35","26.73","27.92","17.42","","-9.58%"
"2022-04-29","26.93","37.62","39.40","26.93","","-34.92%"
"2022-04-28","41.38","35.84","42.57","33.46","","20.82%"
"2022-04-27","34.25","37.02","38.61","33.46","","5.48%"
"2022-04-26","32.47","40.19","40.19","32.47","","-23.00%"
"2022-04-25","42.17","36.03","42.57","31.68","","-0.47%"
"2022-04-22","42.37","52.07","52.47","42.17","","-26.72%"
"2022-04-21","57.82","69.30","69.30","57.82","","-9.03%"
"2022-04-20","63.56","62.37","66.33","62.37","","6.64%"
"2022-04-19","59.60","51.78","59.80","51.78","","18.28%"
"2022-04-18","50.39","52.38","52.38","49.60","","-3.06%"
"2022-04-14","51.98","54.36","54.76","51.98","","-4.38%"
"2022-04-13","54.36","51.58","54.76","50.99","","9.16%"
"2022-04-12","49.80","52.67","55.44","47.52","","-1.95%"
"2022-04-11","50.79","53.57","55.55","50.79","","-7.91%"
"2022-04-08","55.15","54.96","59.12","53.17","","-0.72%"
"2022-04-07","55.55","51.98","58.13","49.40","","2.19%"
"2022-04-06","54.36","52.87","55.44","50.69","","-7.25%"
"2022-04-05","58.61","64.95","64.95","58.61","","-8.36%"
"2022-04-04","63.96","59.80","64.75","59.80","","3.19%"
"2022-04-01","61.98","63.56","63.56","59.60","","0.00%"
"2022-03-31","61.98","67.72","68.51","61.98","","-9.00%"
"2022-03-30","68.11","73.46","73.46","66.93","","-8.02%"
"2022-03-29","74.05","75.44","75.44","70.89","","17.24%"
"2022-03-28","63.16","60.99","63.16","57.62","","3.24%"
"2022-03-25","61.18","59.20","61.78","57.02","","8.42%"
"2022-03-24","56.43","49.50","56.43","49.30","","19.25%"
"2022-03-23","47.32","54.05","54.05","47.32","","-16.44%"
"2022-03-22","56.63","56.23","58.01","55.64","","7.93%"
"2022-03-21","52.47","55.84","55.84","50.29","","-6.04%"
"2022-03-18","55.84","47.72","55.84","47.52","","13.27%"
"2022-03-17","49.30","41.38","49.30","40.99","","21.46%"
"2022-03-16","40.59","37.22","40.59","30.09","","30.60%"
"2022-03-15","31.08","27.92","31.88","26.93","","22.65%"
"2022-03-14","25.34","26.73","28.31","24.55","","0.80%"
"2022-03-11","25.14","30.89","30.89","25.14","","-10.57%"
"2022-03-10","28.11","25.14","28.11","23.36","","2.89%"
"2022-03-09","27.32","28.91","30.49","25.94","","15.96%"
"2022-03-08","23.56","30.15","30.15","23.56","","-17.54%"
"2022-03-07","28.57","32.53","32.93","28.57","","-15.77%"
"2022-03-04","33.92","28.96","33.92","28.17","","0.00%"
"2022-03-03","33.92","37.30","37.50","31.94","","-3.94%"
"2022-03-02","35.31","29.16","37.10","29.16","","44.71%"
"2022-03-01","24.40","29.10","29.10","23.36","","-27.08%"
"2022-02-28","33.46","33.26","33.46","33.26","","-16.75%"
"2022-02-25","40.19","29.70","40.19","28.51","","66.42%"
"2022-02-24","24.15","17.02","24.55","15.64","","-5.44%"
"2022-02-23","25.54","32.47","32.47","25.14","","-16.23%"
"2022-02-22","30.49","31.01","34.19","28.82","","-8.69%"
"2022-02-18","33.39","35.98","37.57","32.60","","-6.68%"
"2022-02-17","35.78","36.30","38.09","34.72","","-14.52%"
"2022-02-16","41.86","39.40","42.57","37.82","","3.64%"
"2022-02-15","40.39","38.21","40.79","38.21","","17.24%"
"2022-02-14","34.45","39.00","39.00","31.48","","-11.67%"
"2022-02-11","39.00","44.95","45.14","37.42","","-7.52%"
"2022-02-10","42.17","45.74","49.70","41.38","","-17.13%"
"2022-02-09","50.89","48.51","51.08","48.51","","14.23%"
"2022-02-08","44.55","42.37","45.14","42.37","","7.66%"
"2022-02-07","41.38","41.78","43.96","40.59","","1.95%"
"2022-02-04","40.59","41.98","43.36","37.02","","-3.31%"
"2022-02-03","41.98","44.35","47.32","41.98","","-11.66%"
"2022-02-02","47.52","43.16","47.92","42.17","","12.69%"
"2022-02-01","42.17","40.00","42.57","37.62","","8.13%"
"2022-01-31","39.00","32.47","39.00","32.47","","10.05%"
"2022-01-28","35.44","25.54","35.44","25.54","","27.85%"
"2022-01-27","27.72","37.62","38.01","25.74","","-6.67%"
"2022-01-26","29.70","33.66","39.80","23.96","","-6.25%"
"2022-01-25","31.68","27.92","34.65","19.60","","-2.43%"
"2022-01-24","32.47","27.52","32.47","19.80","","1.85%"
"2022-01-21","31.88","34.65","40.39","31.48","","-16.57%"
"2022-01-20","38.21","46.93","50.69","38.21","","-13.45%"
"2022-01-19","44.15","51.48","51.68","44.15","","-11.17%"
"2022-01-18","49.70","53.46","53.46","48.11","","-12.55%"
"2022-01-14","56.83","57.22","58.21","53.66","","-6.51%"
"2022-01-13","60.79","65.34","66.93","60.79","","-6.40%"
"2022-01-12","64.95","66.73","67.92","62.17","","0.31%"
"2022-01-11","64.75","59.40","65.14","55.04","","9.75%"
"2022-01-10","59.00","59.80","59.80","52.27","","-6.88%"
"2022-01-07","63.36","66.53","67.72","63.36","","-5.60%"
"2022-01-06","67.12","66.73","71.48","63.96","","1.79%"
"2022-01-05","65.94","76.43","77.02","65.94","","-15.05%"
"2022-01-04","77.62","76.63","78.21","75.44","","9.80%"
"2022-01-03","70.69","72.87","74.05","67.72","","4.69%"
"2021-12-31","67.52","69.30","70.29","66.93","","-0.59%"
"2021-12-30","67.92","72.47","73.26","67.92","","-3.10%"
"2021-12-29","70.09","67.72","71.88","67.72","","1.14%"
"2021-12-28","69.30","69.30","71.68","67.52","","3.85%"
"2021-12-27","66.73","61.98","67.12","61.18","","10.87%"
"2021-12-23","60.19","59.40","62.37","59.40","","8.96%"
"2021-12-22","55.24","50.89","55.84","50.29","","7.72%"
"2021-12-21","51.28","44.35","51.28","43.96","","34.21%"
"2021-12-20","38.21","39.08","39.08","32.93","","-20.74%"
"2021-12-17","48.21","51.19","53.96","48.21","","-10.01%"
"2021-12-16","53.57","56.15","60.51","51.98","","-0.35%"
"2021-12-15","53.76","49.50","53.76","45.34","","8.61%"
"2021-12-14","49.50","54.05","54.05","47.92","","-9.42%"
"2021-12-13","54.65","55.04","55.84","52.87","","-8.00%"
"2021-12-10","59.40","60.19","60.19","53.66","","6.38%"
"2021-12-09","55.84","55.84","61.58","55.84","","-9.91%"
"2021-12-08","61.98","61.78","63.76","58.41","","1.31%"
"2021-12-07","61.18","56.43","64.35","56.43","","23.60%"
"2021-12-06","49.50","46.83","54.45","46.64","","22.80%"
"2021-12-03","40.31","42.88","42.88","35.77","","-4.23%"
"2021-12-02","42.09","30.23","45.25","30.23","","45.89%"
"2021-12-01","28.85","42.29","47.62","28.85","","-19.35%"
"2021-11-30","35.77","48.02","48.02","35.17","","-34.89%"
"2021-11-29","54.94","54.74","58.10","51.58","","7.77%"
"2021-11-26","50.98","54.34","54.34","48.02","","-24.13%"
"2021-11-24","67.19","65.01","67.19","64.42","","0.60%"
"2021-11-23","66.79","64.82","67.78","63.83","","4.97%"
"2021-11-22","63.63","61.78","68.37","60.99","","3.67%"
"2021-11-19","61.38","63.96","64.15","61.38","","-6.35%"
"2021-11-18","65.54","69.10","69.10","64.55","","-4.89%"
"2021-11-17","68.91","71.48","72.47","68.91","","-7.44%"
"2021-11-16","74.45","76.63","76.83","74.45","","-1.31%"
"2021-11-15","75.44","75.88","76.28","74.45","","2.35%"
"2021-11-12","73.71","73.91","74.70","72.33","","0.53%"
"2021-11-11","73.32","72.92","73.91","70.75","","-0.53%"
"2021-11-10","73.71","74.90","75.09","72.72","","0.81%"
"2021-11-09","73.12","74.50","74.50","71.93","","-0.27%"
"2021-11-08","73.32","75.64","75.64","72.33","","-0.19%"
"2021-11-05","73.46","72.67","75.64","72.07","","8.80%"
"2021-11-04","67.52","70.69","71.48","65.94","","-3.94%"
"2021-11-03","70.29","68.31","71.28","66.93","","3.49%"
"2021-11-02","67.92","68.31","68.71","64.75","","3.95%"
"2021-11-01","65.34","61.78","66.53","61.18","","8.90%"
"2021-10-29","60.00","61.58","63.36","57.42","","-5.00%"
"2021-10-28","63.16","57.82","63.16","57.82","","11.53%"
"2021-10-27","56.63","63.56","63.56","56.63","","-11.72%"
"2021-10-26","64.15","65.54","66.73","64.15","","0.00%"
"2021-10-25","64.15","63.36","66.33","62.77","","0.00%"
"2021-10-22","64.15","62.97","66.53","62.97","","3.50%"
"2021-10-21","61.98","60.79","63.36","60.39","","-2.79%"
"2021-10-20","63.76","58.61","63.96","58.61","","12.19%"
"2021-10-19","56.83","54.65","57.42","54.65","","8.72%"
"2021-10-18","52.27","52.67","54.25","51.28","","-0.76%"
"2021-10-15","52.67","53.66","56.83","52.47","","7.27%"
"2021-10-14","49.10","43.56","50.09","41.38","","33.32%"
"2021-10-13","36.83","37.42","38.21","32.87","","-0.51%"
"2021-10-12","37.02","38.81","40.79","36.43","","1.62%"
"2021-10-11","36.43","39.48","43.25","36.43","","-8.65%"
"2021-10-08","39.88","41.86","42.65","39.28","","-2.42%"
"2021-10-07","40.87","41.07","45.63","40.67","","19.09%"
"2021-10-06","34.32","29.56","34.32","24.60","","5.50%"
"2021-10-05","32.53","29.76","34.92","27.38","","15.48%"
"2021-10-04","28.17","28.11","29.30","27.32","","-9.94%"
"2021-10-01","31.28","26.53","34.25","22.17","","30.55%"
"2021-09-30","23.96","36.23","37.22","23.96","","-27.96%"
"2021-09-29","33.26","32.67","37.62","32.27","","3.71%"
"2021-09-28","32.07","41.58","41.58","31.88","","-31.94%"
"2021-09-27","47.12","47.12","47.12","47.12","","-3.26%"
"2021-09-24","48.71","47.72","49.90","47.72","","-1.60%"
"2021-09-23","49.50","42.77","52.47","42.77","","37.39%"
"2021-09-22","36.03","34.65","39.80","34.65","","22.14%"
"2021-09-21","29.50","34.05","34.05","29.50","","-3.88%"
"2021-09-20","30.69","28.91","31.48","21.78","","-27.91%"
"2021-09-17","42.57","49.90","49.90","42.57","","-15.01%"
"2021-09-16","50.09","54.85","54.85","48.11","","-4.54%"
"2021-09-15","52.47","43.76","54.65","43.76","","16.24%"
"2021-09-14","45.14","56.63","56.63","43.36","","-15.56%"
"2021-09-13","53.46","52.87","58.41","49.70","","8.88%"
"2021-09-10","49.10","54.25","55.84","49.10","","-11.75%"
"2021-09-09","55.64","57.62","61.78","54.85","","-4.42%"
"2021-09-08","58.21","54.45","60.00","54.45","","0.00%"
"2021-09-07","58.21","62.17","62.17","57.62","","-9.82%"
"2021-09-03","64.55","67.92","67.92","63.16","","-6.05%"
"2021-09-02","68.71","68.11","69.30","66.73","","4.84%"
"2021-09-01","65.54","66.66","67.85","64.68","","-2.85%"
"2021-08-31","67.46","66.26","68.45","65.27","","-0.87%"
"2021-08-30","68.05","69.90","70.29","67.72","","-2.91%"
"2021-08-27","70.09","66.33","71.08","66.33","","11.31%"
"2021-08-26","62.97","67.32","67.32","61.98","","-7.82%"
"2021-08-25","68.31","63.56","70.29","63.56","","4.87%"
"2021-08-24","65.14","65.74","66.53","64.35","","4.78%"
"2021-08-23","62.17","63.36","64.15","61.78","","5.02%"
"2021-08-20","59.20","56.63","59.40","56.03","","6.78%"
"2021-08-19","55.44","54.65","57.22","53.46","","-1.05%"
"2021-08-18","56.03","60.19","64.35","56.03","","-10.74%"
"2021-08-17","62.77","63.76","64.35","58.21","","-7.84%"
"2021-08-16","68.11","63.63","68.77","63.63","","1.07%"
"2021-08-13","67.39","67.19","68.57","66.40","","0.30%"
"2021-08-12","67.19","66.40","67.39","64.42","","0.30%"
"2021-08-11","66.99","62.84","67.39","62.84","","6.94%"
"2021-08-10","62.64","61.26","63.24","61.06","","3.25%"
"2021-08-09","60.67","59.32","62.05","58.92","","-2.30%"
"2021-08-06","62.10","61.70","63.49","60.51","","10.22%"
"2021-08-05","56.34","54.36","56.34","53.96","","7.17%"
"2021-08-04","52.57","55.15","55.15","52.57","","-12.27%"
"2021-08-03","59.92","54.05","60.00","52.47","","11.25%"
"2021-08-02","53.86","59.80","60.79","53.86","","-1.80%"
"2021-07-30","54.85","58.21","59.20","54.45","","-5.77%"
"2021-07-29","58.21","58.41","60.00","55.04","","9.29%"
"2021-07-28","53.26","55.84","56.03","50.89","","-3.58%"
"2021-07-27","55.24","51.08","55.24","50.89","","2.94%"
"2021-07-26","53.66","54.45","54.45","51.48","","0.00%"
"2021-07-23","53.66","49.30","53.66","48.71","","14.83%"
"2021-07-22","46.73","47.32","48.11","45.14","","-7.81%"
"2021-07-21","50.69","49.30","53.66","49.30","","10.82%"
"2021-07-20","45.74","38.61","47.72","38.61","","27.62%"
"2021-07-19","35.84","39.80","39.80","32.07","","-22.64%"
"2021-07-16","46.33","51.08","51.08","46.33","","-6.40%"
"2021-07-15","49.50","47.52","51.28","47.12","","1.62%"
"2021-07-14","48.71","50.89","52.47","48.11","","0.00%"
"2021-07-13","48.71","53.86","54.85","47.72","","-12.46%"
"2021-07-12","55.64","49.30","56.03","49.30","","0.72%"
"2021-07-09","55.24","47.92","55.24","47.92","","27.40%"
"2021-07-08","43.36","42.77","46.13","40.39","","-12.05%"
"2021-07-07","49.30","46.93","50.29","44.35","","3.31%"
"2021-07-06","47.72","49.90","49.90","41.58","","-11.40%"
"2021-07-02","53.86","53.26","54.85","52.07","","0.00%"
"2021-07-01","53.86","50.09","55.44","50.09","","12.40%"
"2021-06-30","47.92","47.12","48.51","45.74","","5.23%"
"2021-06-29","45.54","51.48","52.07","44.55","","-5.34%"
"2021-06-28","48.11","50.89","50.89","46.13","","-10.99%"
"2021-06-25","54.05","46.13","54.05","46.13","","17.17%"
"2021-06-24","46.13","45.74","46.53","43.36","","10.41%"
"2021-06-23","41.78","43.76","46.13","41.78","","-6.22%"
"2021-06-22","44.55","41.98","46.33","41.78","","0.45%"
"2021-06-21","44.35","36.23","44.95","36.23","","43.57%"
"2021-06-18","30.89","37.42","37.42","30.89","","-30.35%"
"2021-06-17","44.35","53.06","53.06","41.38","","-19.14%"
"2021-06-16","54.85","59.40","59.40","52.67","","-12.06%"
"2021-06-15","62.37","61.98","63.96","58.01","","1.28%"
"2021-06-14","61.58","64.55","64.55","59.00","","-5.47%"
"2021-06-11","65.14","65.34","65.34","62.57","","3.13%"
"2021-06-10","63.16","65.34","65.94","62.77","","1.27%"
"2021-06-09","62.37","66.53","66.53","62.37","","-5.69%"
"2021-06-08","66.13","66.33","67.52","62.97","","-2.64%"
"2021-06-07","67.92","72.27","72.27","66.53","","-5.25%"
"2021-06-04","71.68","72.07","72.27","68.51","","2.55%"
"2021-06-03","69.90","66.53","70.09","64.35","","-1.94%"
"2021-06-02","71.28","70.89","72.67","69.90","","-1.37%"
"2021-06-01","72.27","78.61","78.61","71.68","","-4.20%"
"2021-05-28","75.44","76.23","76.83","75.04","","1.88%"
"2021-05-27","74.05","74.85","76.03","74.05","","1.36%"
"2021-05-26","73.06","72.87","73.46","71.48","","2.79%"
"2021-05-25","71.08","75.04","75.24","70.29","","-2.19%"
"2021-05-24","72.67","70.69","75.04","70.69","","6.07%"
"2021-05-21","68.51","73.06","74.05","68.51","","-1.99%"
"2021-05-20","69.90","66.33","71.68","66.13","","6.33%"
"2021-05-19","65.74","60.59","65.74","56.63","","-4.60%"
"2021-05-18","68.91","73.91","75.49","68.91","","-8.23%"
"2021-05-17","75.09","74.45","75.29","72.13","","-1.50%"
"2021-05-14","76.23","72.07","77.82","72.07","","8.14%"
"2021-05-13","70.49","64.55","71.48","64.55","","9.20%"
"2021-05-12","64.55","73.66","73.66","63.76","","-14.89%"
"2021-05-11","75.84","75.04","76.23","73.46","","-2.54%"
"2021-05-10","77.82","82.97","85.14","77.82","","-6.87%"
"2021-05-07","83.56","80.19","85.34","80.19","","4.45%"
"2021-05-06","80.00","78.01","80.00","75.24","","0.76%"
"2021-05-05","79.40","80.00","81.38","77.82","","0.00%"
"2021-05-04","79.40","81.18","81.18","76.03","","-6.53%"
"2021-05-03","84.95","85.54","85.54","84.35","","1.18%"
"2021-04-30","83.96","85.74","86.53","82.97","","-4.07%"
"2021-04-29","87.52","88.31","88.31","85.74","","-0.19%"
"2021-04-28","87.69","87.10","88.29","86.50","","-0.45%"
"2021-04-27","88.09","87.89","88.29","86.30","","-0.23%"
"2021-04-26","88.29","88.49","89.08","87.50","","1.37%"
"2021-04-23","87.10","84.32","87.69","84.32","","5.03%"
"2021-04-22","82.93","85.31","86.90","81.74","","-4.57%"
"2021-04-21","86.90","77.97","86.90","77.97","","9.78%"
"2021-04-20","79.16","85.31","85.31","76.38","","-10.14%"
"2021-04-19","88.09","90.67","91.07","86.90","","-3.89%"
"2021-04-16","91.66","93.46","93.46","90.69","","-0.45%"
"2021-04-15","92.07","91.88","92.47","90.69","","1.30%"
"2021-04-14","90.89","90.49","92.87","90.49","","0.44%"
"2021-04-13","90.49","90.29","91.28","88.91","","0.44%"
"2021-04-12","90.09","89.30","90.29","88.31","","0.43%"
"2021-04-09","89.70","89.90","90.29","87.52","","-0.43%"
"2021-04-08","90.09","89.70","90.49","87.92","","2.94%"
"2021-04-07","87.52","89.50","90.09","87.32","","-1.77%"
"2021-04-06","89.10","88.91","91.08","88.51","","0.21%"
"2021-04-05","88.91","87.52","89.10","87.32","","3.66%"
"2021-04-01","85.77","84.38","86.36","83.20","","5.08%"
"2021-03-31","81.62","82.01","83.00","81.22","","2.74%"
"2021-03-30","79.44","80.63","81.22","78.06","","-1.95%"
"2021-03-29","81.02","82.17","83.00","78.81","","-1.64%"
"2021-03-26","82.37","75.44","82.37","75.44","","9.19%"
"2021-03-25","75.44","67.72","75.64","65.54","","8.24%"
"2021-03-24","69.70","74.05","77.22","69.70","","-1.40%"
"2021-03-23","70.69","76.63","77.42","68.91","","-8.93%"
"2021-03-22","77.62","72.87","78.41","72.87","","5.09%"
"2021-03-19","73.86","73.26","75.84","70.69","","-0.26%"
"2021-03-18","74.05","76.03","77.22","74.05","","-5.32%"
"2021-03-17","78.21","76.63","79.00","75.84","","-1.25%"
"2021-03-16","79.20","80.00","80.79","78.01","","0.75%"
"2021-03-15","78.61","75.24","78.61","74.65","","5.87%"
"2021-03-12","74.25","72.07","74.25","71.48","","2.46%"
"2021-03-11","72.47","72.27","76.03","72.27","","0.82%"
"2021-03-10","71.88","69.10","73.46","69.10","","7.09%"
"2021-03-09","67.12","66.53","70.89","66.53","","3.98%"
"2021-03-08","64.55","65.74","70.69","64.55","","4.48%"
"2021-03-05","61.78","50.69","62.57","50.49","","24.81%"
"2021-03-04","49.50","58.21","60.00","46.53","","-12.28%"
"2021-03-03","56.43","61.58","61.78","56.43","","-10.66%"
"2021-03-02","63.16","63.56","65.34","61.18","","-1.54%"
"2021-03-01","64.15","62.37","65.54","62.37","","16.55%"
"2021-02-26","55.04","60.19","60.19","54.45","","-7.96%"
"2021-02-25","59.80","66.73","66.73","58.41","","-11.17%"
"2021-02-24","67.32","63.36","68.71","61.98","","4.94%"
"2021-02-23","64.15","60.79","65.34","59.00","","1.25%"
"2021-02-22","63.36","61.58","65.94","61.58","","-3.91%"
"2021-02-19","65.94","68.91","70.09","65.94","","-3.75%"
"2021-02-18","68.51","66.33","69.30","65.14","","1.47%"
"2021-02-17","67.52","67.12","69.10","65.94","","-2.57%"
"2021-02-16","69.30","73.06","73.06","68.71","","-3.32%"
"2021-02-12","71.68","70.49","72.67","68.71","","0.56%"
"2021-02-11","71.28","74.05","75.04","67.72","","-2.70%"
"2021-02-10","73.26","74.25","76.03","70.69","","1.65%"
"2021-02-09","72.07","72.27","74.25","69.10","","-1.62%"
"2021-02-08","73.26","74.05","74.05","70.49","","3.07%"
"2021-02-05","71.08","72.27","74.05","70.49","","5.59%"
"2021-02-04","67.32","61.58","67.52","60.99","","14.86%"
"2021-02-03","58.61","58.21","60.79","55.24","","0.00%"
"2021-02-02","58.61","55.64","62.77","55.04","","18.40%"
"2021-02-01","49.50","45.14","49.50","41.18","","22.56%"
"2021-01-29","40.39","46.73","51.88","38.61","","-26.88%"
"2021-01-28","55.24","54.25","60.59","54.25","","21.84%"
"2021-01-27","45.34","49.70","53.66","43.16","","-31.64%"
"2021-01-26","66.33","70.29","70.89","66.33","","-5.36%"
"2021-01-25","70.09","66.26","71.08","64.75","","-0.48%"
"2021-01-22","70.43","71.23","72.42","67.06","","-5.84%"
"2021-01-21","74.80","75.19","76.98","73.61","","-3.08%"
"2021-01-20","77.18","73.66","78.01","72.87","","6.79%"
"2021-01-19","72.27","73.86","73.86","72.27","","-1.35%"
"2021-01-15","73.26","71.68","75.24","68.71","","-1.86%"
"2021-01-14","74.65","79.20","79.20","74.05","","-4.31%"
"2021-01-13","78.01","77.22","79.60","76.63","","1.29%"
"2021-01-12","77.02","78.21","78.21","75.64","","-1.77%"
"2021-01-11","78.41","79.36","81.18","77.62","","-5.45%"
"2021-01-08","82.93","82.97","83.56","78.61","","0.44%"
"2021-01-07","82.57","81.58","83.56","80.59","","2.20%"
"2021-01-06","80.79","75.24","82.57","75.24","","5.98%"
"2021-01-05","76.23","74.05","77.62","69.90","","4.61%"
"2021-01-04","72.87","83.16","83.16","67.12","","-13.61%"
"2020-12-31","84.35","77.82","84.35","76.83","","3.65%"
"2020-12-30","81.38","80.39","83.16","79.40","","3.52%"
"2020-12-29","78.61","83.96","83.96","76.23","","-2.94%"
"2020-12-28","80.99","82.17","82.57","80.00","","0.25%"
"2020-12-24","80.79","78.21","80.79","77.22","","4.89%"
"2020-12-23","77.02","80.43","81.62","77.02","","-1.33%"
"2020-12-22","78.06","77.47","79.24","76.67","","-0.26%"
"2020-12-21","78.26","76.43","78.45","71.68","","-4.07%"
"2020-12-18","81.58","83.76","83.76","80.19","","-3.05%"
"2020-12-17","84.15","82.57","84.75","82.37","","4.42%"
"2020-12-16","80.59","81.58","82.37","79.60","","0.25%"
"2020-12-15","80.39","76.03","80.79","76.03","","7.69%"
"2020-12-14","74.65","78.81","81.78","74.25","","-0.78%"
"2020-12-11","75.24","74.65","75.84","71.88","","-0.53%"
"2020-12-10","75.64","77.02","78.61","75.24","","-4.02%"
"2020-12-09","78.81","80.79","80.99","77.82","","-2.45%"
"2020-12-08","80.79","78.21","81.38","78.21","","-0.25%"
"2020-12-07","80.99","82.57","82.77","79.60","","-1.44%"
"2020-12-04","82.17","81.58","82.77","80.39","","2.47%"
"2020-12-03","80.19","80.59","82.77","78.61","","-2.18%"
"2020-12-02","81.98","82.37","82.77","80.00","","-2.58%"
"2020-12-01","84.15","84.15","86.13","83.36","","2.16%"
"2020-11-30","82.37","81.18","82.37","78.61","","0.72%"
"2020-11-27","81.78","80.79","82.57","80.39","","1.98%"
"2020-11-25","80.19","80.19","80.79","79.60","","0.24%"
"2020-11-24","80.00","81.18","82.37","80.00","","0.00%"
"2020-11-23","80.00","80.59","81.18","77.62","","1.51%"
"2020-11-20","78.81","80.59","81.18","78.21","","-2.21%"
"2020-11-19","80.59","77.22","81.18","77.22","","-0.49%"
"2020-11-18","80.99","85.14","85.74","80.99","","-4.21%"
"2020-11-17","84.55","84.55","85.94","83.16","","-1.83%"
"2020-11-16","86.13","85.94","87.32","84.75","","2.58%"
"2020-11-13","83.96","80.79","84.55","80.79","","7.35%"
"2020-11-12","78.21","81.98","82.37","75.44","","-5.95%"
"2020-11-11","83.16","82.17","83.76","80.19","","6.06%"
"2020-11-10","78.41","77.02","79.60","75.04","","3.39%"
"2020-11-09","75.84","84.75","85.94","75.84","","19.32%"
"2020-11-06","63.56","65.94","66.73","61.98","","-3.61%"
"2020-11-05","65.94","64.95","70.29","64.95","","16.85%"
"2020-11-04","56.43","57.22","66.73","55.84","","2.88%"
"2020-11-03","54.85","52.47","57.82","52.47","","24.24%"
"2020-11-02","44.15","39.00","44.15","36.03","","44.80%"
"2020-10-30","30.49","33.66","33.66","26.13","","-9.42%"
"2020-10-29","33.66","26.73","36.43","25.14","","23.21%"
"2020-10-28","27.32","34.05","37.22","27.12","","-39.74%"
"2020-10-27","45.34","52.87","53.66","45.34","","-15.19%"
"2020-10-26","53.46","60.19","60.19","46.53","","-20.35%"
"2020-10-23","67.12","67.32","67.92","63.76","","2.41%"
"2020-10-22","65.54","61.98","65.74","57.42","","8.89%"
"2020-10-21","60.19","60.99","64.35","60.00","","-3.18%"
"2020-10-20","62.17","62.77","67.72","61.78","","6.44%"
"2020-10-19","58.41","70.37","71.76","57.02","","-15.08%"
"2020-10-16","68.78","70.97","71.76","68.58","","-0.29%"
"2020-10-15","68.98","63.61","69.38","63.41","","0.00%"
"2020-10-14","68.98","72.56","74.75","68.78","","-3.35%"
"2020-10-13","71.37","75.14","77.33","70.17","","-7.95%"
"2020-10-12","77.53","74.55","79.32","73.55","","5.13%"
"2020-10-09","73.75","75.34","76.73","71.17","","1.36%"
"2020-10-08","72.76","69.58","72.96","68.58","","11.25%"
"2020-10-07","65.40","63.09","66.46","61.11","","19.87%"
"2020-10-06","54.56","63.56","69.50","54.25","","-12.24%"
"2020-10-05","62.17","59.80","62.37","55.04","","20.77%"
"2020-10-02","51.48","39.00","53.26","39.00","","4.00%"
"2020-10-01","49.50","52.27","52.27","44.35","","13.12%"
"2020-09-30","43.76","44.75","51.08","40.99","","7.81%"
"2020-09-29","40.59","44.75","45.14","39.00","","-10.08%"
"2020-09-28","45.14","43.16","48.11","40.59","","35.72%"
"2020-09-25","33.26","20.99","34.05","20.99","","37.72%"
"2020-09-24","24.15","19.40","30.49","18.01","","-2.42%"
"2020-09-23","24.75","39.20","39.60","23.96","","-34.89%"
"2020-09-22","38.01","36.03","38.01","30.29","","14.28%"
"2020-09-21","33.26","38.49","38.49","28.71","","-35.52%"
"2020-09-18","51.58","57.42","57.42","49.50","","-12.58%"
"2020-09-17","59.00","55.24","61.18","55.04","","-8.60%"
"2020-09-16","64.55","63.36","69.30","63.36","","4.48%"
"2020-09-15","61.78","63.36","65.54","60.99","","1.30%"
"2020-09-14","60.99","56.83","63.36","56.83","","14.51%"
"2020-09-11","53.26","54.25","56.43","50.29","","1.51%"
"2020-09-10","52.47","61.98","63.36","52.27","","-14.52%"
"2020-09-09","61.38","59.40","65.74","59.40","","16.10%"
"2020-09-08","52.87","59.20","60.79","51.88","","-25.42%"
"2020-09-04","70.89","75.64","75.64","61.38","","-2.97%"
"2020-09-03","73.06","83.56","84.75","70.29","","-11.52%"
"2020-09-02","82.57","75.04","83.36","75.04","","10.91%"
"2020-09-01","74.45","71.93","75.29","71.93","","-0.85%"
"2020-08-31","75.09","78.26","79.24","74.50","","-8.00%"
"2020-08-28","81.62","79.84","81.81","76.28","","4.04%"
"2020-08-27","78.45","76.08","79.64","75.69","","6.14%"
"2020-08-26","73.91","74.70","74.90","71.93","","-2.09%"
"2020-08-25","75.49","78.06","78.26","73.71","","-2.79%"
"2020-08-24","77.66","67.58","77.66","67.19","","19.81%"
"2020-08-21","64.82","66.40","66.99","62.45","","-3.81%"
"2020-08-20","67.39","70.94","70.94","67.39","","-10.03%"
"2020-08-19","74.90","75.69","78.85","74.11","","0.00%"
"2020-08-18","74.90","78.45","78.45","73.91","","-2.56%"
"2020-08-17","76.87","80.23","80.43","76.87","","-2.51%"
"2020-08-14","78.85","76.28","80.43","76.28","","1.01%"
"2020-08-13","78.06","77.66","80.43","77.66","","-3.89%"
"2020-08-12","81.22","82.01","82.41","78.85","","3.53%"
"2020-08-11","78.45","83.79","83.99","77.66","","-1.00%"
"2020-08-10","79.24","77.47","80.23","76.48","","7.21%"
"2020-08-07","73.91","66.60","73.91","65.61","","9.68%"
"2020-08-06","67.39","67.58","69.16","64.03","","-2.84%"
"2020-08-05","69.36","69.76","71.14","68.37","","6.04%"
"2020-08-04","65.41","63.43","66.99","62.84","","0.91%"
"2020-08-03","64.82","64.42","66.60","61.46","","0.31%"
"2020-07-31","64.62","65.14","65.14","55.04","","-4.86%"
"2020-07-30","67.92","65.54","67.92","61.18","","-8.77%"
"2020-07-29","74.45","66.53","74.85","66.53","","13.25%"
"2020-07-28","65.74","69.10","70.29","65.74","","-8.54%"
"2020-07-27","71.88","68.51","71.88","67.92","","-0.54%"
"2020-07-24","72.27","77.42","77.62","70.89","","-10.10%"
"2020-07-23","80.39","80.00","83.96","77.82","","1.25%"
"2020-07-22","79.40","75.04","79.60","75.04","","1.26%"
"2020-07-21","78.41","74.85","81.78","74.85","","9.08%"
"2020-07-20","71.88","74.05","74.05","70.29","","-6.44%"
"2020-07-17","76.83","78.81","79.20","75.24","","-1.51%"
"2020-07-16","78.01","75.04","80.59","75.04","","-3.90%"
"2020-07-15","81.18","76.83","81.58","76.43","","19.52%"
"2020-07-14","67.92","58.81","67.92","58.01","","13.20%"
"2020-07-13","60.00","63.56","71.48","59.60","","-2.88%"
"2020-07-10","61.78","49.70","61.78","49.70","","24.31%"
"2020-07-09","49.70","56.63","57.02","44.35","","-20.57%"
"2020-07-08","62.57","62.97","66.33","56.63","","-3.95%"
"2020-07-07","65.14","67.12","68.51","63.36","","-11.57%"
"2020-07-06","73.66","76.83","77.02","70.69","","8.45%"
"2020-07-02","67.92","77.02","78.21","67.52","","2.40%"
"2020-07-01","66.33","71.68","71.88","63.96","","-5.63%"
"2020-06-30","70.29","60.59","72.27","59.80","","15.63%"
"2020-06-29","60.79","49.10","61.38","49.10","","31.21%"
"2020-06-26","46.33","57.62","57.62","44.35","","-25.72%"
"2020-06-25","62.37","47.92","62.37","47.92","","10.92%"
"2020-06-24","56.23","67.52","67.52","51.48","","-26.43%"
"2020-06-23","76.43","80.59","80.99","76.23","","-1.79%"
"2020-06-22","77.82","70.49","79.00","70.49","","2.35%"
"2020-06-19","76.03","89.10","89.30","75.04","","-10.08%"
"2020-06-18","84.55","82.57","85.74","81.38","","-2.29%"
"2020-06-17","86.53","87.92","90.49","85.74","","-3.10%"
"2020-06-16","89.30","92.47","92.87","85.94","","8.93%"
"2020-06-15","81.98","69.70","83.56","69.70","","1.47%"
"2020-06-12","80.79","85.94","86.93","71.88","","3.30%"
"2020-06-11","78.21","90.69","92.27","77.82","","-18.22%"
"2020-06-10","95.64","96.63","96.63","95.64","","-1.02%"
"2020-06-09","96.63","96.83","97.42","96.23","","-0.61%"
"2020-06-08","97.22","95.44","97.42","95.24","","1.03%"
"2020-06-05","96.23","96.03","97.22","95.84","","0.41%"
"2020-06-04","95.84","97.22","97.42","95.04","","-1.42%"
"2020-06-03","97.22","97.62","97.82","96.63","","-0.21%"
"2020-06-02","97.42","96.83","98.01","96.83","","1.03%"
"2020-06-01","96.43","94.45","96.83","94.45","","1.67%"
"2020-05-29","94.85","92.87","95.04","92.27","","-0.83%"
"2020-05-28","95.64","95.64","96.43","95.44","","2.33%"
"2020-05-27","93.46","92.27","93.46","90.09","","3.28%"
"2020-05-26","90.49","90.49","92.07","89.90","","9.86%"
"2020-05-22","82.37","81.78","82.37","79.60","","0.97%"
"2020-05-21","81.58","83.56","84.75","79.40","","0.00%"
"2020-05-20","81.58","81.58","83.76","80.59","","8.99%"
"2020-05-19","74.85","77.62","82.37","74.85","","-8.47%"
"2020-05-18","81.78","78.37","83.76","76.58","","38.33%"
"2020-05-15","59.12","57.73","60.31","55.75","","3.10%"
"2020-05-14","57.34","45.43","57.53","42.46","","10.31%"
"2020-05-13","51.98","56.15","58.33","49.40","","-12.96%"
"2020-05-12","59.72","69.10","70.29","59.72","","-13.57%"
"2020-05-11","69.10","69.30","72.27","66.93","","-7.43%"
"2020-05-08","74.65","63.76","74.65","63.76","","17.08%"
"2020-05-07","63.76","65.54","68.71","63.16","","20.60%"
"2020-05-06","52.87","58.01","60.19","52.87","","-8.86%"
"2020-05-05","58.01","63.56","64.95","58.01","","6.15%"
"2020-05-04","54.65","49.10","54.65","49.10","","3.37%"
"2020-05-01","52.87","57.62","57.62","51.28","","-20.05%"
"2020-04-30","66.13","68.91","71.68","64.75","","-13.70%"
"2020-04-29","76.63","72.47","79.00","70.69","","29.44%"
"2020-04-28","59.20","65.54","66.53","56.83","","15.00%"
"2020-04-27","51.48","43.96","53.26","43.56","","28.09%"
"2020-04-24","40.19","34.45","40.39","32.47","","31.81%"
"2020-04-23","30.49","35.64","37.02","30.29","","2.66%"
"2020-04-22","29.70","26.93","31.88","25.94","","37.63%"
"2020-04-21","21.58","25.14","26.73","21.18","","-30.57%"
"2020-04-20","31.08","33.26","37.62","31.08","","-20.71%"
"2020-04-17","39.20","35.44","39.20","31.68","","44.54%"
"2020-04-16","27.12","25.54","27.12","22.57","","15.11%"
"2020-04-15","23.56","23.56","24.95","21.98","","-22.73%"
"2020-04-14","30.49","27.72","30.89","25.54","","87.86%"
"2020-04-13","16.23","19.40","19.40","13.86","","-28.09%"
"2020-04-09","22.57","23.16","26.93","20.59","","39.06%"
"2020-04-08","16.23","11.66","18.41","10.67","","52.11%"
"2020-04-07","10.67","11.85","16.00","10.27","","-9.96%"
"2020-04-06","11.85","6.34","11.85","6.34","","148.95%"
"2020-04-03","4.76","5.54","5.54","4.35","","-7.39%"
"2020-04-02","5.14","2.77","5.14","2.77","","85.56%"
"2020-04-01","2.77","2.97","3.56","2.17","","-33.25%"
"2020-03-31","4.15","4.55","5.54","3.76","","-16.16%"
"2020-03-30","4.95","2.77","4.95","2.77","","213.29%"
"2020-03-27","1.58","1.58","3.16","1.58","","-46.80%"
"2020-03-26","2.97","1.58","2.97","1.58","","151.69%"
"2020-03-25","1.18","1.58","1.78","0.99","","-25.32%"
"2020-03-24","1.58","1.38","1.58","0.59","","33.90%"
"2020-03-23","1.18","0.79","1.38","0.79","","0.00%"
"2020-03-20","1.18","1.78","1.98","0.99","","-40.40%"
"2020-03-19","1.98","3.16","3.76","1.98","","-50.00%"
"2020-03-18","3.96","2.57","4.55","2.57","","-12.97%"
"2020-03-17","4.55","1.78","4.75","1.78","","155.62%"
"2020-03-16","1.78","2.37","2.77","0.99","","-50.00%"
"2020-03-13","3.56","1.18","3.56","0.79","","350.63%"
"2020-03-12","0.79","0.99","1.98","0.59","","-73.40%"
"2020-03-11","2.97","4.15","5.34","1.98","","-58.29%"
"2020-03-10","7.12","6.93","7.92","2.97","","56.48%"
"2020-03-09","4.55","3.76","7.52","3.36","","-65.69%"
"2020-03-06","13.26","9.10","13.26","6.93","","-23.88%"
"2020-03-05","17.42","18.81","21.58","15.84","","-29.62%"
"2020-03-04","24.75","16.43","24.75","16.03","","171.98%"
"2020-03-03","9.10","10.49","19.60","7.52","","-32.39%"
"2020-03-02","13.46","3.76","13.46","3.76","","353.20%"
"2020-02-28","2.97","2.37","3.16","1.78","","-51.55%"
"2020-02-27","6.13","15.24","18.01","6.13","","-69.64%"
"2020-02-26","20.19","25.94","28.71","20.19","","-12.82%"
"2020-02-25","23.16","37.02","37.02","22.77","","-38.76%"
"2020-02-24","37.82","40.59","41.18","36.03","","-32.27%"
"2020-02-21","55.84","58.21","58.21","53.86","","-11.04%"
"2020-02-20","62.77","62.77","64.95","57.82","","-0.32%"
"2020-02-19","62.97","62.37","63.36","61.18","","4.27%"
"2020-02-18","60.39","61.78","62.37","58.21","","-8.14%"
"2020-02-14","65.74","65.94","66.33","64.35","","-1.78%"
"2020-02-13","66.93","66.73","67.92","64.75","","-3.42%"
"2020-02-12","69.30","69.10","69.30","67.12","","5.42%"
"2020-02-11","65.74","64.75","67.32","64.75","","5.40%"
"2020-02-10","62.37","60.19","62.37","59.20","","0.63%"
"2020-02-07","61.98","63.76","63.96","60.39","","-6.01%"
"2020-02-06","65.94","66.53","67.72","65.34","","-2.63%"
"2020-02-05","67.72","65.14","68.31","64.15","","15.94%"
"2020-02-04","58.41","59.80","60.59","58.01","","21.41%"
"2020-02-03","48.11","49.70","52.47","48.11","","6.11%"
"2020-01-31","45.34","52.47","52.47","44.15","","-21.04%"
"2020-01-30","57.42","53.46","57.62","48.91","","2.48%"
"2020-01-29","56.03","60.79","60.79","56.03","","-6.30%"
"2020-01-28","59.80","54.96","62.30","54.96","","8.43%"
"2020-01-27","55.15","55.84","57.22","54.25","","-17.35%"
"2020-01-24","66.73","72.27","72.27","62.57","","-10.61%"
"2020-01-23","74.65","69.70","75.44","68.11","","-0.78%"
"2020-01-22","75.24","79.40","79.40","74.45","","-3.80%"
"2020-01-21","78.21","79.40","80.99","77.82","","-4.82%"
"2020-01-17","82.17","81.18","82.57","80.99","","1.46%"
"2020-01-16","80.99","79.20","80.99","78.41","","8.78%"
"2020-01-15","74.45","77.42","78.41","73.46","","0.27%"
"2020-01-14","74.25","73.86","77.02","72.87","","-1.32%"
"2020-01-13","75.24","72.67","75.44","72.47","","4.67%"
"2020-01-10","71.88","73.06","75.24","71.88","","-2.15%"
"2020-01-09","73.46","72.47","74.45","72.47","","3.35%"
"2020-01-08","71.08","69.90","74.05","68.91","","1.98%"
"2020-01-07","69.70","68.91","71.48","68.51","","-2.76%"
"2020-01-06","71.68","72.67","73.06","67.92","","-1.36%"
"2020-01-03","72.67","72.07","75.04","70.89","","-5.41%"
"2020-01-02","76.83","80.79","80.79","73.26","","-1.76%"
"2019-12-31","78.21","77.02","78.21","76.03","","1.02%"
"2019-12-30","77.42","77.22","78.81","75.44","","-2.25%"
"2019-12-27","79.20","79.00","80.39","78.41","","-0.50%"
"2019-12-26","79.60","80.00","80.00","76.63","","1.52%"
"2019-12-24","78.41","78.01","79.20","77.82","","-0.75%"
"2019-12-23","79.00","79.80","81.18","78.41","","-1.97%"
"2019-12-20","80.59","79.80","80.59","79.00","","5.72%"
"2019-12-19","76.23","74.85","77.42","74.45","","2.39%"
"2019-12-18","74.45","73.66","75.24","72.47","","0.00%"
"2019-12-17","74.45","74.85","76.83","73.86","","2.73%"
"2019-12-16","72.47","73.70","75.29","72.47","","2.20%"
"2019-12-13","70.91","74.70","74.70","68.72","","-1.94%"
"2019-12-12","72.31","71.11","73.50","70.51","","5.53%"
"2019-12-11","68.52","68.38","69.38","66.00","","1.38%"
"2019-12-10","67.59","67.65","70.03","66.66","","-1.26%"
"2019-12-09","68.45","70.09","71.08","68.45","","-3.17%"
"2019-12-06","70.69","72.72","72.72","70.69","","7.42%"
"2019-12-05","65.81","65.41","66.60","63.63","","0.61%"
"2019-12-04","65.41","64.42","67.58","64.42","","10.34%"
"2019-12-03","59.28","59.28","60.07","57.70","","-8.81%"
"2019-12-02","65.01","70.11","70.11","64.94","","-9.09%"
"2019-11-29","71.51","72.90","72.90","71.31","","-4.01%"
"2019-11-27","74.50","71.91","74.70","70.91","","5.06%"
"2019-11-26","70.91","68.52","71.91","68.52","","1.71%"
"2019-11-25","69.72","66.93","70.51","66.93","","5.43%"
"2019-11-22","66.13","66.60","67.39","64.21","","2.67%"
"2019-11-21","64.41","66.60","66.60","62.82","","-5.27%"
"2019-11-20","67.99","67.99","68.78","64.41","","-0.29%"
"2019-11-19","68.19","69.18","69.18","67.19","","-2.28%"
"2019-11-18","69.78","69.18","70.17","68.38","","-1.95%"
"2019-11-15","71.17","70.17","71.57","68.38","","5.30%"
"2019-11-14","67.59","65.80","67.59","65.40","","3.03%"
"2019-11-13","65.60","63.02","66.99","63.02","","1.22%"
"2019-11-12","64.81","66.20","68.38","64.21","","-0.90%"
"2019-11-11","65.40","64.41","66.60","64.41","","-1.21%"
"2019-11-08","66.20","64.81","66.20","64.21","","0.91%"
"2019-11-07","65.60","68.38","68.78","65.60","","-3.23%"
"2019-11-06","67.79","65.80","67.79","65.60","","0.30%"
"2019-11-05","67.59","70.69","70.69","66.13","","-3.03%"
"2019-11-04","69.70","73.46","73.46","68.31","","0.29%"
"2019-11-01","69.50","69.70","71.68","68.11","","6.37%"
"2019-10-31","65.34","68.31","68.31","60.99","","-5.71%"
"2019-10-30","69.30","65.34","69.30","63.56","","3.85%"
"2019-10-29","66.73","64.35","69.70","64.35","","3.06%"
"2019-10-28","64.75","67.92","69.50","64.75","","-2.68%"
"2019-10-25","66.53","65.07","67.46","63.88","","-0.49%"
"2019-10-24","66.86","67.26","67.46","64.08","","0.60%"
"2019-10-23","66.46","63.88","66.46","63.88","","3.39%"
"2019-10-22","64.28","67.06","68.65","64.08","","-2.99%"
"2019-10-21","66.26","65.07","67.26","65.07","","7.04%"
"2019-10-18","61.90","64.55","64.55","59.20","","-3.81%"
"2019-10-17","64.35","63.96","65.54","62.77","","5.86%"
"2019-10-16","60.79","61.18","63.96","60.59","","-2.84%"
"2019-10-15","62.57","59.80","65.74","59.60","","9.35%"
"2019-10-14","57.22","57.82","58.81","56.43","","-5.25%"
"2019-10-11","60.39","60.19","66.93","60.19","","28.68%"
"2019-10-10","46.93","39.80","49.70","39.80","","19.72%"
"2019-10-09","39.20","37.42","42.17","34.85","","22.96%"
"2019-10-08","31.88","39.00","39.60","31.48","","-32.63%"
"2019-10-07","47.32","47.72","53.06","46.13","","-5.91%"
"2019-10-04","50.29","43.96","50.29","42.17","","32.31%"
"2019-10-03","38.01","32.14","38.01","25.94","","16.85%"
"2019-10-02","32.53","40.87","40.87","29.56","","-32.52%"
"2019-10-01","48.21","67.85","68.45","48.21","","-27.03%"
"2019-09-30","66.07","63.29","67.46","63.29","","6.74%"
"2019-09-27","61.90","67.85","68.05","56.94","","-7.42%"
"2019-09-26","66.86","67.65","68.84","63.49","","-1.17%"
"2019-09-25","67.65","65.27","68.05","61.70","","6.22%"
"2019-09-24","63.69","69.84","74.00","60.31","","-9.05%"
"2019-09-23","70.03","67.26","71.23","67.26","","0.85%"
"2019-09-20","69.44","75.39","75.59","69.24","","-3.58%"
"2019-09-19","72.02","75.24","76.03","71.88","","-1.69%"
"2019-09-18","73.26","69.90","73.26","65.94","","1.09%"
"2019-09-17","72.47","69.70","72.87","69.70","","4.57%"
"2019-09-16","69.30","66.93","70.29","66.93","","0.86%"
"2019-09-13","68.71","70.09","71.68","67.52","","0.88%"
"2019-09-12","68.11","69.30","70.69","66.73","","1.76%"
"2019-09-11","66.93","61.38","66.93","61.38","","5.63%"
"2019-09-10","63.36","58.81","63.36","57.02","","5.60%"
"2019-09-09","60.00","58.01","60.99","56.83","","6.70%"
"2019-09-06","56.23","56.23","59.80","54.45","","1.42%"
"2019-09-05","55.44","50.89","57.82","50.89","","22.28%"
"2019-09-04","45.34","44.55","45.54","42.37","","12.26%"
"2019-09-03","40.39","38.81","42.77","37.62","","-9.74%"
"2019-08-30","44.75","46.53","46.53","43.36","","3.68%"
"2019-08-29","43.16","41.98","44.15","40.99","","19.79%"
"2019-08-28","36.03","30.49","36.83","30.49","","7.04%"
"2019-08-27","33.66","38.61","38.61","32.47","","-3.94%"
"2019-08-26","35.04","33.06","35.04","30.09","","20.41%"
"2019-08-23","29.10","41.78","43.76","27.52","","-34.68%"
"2019-08-22","44.55","45.54","45.94","39.80","","2.74%"
"2019-08-21","43.36","41.98","44.35","41.98","","10.05%"
"2019-08-20","39.40","41.98","43.16","39.40","","-10.76%"
"2019-08-19","44.15","43.16","44.75","41.78","","21.86%"
"2019-08-16","36.23","32.27","37.62","31.88","","25.32%"
"2019-08-15","28.91","27.32","30.69","25.74","","12.32%"
"2019-08-14","25.74","35.44","35.44","25.14","","-37.80%"
"2019-08-13","41.38","34.79","44.53","34.79","","11.33%"
"2019-08-12","37.17","39.48","39.68","36.30","","-12.85%"
"2019-08-09","42.65","46.13","46.53","40.00","","-14.85%"
"2019-08-08","50.09","39.40","50.09","39.40","","35.31%"
"2019-08-07","37.02","27.32","37.02","24.15","","8.09%"
"2019-08-06","34.25","29.50","34.45","25.34","","29.10%"
"2019-08-05","26.53","34.25","34.25","20.39","","-44.40%"
"2019-08-02","47.72","51.88","51.88","44.95","","-11.40%"
"2019-08-01","53.86","63.96","69.90","51.68","","-19.99%"
"2019-07-31","67.32","74.25","74.45","64.55","","-10.29%"
"2019-07-30","75.04","71.28","75.04","71.28","","0.00%"
"2019-07-29","75.04","76.44","76.44","74.25","","-3.10%"
"2019-07-26","77.44","74.65","77.64","74.65","","2.92%"
"2019-07-25","75.24","77.24","77.64","73.85","","-6.22%"
"2019-07-24","80.23","75.64","80.43","75.64","","3.87%"
"2019-07-23","77.24","73.45","77.84","72.85","","6.91%"
"2019-07-22","72.25","75.44","76.04","71.85","","-3.72%"
"2019-07-19","75.04","80.03","80.63","75.04","","-3.35%"
"2019-07-18","77.64","72.65","79.04","72.65","","2.37%"
"2019-07-17","75.84","81.43","81.43","75.84","","-7.55%"
"2019-07-16","82.03","82.43","83.83","81.43","","-1.44%"
"2019-07-15","83.23","84.63","84.83","83.03","","-0.72%"
"2019-07-12","83.83","81.03","84.63","81.03","","6.60%"
"2019-07-11","78.64","77.84","80.23","75.44","","1.29%"
"2019-07-10","77.64","80.27","81.07","77.09","","0.98%"
"2019-07-09","76.89","75.49","77.49","73.30","","0.26%"
"2019-07-08","76.69","78.68","80.27","76.09","","-5.17%"
"2019-07-05","80.87","78.68","80.87","76.09","","-0.49%"
"2019-07-03","81.27","77.68","81.27","77.68","","8.23%"
"2019-07-02","75.09","75.00","78.17","74.40","","-0.92%"
"2019-07-01","75.79","79.96","79.96","71.82","","4.94%"
"2019-06-28","72.22","69.24","72.42","68.45","","11.66%"
"2019-06-27","64.68","64.08","65.87","62.50","","7.94%"
"2019-06-26","59.92","61.70","64.48","59.92","","-3.82%"
"2019-06-25","62.30","64.68","64.68","60.91","","-0.94%"
"2019-06-24","62.89","66.26","67.26","62.89","","-6.22%"
"2019-06-21","67.06","67.65","70.03","66.07","","-1.16%"
"2019-06-20","67.85","67.06","68.05","62.69","","10.33%"
"2019-06-19","61.50","62.30","63.29","59.92","","0.64%"
"2019-06-18","61.11","57.14","65.07","57.14","","14.08%"
"2019-06-17","53.57","54.96","57.34","53.37","","-1.45%"
"2019-06-14","54.36","55.55","55.55","52.77","","-6.16%"
"2019-06-13","57.93","53.96","58.73","53.96","","11.88%"
"2019-06-12","51.78","52.38","54.16","50.59","","-5.44%"
"2019-06-11","54.76","56.94","58.33","51.78","","-0.36%"
"2019-06-10","54.96","55.95","56.34","53.37","","6.55%"
"2019-06-07","51.58","50.39","54.96","50.00","","5.27%"
"2019-06-06","49.00","45.63","51.38","43.65","","6.45%"
"2019-06-05","46.03","40.87","46.23","39.28","","20.21%"
"2019-06-04","38.29","32.53","38.29","30.15","","30.42%"
"2019-06-03","29.36","30.69","31.48","26.13","","4.45%"
"2019-05-31","28.11","26.13","29.50","25.74","","-10.71%"
"2019-05-30","31.48","31.08","34.05","29.50","","4.62%"
"2019-05-29","30.09","32.87","32.87","27.32","","-12.66%"
"2019-05-28","34.45","42.97","44.55","34.45","","-17.94%"
"2019-05-24","41.98","42.77","43.36","40.79","","3.42%"
"2019-05-23","40.59","39.40","41.18","37.42","","-15.30%"
"2019-05-22","47.92","47.92","48.71","46.53","","-2.80%"
"2019-05-21","49.30","47.12","50.29","46.53","","16.91%"
"2019-05-20","42.17","42.37","46.13","39.40","","-10.88%"
"2019-05-17","47.32","46.53","51.88","45.34","","-5.17%"
"2019-05-16","49.90","46.73","53.66","46.73","","14.03%"
"2019-05-15","43.76","37.22","46.53","37.22","","1.39%"
"2019-05-14","43.16","39.00","46.73","39.00","","21.10%"
"2019-05-13","35.64","41.58","41.58","33.46","","-35.48%"
"2019-05-10","55.24","46.93","56.03","38.81","","12.05%"
"2019-05-09","49.30","45.14","51.08","40.39","","-5.32%"
"2019-05-08","52.07","51.48","56.63","51.48","","-2.23%"
"2019-05-07","53.26","61.58","61.78","50.09","","-22.49%"
"2019-05-06","68.71","64.55","69.30","62.57","","-4.93%"
"2019-05-03","72.27","68.31","72.27","68.11","","9.28%"
"2019-05-02","66.13","65.54","68.11","61.58","","0.90%"
"2019-05-01","65.54","71.88","71.88","65.54","","-9.06%"
"2019-04-30","72.07","70.29","72.07","66.73","","3.40%"
"2019-04-29","69.70","69.10","70.89","68.51","","-1.94%"
"2019-04-26","71.08","68.91","71.08","67.72","","1.12%"
"2019-04-25","70.29","68.71","71.68","67.32","","-4.05%"
"2019-04-24","73.26","72.47","75.64","70.69","","0.27%"
"2019-04-23","73.06","67.72","74.05","67.72","","8.53%"
"2019-04-22","67.32","67.92","69.30","66.53","","-3.69%"
"2019-04-18","69.90","67.72","71.28","67.72","","0.87%"
"2019-04-17","69.30","73.86","73.86","68.51","","-7.89%"
"2019-04-16","75.24","80.00","80.00","74.25","","-6.17%"
"2019-04-15","80.19","82.57","82.57","79.40","","-3.35%"
"2019-04-12","82.97","82.17","83.96","79.80","","4.23%"
"2019-04-11","79.60","80.99","81.98","77.82","","0.00%"
"2019-04-10","79.60","77.62","79.80","75.64","","3.88%"
"2019-04-09","76.63","78.01","78.41","76.43","","-6.53%"
"2019-04-08","81.98","81.38","82.17","79.80","","-0.95%"
"2019-04-05","82.77","80.39","83.16","80.39","","4.77%"
"2019-04-04","79.00","77.62","79.60","76.43","","3.36%"
"2019-04-03","76.43","79.00","79.60","75.04","","-1.02%"
"2019-04-02","77.22","77.42","78.01","75.04","","-0.52%"
"2019-04-01","77.62","74.45","78.21","74.45","","11.36%"
"2019-03-29","69.70","70.09","70.89","68.11","","7.00%"
"2019-03-28","65.14","64.75","67.12","61.38","","2.81%"
"2019-03-27","63.36","67.32","67.32","60.00","","-3.62%"
"2019-03-26","65.74","65.34","68.11","63.36","","8.50%"
"2019-03-25","60.59","58.61","62.57","57.02","","-0.33%"
"2019-03-22","60.79","71.68","71.68","60.39","","-18.13%"
"2019-03-21","74.25","68.11","75.84","68.11","","7.14%"
"2019-03-20","69.30","73.66","75.64","68.31","","-10.02%"
"2019-03-19","77.02","79.40","82.57","74.05","","-2.51%"
"2019-03-18","79.00","78.01","80.19","76.43","","1.27%"
"2019-03-15","78.01","79.80","80.00","77.02","","-1.02%"
"2019-03-14","78.81","81.98","81.98","78.81","","-3.63%"
"2019-03-13","81.78","81.38","83.76","81.18","","1.23%"
"2019-03-12","80.79","81.18","82.17","80.00","","0.00%"
"2019-03-11","80.79","76.23","80.99","76.23","","9.10%"
"2019-03-08","74.05","68.11","74.05","68.11","","-6.04%"
"2019-03-07","78.81","80.39","80.99","77.22","","-5.01%"
"2019-03-06","82.97","87.12","87.12","82.77","","-4.56%"
"2019-03-05","86.93","88.11","88.31","86.73","","-0.90%"
"2019-03-04","87.72","90.69","90.69","86.73","","-2.40%"
"2019-03-01","89.88","91.26","91.46","89.08","","-0.43%"
"2019-02-28","90.27","90.67","90.67","89.68","","-1.52%"
"2019-02-27","91.66","91.07","91.86","90.47","","0.65%"
"2019-02-26","91.07","91.26","91.86","90.47","","0.66%"
"2019-02-25","90.47","92.26","92.65","90.27","","-1.08%"
"2019-02-22","91.46","89.48","91.66","89.08","","1.09%"
"2019-02-21","90.47","90.67","91.07","89.48","","-1.08%"
"2019-02-20","91.46","91.66","92.65","91.07","","-0.44%"
"2019-02-19","91.86","91.46","92.65","91.46","","0.66%"
"2019-02-15","91.26","89.90","91.48","89.90","","3.80%"
"2019-02-14","87.92","87.32","89.90","86.33","","-0.67%"
"2019-02-13","88.51","88.31","89.90","87.72","","2.05%"
"2019-02-12","86.73","84.75","88.31","84.35","","7.35%"
"2019-02-11","80.79","81.38","81.98","79.40","","0.00%"
"2019-02-08","80.79","79.40","80.79","77.22","","-0.25%"
"2019-02-07","80.99","82.77","83.56","78.41","","-5.54%"
"2019-02-06","85.74","86.93","86.93","85.34","","-2.48%"
"2019-02-05","87.92","87.32","88.31","86.53","","0.69%"
"2019-02-04","87.32","84.95","87.32","83.76","","4.00%"
"2019-02-01","83.96","84.35","85.34","82.97","","1.44%"
"2019-01-31","82.77","77.42","82.77","76.83","","5.29%"
"2019-01-30","78.61","72.87","79.60","71.08","","8.55%"
"2019-01-29","72.42","71.42","73.21","68.84","","3.99%"
"2019-01-28","69.64","66.07","69.64","63.88","","-2.23%"
"2019-01-25","71.23","71.42","73.21","70.43","","10.81%"
"2019-01-24","64.28","60.11","64.28","59.52","","8.00%"
"2019-01-23","59.52","61.90","63.49","50.39","","2.74%"
"2019-01-22","57.93","65.07","65.27","51.98","","-16.58%"
"2019-01-18","69.44","61.30","70.03","60.31","","31.59%"
"2019-01-17","52.77","44.44","54.36","43.84","","20.89%"
"2019-01-16","43.65","42.65","47.61","42.65","","5.77%"
"2019-01-15","41.27","41.27","41.27","41.27","","26.09%"
"2019-01-14","32.73","28.37","35.71","28.37","","-10.82%"
"2019-01-11","36.70","32.53","37.89","31.15","","-3.14%"
"2019-01-10","37.89","22.61","38.09","22.61","","31.75%"
"2019-01-09","28.76","28.37","31.74","23.80","","16.91%"
"2019-01-08","24.60","22.42","24.60","16.07","","44.20%"
"2019-01-07","17.06","12.69","21.62","11.50","","48.35%"
"2019-01-04","11.50","5.75","11.70","5.75","","287.21%"
"2019-01-03","2.97","5.74","7.32","2.97","","-54.52%"
"2019-01-02","6.53","5.97","8.36","5.77","","-40.37%"
"2018-12-31","10.95","8.96","10.95","6.57","","57.10%"
"2018-12-28","6.97","9.16","11.55","5.17","","-5.43%"
"2018-12-27","7.37","2.98","7.37","1.99","","60.92%"
"2018-12-26","4.58","1.39","4.58","1.39","","284.87%"
"2018-12-24","1.19","5.36","5.36","1.19","","-80.03%"
"2018-12-21","5.96","8.74","13.12","5.76","","-18.91%"
"2018-12-20","7.35","9.14","11.53","7.35","","-37.29%"
"2018-12-19","11.72","15.50","19.68","11.53","","-21.40%"
"2018-12-18","14.91","17.89","17.89","13.51","","-3.81%"
"2018-12-17","15.50","21.66","22.66","13.51","","-31.60%"
"2018-12-14","22.66","27.03","28.62","21.86","","-23.50%"
"2018-12-13","29.62","36.38","36.77","28.82","","-8.58%"
"2018-12-12","32.40","36.77","41.15","32.20","","11.65%"
"2018-12-11","29.02","37.17","37.97","26.83","","5.03%"
"2018-12-10","27.63","28.42","29.02","20.07","","6.11%"
"2018-12-07","26.04","40.75","42.54","25.04","","-35.78%"
"2018-12-06","40.55","32.80","40.55","26.24","","0.00%"
"2018-12-05","40.55","40.55","40.55","40.55","","0.00%"
"2018-12-04","40.55","61.63","61.63","40.55","","-36.25%"
"2018-12-03","63.61","66.00","66.00","59.64","","13.87%"
"2018-11-30","55.86","49.40","55.86","49.40","","14.00%"
"2018-11-29","49.00","50.79","51.99","46.81","","-2.76%"
"2018-11-28","50.39","39.56","50.49","37.57","","34.12%"
"2018-11-27","37.57","35.58","37.57","33.79","","4.42%"
"2018-11-26","35.98","32.80","35.98","32.40","","23.13%"
"2018-11-23","29.22","27.83","30.81","27.83","","1.39%"
"2018-11-21","28.82","29.22","31.80","28.62","","2.82%"
"2018-11-20","28.03","31.80","33.00","27.43","","-21.66%"
"2018-11-19","35.78","40.35","41.94","34.19","","-11.76%"
"2018-11-16","40.55","36.18","41.74","35.38","","9.68%"
"2018-11-15","36.97","29.42","37.37","28.03","","12.71%"
"2018-11-14","32.80","41.35","41.35","31.21","","-11.76%"
"2018-11-13","37.17","38.36","41.15","35.98","","5.06%"
"2018-11-12","35.38","43.53","43.53","35.18","","-23.29%"
"2018-11-09","46.12","47.11","47.11","40.55","","-5.69%"
"2018-11-08","48.90","47.31","50.89","46.91","","2.07%"
"2018-11-07","47.91","41.46","48.21","40.47","","37.20%"
"2018-11-06","34.92","29.56","34.92","29.56","","21.42%"
"2018-11-05","28.76","26.19","30.35","24.60","","24.99%"
"2018-11-02","23.01","30.35","30.35","20.03","","-8.65%"
"2018-11-01","25.19","22.61","25.99","22.02","","17.60%"
"2018-10-31","21.42","23.80","26.98","21.23","","-1.83%"
"2018-10-30","21.82","17.26","22.81","17.26","","39.25%"
"2018-10-29","15.67","19.04","19.64","12.50","","55.00%"
"2018-10-26","10.11","13.49","13.49","8.33","","-37.09%"
"2018-10-25","16.07","12.89","18.84","12.89","","20.92%"
"2018-10-24","13.29","17.85","19.84","13.29","","-23.00%"
"2018-10-23","17.26","16.07","19.64","13.09","","-11.21%"
"2018-10-22","19.44","23.21","23.21","19.04","","-13.29%"
"2018-10-19","22.42","23.41","26.98","22.02","","2.75%"
"2018-10-18","21.82","24.00","26.38","17.46","","-14.73%"
"2018-10-17","25.59","24.80","26.78","20.43","","0.00%"
"2018-10-16","25.59","16.46","26.19","16.46","","81.75%"
"2018-10-15","14.08","15.07","18.25","14.08","","-6.57%"
"2018-10-12","15.07","13.46","15.84","9.50","","40.97%"
"2018-10-11","10.69","20.39","21.58","10.29","","-51.78%"
"2018-10-10","22.17","40.99","40.99","22.17","","-51.74%"
"2018-10-09","45.94","46.33","49.30","44.95","","-4.13%"
"2018-10-08","47.92","45.14","48.91","43.96","","0.84%"
"2018-10-05","47.52","49.70","51.88","44.95","","-4.00%"
"2018-10-04","49.50","52.87","52.87","44.55","","-6.71%"
"2018-10-03","53.06","57.42","58.61","52.87","","-4.98%"
"2018-10-02","55.84","55.73","57.70","54.74","","-0.14%"
"2018-10-01","55.92","58.92","60.31","53.75","","2.12%"
"2018-09-28","54.76","53.37","56.34","53.37","","0.00%"
"2018-09-27","54.76","53.96","57.93","53.96","","-0.36%"
"2018-09-26","54.96","58.13","61.11","54.76","","-4.15%"
"2018-09-25","57.34","60.51","60.71","56.74","","-3.99%"
"2018-09-24","59.72","69.24","69.24","59.32","","-14.49%"
"2018-09-21","69.84","70.43","71.03","69.04","","-0.27%"
"2018-09-20","70.03","67.85","70.83","66.46","","7.29%"
"2018-09-19","65.27","67.26","69.04","64.28","","-0.91%"
"2018-09-18","65.87","66.26","67.65","64.68","","0.00%"
"2018-09-17","65.87","67.46","68.25","65.07","","-3.77%"
"2018-09-14","68.45","68.45","69.24","66.66","","2.38%"
"2018-09-13","66.86","66.53","67.12","64.55","","2.64%"
"2018-09-12","65.14","64.15","65.94","62.17","","0.91%"
"2018-09-11","64.55","62.17","66.13","61.58","","-1.81%"
"2018-09-10","65.74","65.54","66.73","65.54","","3.43%"
"2018-09-07","63.56","64.15","65.14","60.99","","-4.75%"
"2018-09-06","66.73","68.51","69.10","65.34","","-2.03%"
"2018-09-05","68.11","65.14","68.71","65.14","","2.07%"
"2018-09-04","66.73","66.93","67.92","64.35","","-3.07%"
"2018-08-31","68.84","67.06","69.84","65.67","","0.28%"
"2018-08-30","68.65","72.42","72.42","67.65","","-8.47%"
"2018-08-29","75.00","72.67","75.84","71.48","","3.49%"
"2018-08-28","72.47","73.46","73.86","70.69","","-0.55%"
"2018-08-27","72.87","70.89","74.05","70.89","","5.75%"
"2018-08-24","68.91","66.93","69.10","66.93","","3.89%"
"2018-08-23","66.33","68.91","69.30","65.54","","-5.11%"
"2018-08-22","69.90","71.08","71.08","69.50","","-1.66%"
"2018-08-21","71.08","70.09","72.67","70.09","","3.75%"
"2018-08-20","68.51","66.33","69.30","66.13","","4.85%"
"2018-08-17","65.34","60.99","66.33","60.99","","5.42%"
"2018-08-16","61.98","59.80","63.96","59.20","","8.70%"
"2018-08-15","57.02","57.02","57.02","57.02","","-7.70%"
"2018-08-14","61.78","59.20","62.77","59.00","","8.35%"
"2018-08-13","57.02","59.40","60.99","57.02","","-6.80%"
"2018-08-10","61.18","62.37","63.36","60.00","","-9.39%"
"2018-08-09","67.52","67.72","69.90","67.52","","-2.29%"
"2018-08-08","69.10","68.91","69.70","66.93","","-1.69%"
"2018-08-07","70.29","68.11","71.28","68.11","","4.41%"
"2018-08-06","67.32","64.15","68.51","64.15","","3.35%"
"2018-08-03","65.14","63.76","65.74","62.37","","4.44%"
"2018-08-02","62.37","55.64","62.97","55.64","","1.28%"
"2018-08-01","61.58","65.14","66.53","59.60","","-7.44%"
"2018-07-31","66.53","66.13","68.31","64.15","","5.79%"
"2018-07-30","62.89","66.46","66.46","62.69","","-6.22%"
"2018-07-27","67.06","72.81","73.80","64.68","","-7.14%"
"2018-07-26","72.22","68.65","73.80","68.65","","8.99%"
"2018-07-25","66.26","63.29","66.66","61.30","","5.02%"
"2018-07-24","63.09","64.88","66.46","60.71","","1.27%"
"2018-07-23","62.30","60.31","63.09","59.12","","0.97%"
"2018-07-20","61.70","62.30","65.27","61.70","","-5.76%"
"2018-07-19","65.47","65.47","66.07","61.70","","-2.08%"
"2018-07-18","66.86","65.47","67.06","65.07","","2.12%"
"2018-07-17","65.47","61.70","66.66","60.91","","4.10%"
"2018-07-16","62.89","65.27","65.27","61.70","","-4.23%"
"2018-07-13","65.67","65.07","66.46","64.08","","1.53%"
"2018-07-12","64.68","63.29","65.47","60.51","","8.31%"
"2018-07-11","59.72","62.89","64.48","59.72","","-14.24%"
"2018-07-10","69.64","68.31","70.09","66.73","","4.36%"
"2018-07-09","66.73","60.59","67.72","60.59","","13.10%"
"2018-07-06","59.00","55.44","59.80","55.44","","5.66%"
"2018-07-05","55.84","54.05","56.63","50.69","","9.32%"
"2018-07-03","51.08","52.87","55.44","51.08","","0.00%"
"2018-07-02","51.08","48.51","51.48","46.73","","-2.65%"
"2018-06-29","52.47","53.76","57.42","52.47","","2.90%"
"2018-06-28","50.99","47.61","52.38","45.63","","6.21%"
"2018-06-27","48.01","55.15","57.34","48.01","","-10.38%"
"2018-06-26","53.57","53.37","55.75","52.38","","1.13%"
"2018-06-25","52.97","59.32","59.32","48.80","","-13.32%"
"2018-06-22","61.11","61.70","63.88","61.11","","5.49%"
"2018-06-21","57.93","61.30","61.30","57.34","","-8.18%"
"2018-06-20","63.09","64.48","65.47","62.50","","-0.63%"
"2018-06-19","63.49","60.83","63.81","59.24","","-3.51%"
"2018-06-18","65.80","63.49","66.46","62.89","","-3.59%"
"2018-06-15","68.25","67.26","68.25","63.88","","-2.28%"
"2018-06-14","69.84","69.44","71.23","68.25","","4.15%"
"2018-06-13","67.06","73.01","73.41","67.06","","-9.38%"
"2018-06-12","74.00","73.41","75.19","72.42","","0.80%"
"2018-06-11","73.41","72.61","75.00","72.61","","3.06%"
"2018-06-08","71.23","68.51","71.28","67.12","","5.49%"
"2018-06-07","67.52","66.13","69.10","65.94","","2.71%"
"2018-06-06","65.74","61.78","65.74","60.59","","10.67%"
"2018-06-05","59.40","59.40","60.19","58.21","","-0.34%"
"2018-06-04","59.60","61.43","62.02","58.25","","-0.72%"
"2018-06-01","60.03","57.73","60.91","57.73","","14.60%"
"2018-05-31","52.38","58.13","58.13","51.58","","-14.00%"
"2018-05-30","60.91","53.37","62.30","53.37","","20.40%"
"2018-05-29","50.59","53.17","54.76","47.02","","-15.00%"
"2018-05-25","59.52","59.72","61.70","57.53","","-1.64%"
"2018-05-24","60.51","60.39","60.59","56.23","","-0.46%"
"2018-05-23","60.79","58.01","60.79","56.43","","-0.64%"
"2018-05-22","61.18","63.16","65.14","60.59","","-2.53%"
"2018-05-21","62.77","60.99","63.76","60.99","","10.45%"
"2018-05-18","56.83","56.83","57.82","56.23","","0.00%"
"2018-05-17","56.83","56.63","59.00","54.65","","0.00%"
"2018-05-16","56.83","54.25","59.60","54.25","","5.91%"
"2018-05-15","53.66","55.64","56.83","51.08","","-12.02%"
"2018-05-14","60.99","63.96","64.35","59.40","","0.33%"
"2018-05-11","60.79","59.80","63.56","57.82","","1.32%"
"2018-05-10","60.00","53.06","61.78","53.06","","16.55%"
"2018-05-09","51.48","48.11","52.87","45.34","","13.04%"
"2018-05-08","45.54","47.52","48.11","41.78","","-3.35%"
"2018-05-07","47.12","47.32","49.50","45.34","","1.27%"
"2018-05-04","46.53","34.65","48.51","34.65","","23.03%"
"2018-05-03","37.82","34.92","39.28","32.14","","-2.73%"
"2018-05-02","38.88","44.04","44.84","38.49","","-15.16%"
"2018-05-01","45.83","43.25","45.83","39.68","","0.88%"
"2018-04-30","45.43","52.38","52.97","45.43","","-7.66%"
"2018-04-27","49.20","49.40","50.79","47.22","","5.08%"
"2018-04-26","46.82","41.86","49.80","41.46","","11.85%"
"2018-04-25","41.86","38.49","43.45","33.13","","0.96%"
"2018-04-24","41.46","51.78","52.18","35.91","","-12.92%"
"2018-04-23","47.61","46.23","50.79","43.45","","4.34%"
"2018-04-20","45.63","52.97","53.57","44.44","","-13.20%"
"2018-04-19","52.57","56.15","56.34","50.00","","-13.12%"
"2018-04-18","60.51","58.73","62.89","58.73","","3.38%"
"2018-04-17","58.53","54.56","60.31","53.37","","18.00%"
"2018-04-16","49.60","45.03","51.98","44.44","","28.20%"
"2018-04-13","38.69","43.84","43.84","36.50","","0.00%"
"2018-04-12","38.69","39.28","41.86","37.50","","8.96%"
"2018-04-11","35.51","35.31","40.27","35.31","","-6.77%"
"2018-04-10","38.09","35.11","40.27","33.92","","39.12%"
"2018-04-09","27.38","28.57","34.72","26.78","","12.21%"
"2018-04-06","24.40","34.92","37.69","21.23","","-36.28%"
"2018-04-05","38.29","36.83","40.00","35.24","","16.49%"
"2018-04-04","32.87","18.61","33.46","18.61","","33.89%"
"2018-04-03","24.55","18.61","24.55","18.01","","38.78%"
"2018-04-02","17.69","28.42","28.62","13.71","","-41.05%"
"2018-03-29","30.01","24.65","32.00","24.05","","39.78%"
"2018-03-28","21.47","23.85","24.45","20.47","","0.00%"
"2018-03-27","21.47","26.64","32.60","20.67","","-18.80%"
"2018-03-26","26.44","20.27","27.03","18.68","","82.22%"
"2018-03-23","14.51","28.03","28.03","14.31","","-37.62%"
"2018-03-22","23.26","34.59","38.36","23.26","","-44.02%"
"2018-03-21","41.55","41.55","45.52","40.15","","1.96%"
"2018-03-20","40.75","42.46","43.45","39.28","","3.74%"
"2018-03-19","39.28","44.64","45.03","35.11","","-18.52%"
"2018-03-16","48.21","45.63","50.19","45.63","","11.99%"
"2018-03-15","43.05","45.23","45.83","42.46","","-2.25%"
"2018-03-14","44.04","51.58","51.58","42.85","","-9.75%"
"2018-03-13","48.80","54.36","56.34","48.01","","-4.67%"
"2018-03-12","51.19","53.96","55.35","49.00","","-4.08%"
"2018-03-09","53.37","44.44","53.37","44.44","","23.40%"
"2018-03-08","43.25","42.17","43.36","39.60","","6.55%"
"2018-03-07","40.59","39.20","40.99","36.23","","-2.85%"
"2018-03-06","41.78","40.39","41.98","36.83","","5.51%"
"2018-03-05","39.60","28.11","41.58","28.11","","21.47%"
"2018-03-02","32.60","25.04","32.80","22.66","","16.30%"
"2018-03-01","28.03","37.77","39.16","23.85","","-25.39%"
"2018-02-28","37.57","46.42","47.02","37.50","","-16.94%"
"2018-02-27","45.23","55.44","56.83","45.23","","-18.71%"
"2018-02-26","55.64","52.47","56.43","50.49","","10.64%"
"2018-02-23","50.29","43.16","50.29","41.78","","25.73%"
"2018-02-22","40.00","42.97","45.34","39.60","","0.00%"
"2018-02-21","40.00","44.15","50.69","40.00","","-3.80%"
"2018-02-20","41.58","43.16","46.93","39.80","","-10.64%"
"2018-02-16","46.53","45.14","51.48","44.55","","0.00%"
"2018-02-15","46.53","42.57","46.53","38.41","","15.20%"
"2018-02-14","40.39","26.93","40.79","26.13","","40.68%"
"2018-02-13","28.71","24.55","29.30","22.37","","11.54%"
"2018-02-12","25.74","24.75","28.11","20.99","","46.08%"
"2018-02-09","17.62","17.82","20.99","7.52","","30.91%"
"2018-02-08","13.46","33.46","33.46","13.46","","-61.80%"
"2018-02-07","35.24","34.85","46.53","34.85","","-5.83%"
"2018-02-06","37.42","16.63","38.81","16.63","","34.99%"
"2018-02-05","27.72","56.03","58.21","27.72","","-53.49%"
"2018-02-02","59.60","68.51","68.51","59.60","","-17.76%"
"2018-02-01","72.47","73.86","74.65","71.08","","-3.18%"
"2018-01-31","74.85","76.83","76.83","73.66","","-2.07%"
"2018-01-30","76.43","78.41","78.41","75.84","","-4.69%"
"2018-01-29","80.19","82.37","82.37","80.00","","-4.26%"
"2018-01-26","83.76","83.16","83.76","82.37","","0.95%"
"2018-01-25","82.97","82.97","83.16","81.58","","0.24%"
"2018-01-24","82.77","84.95","84.95","82.37","","-1.64%"
"2018-01-23","84.15","82.57","84.15","82.37","","1.91%"
"2018-01-22","82.57","81.38","82.57","80.59","","1.95%"
"2018-01-19","80.99","79.20","81.58","79.20","","1.49%"
"2018-01-18","79.80","79.60","80.39","79.20","","-0.49%"
"2018-01-17","80.19","80.19","80.59","79.60","","1.75%"
"2018-01-16","78.81","81.58","81.98","78.81","","-2.69%"
"2018-01-12","80.99","79.80","81.78","79.80","","1.00%"
"2018-01-11","80.19","79.40","80.59","79.20","","1.75%"
"2018-01-10","78.81","80.19","80.19","78.21","","-4.09%"
"2018-01-09","82.17","82.77","83.56","81.98","","0.48%"
"2018-01-08","81.78","81.58","81.98","79.80","","0.00%"
"2018-01-05","81.78","79.76","81.94","79.56","","4.89%"
"2018-01-04","77.97","80.75","80.75","77.97","","-0.51%"
"2018-01-03","78.37","75.19","78.76","75.19","","5.91%"
"2018-01-02","74.00","74.00","75.00","72.42","","3.24%"
"2017-12-29","71.68","75.84","75.84","71.68","","-4.48%"
"2017-12-28","75.04","73.46","75.04","72.67","","2.98%"
"2017-12-27","72.87","72.87","73.86","71.88","","1.38%"
"2017-12-26","71.88","71.68","73.26","71.48","","0.28%"
"2017-12-22","71.68","72.07","72.07","69.90","","-0.28%"
"2017-12-21","71.88","72.27","74.05","71.28","","0.56%"
"2017-12-20","71.48","73.06","73.26","71.08","","-1.09%"
"2017-12-19","72.27","76.63","76.63","72.27","","-3.95%"
"2017-12-18","75.24","75.84","76.83","75.04","","4.11%"
"2017-12-15","72.27","69.10","74.85","69.10","","8.96%"
"2017-12-14","66.33","71.48","72.67","66.33","","-8.47%"
"2017-12-13","72.47","73.86","75.24","72.47","","-0.81%"
"2017-12-12","73.06","75.64","75.84","73.06","","-3.41%"
"2017-12-11","75.64","73.06","75.84","73.06","","2.41%"
"2017-12-08","73.86","71.68","73.86","70.89","","5.38%"
"2017-12-07","70.09","67.52","70.89","67.52","","4.42%"
"2017-12-06","67.12","68.51","69.90","66.73","","-3.15%"
"2017-12-05","69.30","72.07","73.26","68.71","","-4.37%"
"2017-12-04","72.47","79.40","79.40","72.47","","-6.35%"
"2017-12-01","77.38","75.99","77.77","68.05","","3.73%"
"2017-11-30","74.60","75.00","77.77","74.20","","-0.53%"
"2017-11-29","75.00","70.43","75.00","70.43","","6.79%"
"2017-11-28","70.23","61.70","70.23","61.30","","15.30%"
"2017-11-27","60.91","62.50","62.50","59.32","","-1.92%"
"2017-11-24","62.10","64.28","64.28","61.70","","-0.94%"
"2017-11-22","62.69","64.48","65.07","62.69","","0.30%"
"2017-11-21","62.50","62.89","64.08","61.90","","1.30%"
"2017-11-20","61.70","59.92","62.69","59.52","","1.97%"
"2017-11-17","60.51","58.92","62.30","58.92","","-0.98%"
"2017-11-16","61.11","57.93","63.29","57.73","","9.22%"
"2017-11-15","55.95","54.65","59.20","54.65","","-11.15%"
"2017-11-14","62.97","60.39","62.97","58.61","","-1.55%"
"2017-11-13","63.96","60.19","64.55","59.20","","3.19%"
"2017-11-10","61.98","63.16","63.16","60.59","","-2.18%"
"2017-11-09","63.36","62.57","64.75","60.00","","-1.84%"
"2017-11-08","64.55","63.36","64.95","62.97","","0.92%"
"2017-11-07","63.96","65.00","66.00","63.16","","-1.90%"
"2017-11-06","65.20","62.82","66.20","62.22","","0.91%"
"2017-11-03","64.61","63.41","65.60","63.41","","-1.21%"
"2017-11-02","65.40","66.46","66.46","63.09","","-1.59%"
"2017-11-01","66.46","67.06","68.45","66.07","","-0.89%"
"2017-10-31","67.06","65.54","67.92","64.75","","2.01%"
"2017-10-30","65.74","66.93","67.92","65.14","","-4.04%"
"2017-10-27","68.51","64.95","68.71","64.95","","2.98%"
"2017-10-26","66.53","70.69","70.69","66.53","","-4.55%"
"2017-10-25","69.70","71.88","71.88","66.53","","-4.86%"
"2017-10-24","73.26","73.86","73.86","72.47","","-0.54%"
"2017-10-23","73.66","76.43","77.62","73.46","","-3.37%"
"2017-10-20","76.23","76.83","77.42","75.64","","0.00%"
"2017-10-19","76.23","73.46","76.23","71.08","","1.84%"
"2017-10-18","74.85","75.24","75.44","73.46","","2.17%"
"2017-10-17","73.26","72.67","73.86","72.47","","0.54%"
"2017-10-16","72.87","74.05","74.05","71.88","","-1.86%"
"2017-10-13","74.25","75.64","76.43","73.86","","-0.27%"
"2017-10-12","74.45","71.68","75.04","70.89","","4.45%"
"2017-10-11","71.28","71.68","72.87","70.49","","0.00%"
"2017-10-10","71.28","71.08","72.87","70.49","","0.83%"
"2017-10-09","70.69","71.88","71.88","69.70","","-2.72%"
"2017-10-06","72.67","72.47","73.06","71.68","","-1.61%"
"2017-10-05","73.86","72.02","74.60","72.02","","3.42%"
"2017-10-04","71.42","69.24","71.82","69.04","","2.26%"
"2017-10-03","69.84","67.65","69.84","66.46","","3.24%"
"2017-10-02","67.65","66.66","67.65","66.66","","3.02%"
"2017-09-29","65.67","64.08","66.26","63.69","","5.07%"
"2017-09-28","62.50","62.69","63.69","59.92","","-1.25%"
"2017-09-27","63.29","63.88","63.88","59.92","","3.57%"
"2017-09-26","61.11","61.30","63.69","61.11","","0.00%"
"2017-09-25","61.11","59.92","61.30","56.94","","2.33%"
"2017-09-22","59.72","59.92","60.31","58.73","","-0.98%"
"2017-09-21","60.31","61.90","62.89","60.31","","-4.10%"
"2017-09-20","62.89","64.88","64.88","59.92","","-3.94%"
"2017-09-19","65.47","65.27","66.26","62.30","","1.22%"
"2017-09-18","64.68","62.50","65.27","62.30","","4.15%"
"2017-09-15","62.10","61.50","62.69","59.32","","0.00%"
"2017-09-14","62.10","60.99","62.77","59.60","","-0.75%"
"2017-09-13","62.57","63.36","64.95","61.98","","-0.64%"
"2017-09-12","62.97","62.57","64.35","62.17","","1.29%"
"2017-09-11","62.17","58.01","62.17","58.01","","17.17%"
"2017-09-08","53.06","50.69","55.24","50.69","","0.74%"
"2017-09-07","52.67","52.67","52.87","49.90","","-1.11%"
"2017-09-06","53.26","53.06","54.45","51.08","","7.16%"
"2017-09-05","49.70","53.06","53.86","45.74","","-8.57%"
"2017-09-01","54.36","53.06","56.63","53.06","","6.82%"
"2017-08-31","50.89","49.10","52.27","49.10","","9.37%"
"2017-08-30","46.53","41.38","47.52","41.38","","9.30%"
"2017-08-29","42.57","39.60","43.36","39.20","","-1.37%"
"2017-08-28","43.16","46.33","46.33","41.58","","-5.23%"
"2017-08-25","45.54","45.94","48.31","43.96","","6.48%"
"2017-08-24","42.77","46.13","46.33","42.77","","-3.13%"
"2017-08-23","44.15","44.95","46.73","43.96","","-6.70%"
"2017-08-22","47.32","41.78","48.31","41.78","","17.16%"
"2017-08-21","40.39","38.81","40.99","37.02","","2.51%"
"2017-08-18","39.40","40.39","43.56","37.62","","-5.24%"
"2017-08-17","41.58","51.28","51.88","41.58","","-21.93%"
"2017-08-16","53.26","53.46","54.65","52.67","","2.66%"
"2017-08-15","51.88","51.28","52.27","49.90","","-2.22%"
"2017-08-14","53.06","50.09","53.66","50.09","","25.23%"
"2017-08-11","42.37","43.45","45.23","41.18","","-2.93%"
"2017-08-10","43.65","52.77","52.77","43.65","","-21.70%"
"2017-08-09","55.75","54.96","55.75","52.77","","-1.40%"
"2017-08-08","56.54","58.92","61.50","56.15","","-7.48%"
"2017-08-07","61.11","60.51","61.70","59.32","","-0.96%"
"2017-08-04","61.70","61.11","61.70","58.53","","4.36%"
"2017-08-03","59.12","58.73","59.72","57.14","","-2.94%"
"2017-08-02","60.91","60.11","60.91","57.14","","-3.46%"
"2017-08-01","63.09","63.96","63.96","60.19","","0.19%"
"2017-07-31","62.97","63.36","64.15","61.38","","0.32%"
"2017-07-28","62.77","63.36","63.36","59.80","","-2.46%"
"2017-07-27","64.35","63.36","66.13","59.40","","-3.28%"
"2017-07-26","66.53","67.19","68.37","65.41","","-4.08%"
"2017-07-25","69.36","69.16","70.94","68.57","","2.03%"
"2017-07-24","67.98","69.16","69.56","67.98","","-4.98%"
"2017-07-21","71.54","70.35","71.54","69.16","","-0.20%"
"2017-07-20","71.68","73.86","73.86","70.69","","-2.16%"
"2017-07-19","73.26","68.31","73.26","68.31","","9.15%"
"2017-07-18","67.12","67.32","68.31","66.53","","-4.24%"
"2017-07-17","70.09","68.71","72.07","68.71","","0.85%"
"2017-07-14","69.50","66.53","70.49","66.53","","9.69%"
"2017-07-13","63.36","63.96","64.55","62.97","","-1.54%"
"2017-07-12","64.35","64.15","65.54","63.36","","11.29%"
"2017-07-11","57.82","56.03","58.61","54.65","","2.10%"
"2017-07-10","56.63","59.00","59.00","56.63","","-4.02%"
"2017-07-07","59.00","55.24","61.18","54.85","","9.95%"
"2017-07-06","53.66","58.41","58.41","53.06","","-15.04%"
"2017-07-05","63.16","65.74","65.74","61.38","","-4.22%"
"2017-07-03","65.94","64.15","67.92","64.15","","7.78%"
"2017-06-30","61.18","61.98","64.15","60.19","","5.98%"
"2017-06-29","57.73","65.87","65.87","54.36","","-16.62%"
"2017-06-28","69.24","65.27","71.23","65.27","","14.05%"
"2017-06-27","60.71","66.66","69.44","60.71","","-8.38%"
"2017-06-26","66.26","64.88","67.65","64.88","","3.40%"
"2017-06-23","64.08","62.50","64.68","62.10","","3.19%"
"2017-06-22","62.10","63.09","64.68","61.50","","-2.79%"
"2017-06-21","63.88","68.45","68.84","62.69","","-5.57%"
"2017-06-20","67.65","72.81","72.81","67.65","","-7.85%"
"2017-06-19","73.41","70.63","73.80","70.03","","6.93%"
"2017-06-16","68.65","69.10","69.10","65.14","","-2.61%"
"2017-06-15","70.49","67.12","70.69","66.13","","-0.56%"
"2017-06-14","70.89","73.26","74.25","68.51","","-2.72%"
"2017-06-13","72.87","69.90","73.26","69.90","","3.38%"
"2017-06-12","70.49","69.10","70.49","67.72","","2.89%"
"2017-06-09","68.51","64.55","68.91","64.55","","8.13%"
"2017-06-08","63.36","61.98","65.54","60.59","","2.56%"
"2017-06-07","61.78","62.17","62.97","61.38","","0.65%"
"2017-06-06","61.38","60.59","62.37","60.59","","-3.12%"
"2017-06-05","63.36","64.15","66.33","63.36","","-4.19%"
"2017-06-02","66.13","65.94","66.93","64.15","","-0.60%"
"2017-06-01","66.53","59.20","66.53","59.20","","14.69%"
"2017-05-31","58.01","58.01","58.21","55.64","","0.33%"
"2017-05-30","57.82","56.23","58.61","55.84","","-0.33%"
"2017-05-26","58.01","58.01","59.60","57.62","","-1.68%"
"2017-05-25","59.00","56.63","59.80","56.63","","5.30%"
"2017-05-24","56.03","54.65","56.83","54.25","","3.66%"
"2017-05-23","54.05","54.85","56.63","52.67","","1.48%"
"2017-05-22","53.26","52.67","53.66","51.48","","6.33%"
"2017-05-19","50.09","45.94","51.48","44.95","","12.44%"
"2017-05-18","44.55","40.99","47.12","40.99","","6.63%"
"2017-05-17","41.78","48.31","48.31","41.78","","-22.70%"
"2017-05-16","54.05","58.61","58.61","53.26","","-7.15%"
"2017-05-15","58.21","56.03","58.81","56.03","","8.08%"
"2017-05-12","53.86","54.45","54.45","52.27","","-5.87%"
"2017-05-11","57.22","57.42","57.42","52.67","","-2.37%"
"2017-05-10","58.61","56.63","58.61","55.44","","4.23%"
"2017-05-09","56.23","56.83","57.82","54.45","","-2.75%"
"2017-05-08","57.82","60.00","60.00","56.63","","-2.66%"
"2017-05-05","59.40","57.42","59.40","55.64","","6.76%"
"2017-05-04","55.64","56.03","56.03","52.27","","5.64%"
"2017-05-03","52.67","54.25","54.65","50.69","","-6.99%"
"2017-05-02","56.63","56.23","56.83","53.66","","4.00%"
"2017-05-01","54.45","55.44","56.43","53.26","","-2.14%"
"2017-04-28","55.64","59.80","60.99","54.85","","-9.65%"
"2017-04-27","61.58","61.98","63.56","58.81","","0.65%"
"2017-04-26","61.18","62.37","67.32","60.79","","0.31%"
"2017-04-25","60.99","61.78","64.35","60.79","","3.02%"
"2017-04-24","59.20","60.59","60.59","57.22","","18.64%"
"2017-04-21","49.90","54.25","55.04","49.30","","-9.34%"
"2017-04-20","55.04","47.72","57.42","47.32","","19.81%"
"2017-04-19","45.94","51.28","51.48","44.55","","-0.84%"
"2017-04-18","46.33","44.55","49.50","43.36","","-6.78%"
"2017-04-17","49.70","43.16","49.70","41.98","","21.25%"
"2017-04-13","40.99","47.32","49.50","40.99","","-16.86%"
"2017-04-12","49.30","53.06","54.05","48.51","","-12.94%"
"2017-04-11","56.63","52.67","57.02","48.11","","-1.03%"
"2017-04-10","57.22","56.43","60.79","54.05","","2.84%"
"2017-04-07","55.64","56.85","57.85","54.47","","-1.45%"
"2017-04-06","56.46","53.28","58.64","52.48","","8.41%"
"2017-04-05","52.08","57.85","62.22","50.89","","-4.39%"
"2017-04-04","54.47","51.49","54.47","51.49","","1.49%"
"2017-04-03","53.67","58.84","58.84","49.90","","-9.10%"
"2017-03-31","59.04","59.24","62.22","59.04","","-1.98%"
"2017-03-30","60.23","56.46","61.03","56.46","","5.95%"
"2017-03-29","56.85","54.67","56.85","53.87","","0.34%"
"2017-03-28","56.66","50.49","58.84","49.30","","9.64%"
"2017-03-27","51.68","47.11","52.08","45.52","","-3.35%"
"2017-03-24","53.47","56.06","58.25","51.68","","-1.47%"
"2017-03-23","54.27","52.48","59.44","52.48","","-1.79%"
"2017-03-22","55.26","50.69","55.66","50.69","","5.30%"
"2017-03-21","52.48","67.39","67.39","52.28","","-20.48%"
"2017-03-20","66.00","65.60","66.60","64.41","","-0.30%"
"2017-03-17","66.20","69.58","69.58","66.20","","-4.03%"
"2017-03-16","68.98","70.77","71.96","68.38","","-0.86%"
"2017-03-15","69.58","66.00","70.97","64.81","","7.36%"
"2017-03-14","64.81","64.55","65.54","61.78","","-3.17%"
"2017-03-13","66.93","67.32","67.72","65.94","","-0.28%"
"2017-03-10","67.12","68.44","68.44","64.55","","5.04%"
"2017-03-09","63.90","66.07","67.65","62.32","","-4.14%"
"2017-03-08","66.66","70.21","70.21","66.66","","-3.98%"
"2017-03-07","69.42","71.40","71.99","69.42","","-4.87%"
"2017-03-06","72.97","73.96","73.96","71.59","","-2.38%"
"2017-03-03","74.75","76.13","76.13","72.78","","-0.27%"
"2017-03-02","74.95","76.33","77.12","74.95","","-3.55%"
"2017-03-01","77.71","77.31","78.30","76.72","","6.20%"
"2017-02-28","73.17","75.39","75.78","72.44","","-5.89%"
"2017-02-27","77.75","77.16","78.14","76.18","","2.06%"
"2017-02-24","76.18","71.25","76.18","71.25","","0.78%"
"2017-02-23","75.59","76.57","77.36","74.60","","-0.51%"
"2017-02-22","75.98","76.57","77.55","74.60","","-2.28%"
"2017-02-21","77.75","74.21","78.34","74.21","","6.19%"
"2017-02-17","73.22","70.27","73.22","69.68","","-0.54%"
"2017-02-16","73.62","74.80","75.59","71.85","","-0.53%"
"2017-02-15","74.01","72.04","75.19","71.25","","0.00%"
"2017-02-14","74.01","71.06","74.01","69.48","","0.53%"
"2017-02-13","73.62","71.25","74.40","70.47","","6.87%"
"2017-02-10","68.89","65.74","69.48","65.74","","4.16%"
"2017-02-09","66.14","59.64","67.32","59.64","","11.63%"
"2017-02-08","59.25","56.29","59.84","56.29","","1.35%"
"2017-02-07","58.46","61.22","63.18","57.28","","-4.80%"
"2017-02-06","61.41","63.18","63.97","60.23","","-4.27%"
"2017-02-03","64.15","62.17","64.95","60.39","","13.28%"
"2017-02-02","56.63","55.24","57.82","55.24","","0.71%"
"2017-02-01","56.23","61.98","61.98","54.65","","-8.39%"
"2017-01-31","61.38","60.39","61.58","58.41","","0.33%"
"2017-01-30","61.18","61.18","61.38","56.03","","-10.17%"
"2017-01-27","68.11","69.50","70.09","67.12","","-5.24%"
"2017-01-26","71.88","72.87","74.65","71.28","","-5.22%"
"2017-01-25","75.84","74.45","75.84","74.05","","4.94%"
"2017-01-24","72.27","67.72","73.26","66.93","","11.27%"
"2017-01-23","64.95","67.52","67.52","61.58","","-4.64%"
"2017-01-20","68.11","70.89","70.89","65.94","","3.61%"
"2017-01-19","65.74","71.28","71.28","64.55","","-10.75%"
"2017-01-18","73.66","70.69","75.24","70.69","","0.00%"
"2017-01-17","73.66","71.03","76.63","71.03","","0.61%"
"2017-01-13","73.21","74.30","75.09","72.61","","-1.47%"
"2017-01-12","74.30","70.15","74.30","65.61","","-0.54%"
"2017-01-11","74.70","72.13","75.09","69.56","","3.85%"
"2017-01-10","71.93","72.72","76.08","71.73","","-3.45%"
"2017-01-09","74.50","75.29","76.87","74.30","","-5.52%"
"2017-01-06","78.85","78.69","82.05","77.51","","-2.26%"
"2017-01-05","80.67","78.50","80.67","75.54","","0.50%"
"2017-01-04","80.27","77.12","80.86","77.12","","11.21%"
"2017-01-03","72.18","69.62","72.18","66.66","","12.27%"
"2016-12-30","64.29","68.04","68.04","62.91","","-5.79%"
"2016-12-29","68.24","67.65","68.83","67.06","","3.60%"
"2016-12-28","65.87","72.78","72.78","65.48","","-11.64%"
"2016-12-27","74.55","75.73","75.93","73.76","","3.56%"
"2016-12-23","71.99","72.38","73.57","70.61","","2.83%"
"2016-12-22","70.01","71.00","71.20","69.03","","-4.58%"
"2016-12-21","73.37","74.35","75.14","73.37","","1.09%"
"2016-12-20","72.58","73.17","74.16","71.79","","0.28%"
"2016-12-19","72.38","74.95","74.95","71.59","","2.23%"
"2016-12-16","70.80","72.58","72.97","70.21","","-0.56%"
"2016-12-15","71.20","69.42","74.55","69.42","","0.00%"
"2016-12-14","71.20","78.10","78.10","71.00","","-9.30%"
"2016-12-13","78.50","78.50","78.50","78.50","","6.14%"
"2016-12-12","73.96","74.95","74.95","72.38","","-0.20%"
"2016-12-09","74.11","73.71","74.11","72.13","","3.88%"
"2016-12-08","71.34","68.97","72.72","68.97","","2.85%"
"2016-12-07","69.36","64.89","69.36","64.49","","6.89%"
"2016-12-06","64.89","63.11","65.08","62.91","","4.12%"
"2016-12-05","62.32","60.94","62.72","60.74","","5.68%"
"2016-12-02","58.97","59.96","60.35","57.98","","2.40%"
"2016-12-01","57.59","61.73","62.32","57.00","","-4.57%"
"2016-11-30","60.35","66.86","66.86","60.35","","-6.13%"
"2016-11-29","64.29","63.11","67.06","62.72","","0.00%"
"2016-11-28","64.29","66.27","66.27","63.70","","-5.25%"
"2016-11-25","67.85","66.86","68.04","66.66","","5.21%"
"2016-11-23","64.49","64.69","65.68","63.31","","0.31%"
"2016-11-22","64.29","62.91","65.48","62.32","","2.19%"
"2016-11-21","62.91","60.94","62.91","60.94","","7.76%"
"2016-11-18","58.38","58.77","59.36","58.38","","-2.31%"
"2016-11-17","59.76","58.77","60.35","58.38","","5.58%"
"2016-11-16","56.60","57.00","57.98","56.21","","-2.72%"
"2016-11-15","58.18","57.19","58.97","55.81","","4.98%"
"2016-11-14","55.42","54.43","56.21","52.66","","4.86%"
"2016-11-11","52.85","54.63","54.63","50.69","","-4.29%"
"2016-11-10","55.22","58.97","58.97","51.47","","2.95%"
"2016-11-09","53.64","39.05","54.63","39.05","","10.55%"
"2016-11-08","48.52","41.42","51.28","40.82","","14.98%"
"2016-11-07","42.20","35.30","42.20","35.30","","58.53%"
"2016-11-04","26.62","27.21","30.96","26.42","","3.06%"
"2016-11-03","25.83","28.99","29.19","24.45","","-2.97%"
"2016-11-02","26.62","30.17","30.17","26.42","","-11.77%"
"2016-11-01","30.17","36.29","38.06","28.00","","-18.19%"
"2016-10-31","36.88","35.10","39.25","34.51","","12.65%"
"2016-10-28","32.74","34.91","38.46","31.16","","8.52%"
"2016-10-27","30.17","34.71","34.71","29.98","","-10.02%"
"2016-10-26","33.53","30.96","35.89","30.96","","-1.73%"
"2016-10-25","34.12","36.09","36.09","32.93","","-8.94%"
"2016-10-24","37.47","39.25","39.44","35.89","","10.47%"
"2016-10-21","33.92","28.59","33.92","28.59","","1.16%"
"2016-10-20","33.53","31.75","35.30","30.37","","-7.61%"
"2016-10-19","36.29","30.76","36.48","29.98","","17.98%"
"2016-10-18","30.76","31.36","32.93","29.38","","20.91%"
"2016-10-17","25.44","26.23","28.79","25.44","","-6.50%"
"2016-10-14","27.21","33.72","34.51","27.21","","5.34%"
"2016-10-13","25.83","25.24","28.00","20.71","","-18.65%"
"2016-10-12","31.75","31.36","34.12","31.16","","-3.02%"
"2016-10-11","32.74","41.42","41.42","29.58","","-28.14%"
"2016-10-10","45.56","47.53","47.92","45.16","","6.45%"
"2016-10-07","42.80","44.97","45.36","38.85","","-11.42%"
"2016-10-06","48.32","45.36","48.71","43.78","","1.66%"
"2016-10-05","47.53","44.77","47.92","44.77","","15.31%"
"2016-10-04","41.22","46.90","47.30","39.05","","-10.59%"
"2016-10-03","46.10","44.11","47.30","43.71","","-6.11%"
"2016-09-30","49.10","45.10","51.49","42.51","","25.51%"
"2016-09-29","39.12","48.30","51.49","36.32","","-20.97%"
"2016-09-28","49.50","44.51","49.70","39.72","","13.77%"
"2016-09-27","43.51","37.92","45.10","37.92","","11.22%"
"2016-09-26","39.12","42.43","42.43","38.44","","-17.82%"
"2016-09-23","47.60","49.00","51.59","47.60","","-11.49%"
"2016-09-22","53.78","50.99","55.17","50.79","","18.43%"
"2016-09-21","45.41","36.45","45.81","33.46","","44.30%"
"2016-09-20","31.47","35.25","36.25","31.47","","-5.95%"
"2016-09-19","33.46","34.06","36.85","31.87","","8.39%"
"2016-09-16","30.87","29.08","32.07","27.88","","-13.41%"
"2016-09-15","35.65","27.68","36.65","27.68","","24.30%"
"2016-09-14","28.68","30.67","33.06","27.29","","-9.44%"
"2016-09-13","31.67","37.25","37.25","29.68","","-25.01%"
"2016-09-12","42.23","32.07","45.01","31.87","","23.99%"
"2016-09-09","34.06","46.81","46.81","34.06","","-38.05%"
"2016-09-08","54.98","56.06","58.64","54.98","","-8.41%"
"2016-09-07","60.03","58.84","60.03","57.25","","1.33%"
"2016-09-06","59.24","58.92","59.72","54.56","","0.20%"
"2016-09-02","59.12","60.91","62.30","57.73","","7.20%"
"2016-09-01","55.15","55.95","56.34","51.38","","-2.46%"
"2016-08-31","56.54","56.74","58.13","52.77","","-5.94%"
"2016-08-30","60.11","61.70","61.90","58.13","","-3.20%"
"2016-08-29","62.10","62.10","63.69","61.30","","5.04%"
"2016-08-26","59.12","64.08","66.86","56.94","","-4.80%"
"2016-08-25","62.10","63.49","64.48","61.70","","-3.69%"
"2016-08-24","64.48","67.85","68.25","62.89","","-6.33%"
"2016-08-23","68.84","70.43","71.42","68.84","","2.65%"
"2016-08-22","67.06","64.88","68.05","64.88","","-1.16%"
"2016-08-19","67.85","65.87","67.85","65.67","","-1.17%"
"2016-08-18","68.65","67.46","69.24","67.06","","2.07%"
"2016-08-17","67.26","64.48","67.26","62.69","","0.60%"
"2016-08-16","66.86","68.45","69.64","66.86","","-7.16%"
"2016-08-15","72.02","72.42","73.01","71.82","","3.42%"
"2016-08-12","69.64","70.23","72.22","68.25","","-1.96%"
"2016-08-11","71.03","70.83","72.42","69.24","","5.00%"
"2016-08-10","67.65","70.63","70.83","66.86","","-1.46%"
"2016-08-09","68.65","69.84","72.42","68.05","","-4.43%"
"2016-08-08","71.83","71.83","71.83","71.83","","-1.07%"
"2016-08-05","72.61","71.42","73.01","69.64","","11.59%"
"2016-08-04","65.07","67.26","67.26","63.69","","-2.97%"
"2016-08-03","67.06","63.09","67.26","63.09","","4.65%"
"2016-08-02","64.08","68.65","69.04","61.70","","-10.28%"
"2016-08-01","71.42","73.01","76.19","69.84","","-4.01%"
"2016-07-29","74.40","74.20","76.19","71.03","","-0.80%"
"2016-07-28","75.00","72.81","76.19","72.81","","0.27%"
"2016-07-27","74.80","78.76","79.76","72.61","","-9.37%"
"2016-07-26","82.53","83.53","83.73","78.96","","0.47%"
"2016-07-25","82.14","82.73","82.73","79.96","","-3.27%"
"2016-07-22","84.92","81.15","84.92","81.15","","3.89%"
"2016-07-21","81.74","85.71","87.10","80.75","","-3.74%"
"2016-07-20","84.92","81.34","86.30","81.34","","1.42%"
"2016-07-19","83.73","85.11","85.11","82.53","","-3.43%"
"2016-07-18","86.70","83.92","87.30","83.92","","1.16%"
"2016-07-15","85.71","84.52","86.50","84.52","","-0.68%"
"2016-07-14","86.30","86.50","88.49","85.51","","5.32%"
"2016-07-13","81.94","81.94","82.93","79.76","","-0.95%"
"2016-07-12","82.73","80.75","83.92","80.35","","10.60%"
"2016-07-11","74.80","75.79","76.58","73.41","","7.10%"
"2016-07-08","69.84","65.47","71.82","63.69","","25.72%"
"2016-07-07","55.55","59.12","61.11","53.57","","1.07%"
"2016-07-06","54.96","47.22","55.15","47.02","","12.16%"
"2016-07-05","49.00","51.39","51.39","46.21","","-14.66%"
"2016-07-01","57.42","58.41","61.98","56.03","","2.48%"
"2016-06-30","56.03","46.53","56.03","44.35","","25.77%"
"2016-06-29","44.55","39.20","45.34","39.20","","41.52%"
"2016-06-28","31.48","28.11","31.48","25.74","","48.63%"
"2016-06-27","21.18","25.34","25.34","19.60","","-35.93%"
"2016-06-24","33.06","42.57","46.33","32.07","","-53.75%"
"2016-06-23","71.48","66.73","71.48","65.94","","25.36%"
"2016-06-22","57.02","60.07","63.04","57.02","","-3.81%"
"2016-06-21","59.28","57.50","60.27","55.13","","-0.34%"
"2016-06-20","59.48","64.22","64.82","58.89","","19.92%"
"2016-06-17","49.60","49.60","51.58","45.45","","0.00%"
"2016-06-16","49.60","42.49","50.59","39.32","","4.58%"
"2016-06-15","47.43","50.19","55.73","47.23","","-5.50%"
"2016-06-14","50.19","52.56","52.56","45.65","","-6.27%"
"2016-06-13","53.55","58.49","61.26","53.55","","-10.85%"
"2016-06-10","60.07","61.85","63.83","57.50","","-16.03%"
"2016-06-09","71.54","68.97","72.92","66.79","","-4.23%"
"2016-06-08","74.70","73.91","75.49","71.34","","3.56%"
"2016-06-07","72.13","68.97","73.71","68.97","","4.58%"
"2016-06-06","68.97","67.39","69.36","65.81","","3.56%"
"2016-06-03","66.60","63.79","67.19","60.40","","-2.06%"
"2016-06-02","68.00","64.19","68.00","62.00","","4.31%"
"2016-06-01","65.19","61.20","65.80","61.20","","0.93%"
"2016-05-31","64.59","64.40","65.80","62.40","","-0.92%"
"2016-05-27","65.19","63.40","65.19","61.79","","6.52%"
"2016-05-26","61.20","62.20","62.79","60.00","","2.00%"
"2016-05-25","60.00","58.00","61.79","58.00","","7.55%"
"2016-05-24","55.79","48.20","55.79","48.20","","25.65%"
"2016-05-23","44.40","45.79","47.00","44.20","","-3.90%"
"2016-05-20","46.20","44.20","47.20","44.20","","17.26%"
"2016-05-19","39.40","41.31","41.31","34.73","","-11.88%"
"2016-05-18","44.71","43.11","50.89","40.11","","-4.67%"
"2016-05-17","46.90","51.69","57.08","45.50","","-16.07%"
"2016-05-16","55.88","52.39","57.17","50.59","","14.04%"
"2016-05-13","49.00","59.16","59.16","48.80","","-17.17%"
"2016-05-12","59.16","61.95","62.35","55.97","","-2.94%"
"2016-05-11","60.95","66.53","67.52","60.95","","-12.83%"
"2016-05-10","69.92","64.94","69.92","64.94","","15.47%"
"2016-05-09","60.55","62.54","63.34","59.36","","-1.94%"
"2016-05-06","61.75","57.96","61.75","53.98","","5.81%"
"2016-05-05","58.36","59.76","63.14","57.37","","-5.49%"
"2016-05-04","61.75","58.76","64.14","58.36","","-8.29%"
"2016-05-03","67.33","67.79","68.78","64.01","","-7.46%"
"2016-05-02","72.76","69.78","73.35","68.78","","8.94%"
"2016-04-29","66.79","67.79","67.79","62.42","","-10.41%"
"2016-04-28","74.55","76.58","80.35","73.01","","-6.30%"
"2016-04-27","79.56","77.97","81.54","75.79","","3.35%"
"2016-04-26","76.98","78.57","79.16","75.99","","-0.76%"
"2016-04-25","77.57","76.19","77.97","75.19","","-1.27%"
"2016-04-22","78.57","78.17","79.36","75.79","","0.51%"
"2016-04-21","78.17","81.54","83.13","77.97","","-8.37%"
"2016-04-20","85.31","88.69","89.08","85.31","","-4.45%"
"2016-04-19","89.28","89.48","90.67","88.29","","-1.10%"
"2016-04-18","90.27","87.30","90.47","87.30","","2.71%"
"2016-04-15","87.89","87.69","88.49","86.70","","1.14%"
"2016-04-14","86.90","88.88","89.68","86.90","","-3.52%"
"2016-04-13","90.07","88.09","90.47","87.10","","6.57%"
"2016-04-12","84.52","83.73","86.11","80.35","","2.16%"
"2016-04-11","82.73","84.72","87.89","82.73","","-0.48%"
"2016-04-08","83.13","85.51","87.50","81.54","","0.96%"
"2016-04-07","82.34","88.49","88.88","81.34","","-9.19%"
"2016-04-06","90.67","86.28","90.67","86.28","","3.19%"
"2016-04-05","87.87","87.10","89.08","87.10","","-2.87%"
"2016-04-04","90.47","94.24","94.24","89.88","","-2.15%"
"2016-04-01","92.46","88.29","92.46","88.29","","0.87%"
"2016-03-31","91.66","93.05","93.05","91.26","","-1.92%"
"2016-03-30","93.45","93.84","94.84","91.86","","0.86%"
"2016-03-29","92.65","88.29","92.65","88.29","","2.41%"
"2016-03-28","90.47","90.07","91.46","89.48","","0.63%"
"2016-03-24","89.90","88.51","89.90","88.11","","-1.94%"
"2016-03-23","91.68","92.27","92.87","91.28","","-2.11%"
"2016-03-22","93.66","92.27","94.25","91.68","","1.07%"
"2016-03-21","92.67","92.67","93.46","92.27","","0.03%"
"2016-03-18","92.64","90.65","92.84","90.65","","2.88%"
"2016-03-17","90.05","89.46","90.85","88.07","","0.00%"
"2016-03-16","90.05","87.07","90.25","86.87","","3.66%"
"2016-03-15","86.87","87.27","87.27","85.88","","-2.24%"
"2016-03-14","88.86","88.66","89.46","87.67","","0.67%"
"2016-03-11","88.27","84.49","88.27","84.49","","14.44%"
"2016-03-10","77.13","79.92","83.10","72.16","","1.30%"
"2016-03-09","76.14","75.74","77.93","74.75","","5.81%"
"2016-03-08","71.96","76.73","77.33","71.96","","-10.40%"
"2016-03-07","80.31","79.16","80.95","77.77","","-1.75%"
"2016-03-04","81.74","77.97","84.12","77.97","","3.00%"
"2016-03-03","79.36","71.23","79.36","71.23","","8.70%"
"2016-03-02","73.01","70.43","73.01","66.86","","4.54%"
"2016-03-01","69.84","60.11","69.84","60.11","","22.66%"
"2016-02-29","56.94","58.73","62.69","56.74","","-4.53%"
"2016-02-26","59.64","60.23","62.82","58.84","","3.45%"
"2016-02-25","57.65","51.09","57.65","49.30","","14.18%"
"2016-02-24","50.49","42.14","50.49","40.95","","8.53%"
"2016-02-23","46.52","52.77","52.77","46.42","","-12.83%"
"2016-02-22","53.37","52.97","53.37","50.59","","25.13%"
"2016-02-19","42.65","38.09","42.65","38.09","","-1.84%"
"2016-02-18","43.45","42.06","44.84","41.46","","-1.34%"
"2016-02-17","44.04","38.49","45.03","38.49","","26.12%"
"2016-02-16","34.92","32.14","34.92","30.15","","34.36%"
"2016-02-12","25.99","23.01","25.99","22.42","","35.08%"
"2016-02-11","19.24","17.06","19.84","15.67","","-14.90%"
"2016-02-10","22.61","24.40","26.58","22.42","","-0.88%"
"2016-02-09","22.81","20.23","24.20","20.23","","5.50%"
"2016-02-08","21.62","22.22","22.22","18.65","","-15.51%"
"2016-02-05","25.59","29.96","29.96","25.00","","-16.24%"
"2016-02-04","30.55","29.16","33.53","27.77","","-0.65%"
"2016-02-03","30.75","27.92","30.89","22.97","","27.33%"
"2016-02-02","24.15","27.66","27.66","22.92","","-26.82%"
"2016-02-01","33.00","26.64","34.19","25.64","","11.41%"
"2016-01-29","29.62","21.27","29.62","21.27","","63.74%"
"2016-01-28","18.09","17.49","19.28","16.10","","10.98%"
"2016-01-27","16.30","18.88","21.27","15.10","","-14.57%"
"2016-01-26","19.08","16.89","19.28","16.69","","29.71%"
"2016-01-25","14.71","15.90","16.69","14.71","","-12.91%"
"2016-01-22","16.89","14.51","17.69","14.51","","51.75%"
"2016-01-21","11.13","8.74","12.72","8.74","","21.77%"
"2016-01-20","9.14","10.13","10.33","3.97","","-25.81%"
"2016-01-19","12.32","12.32","13.32","11.13","","14.82%"
"2016-01-15","10.73","10.51","11.50","8.53","","-22.69%"
"2016-01-14","13.88","11.50","15.67","10.51","","32.06%"
"2016-01-13","10.51","17.26","17.46","10.51","","-37.66%"
"2016-01-12","16.86","16.86","17.06","13.49","","19.74%"
"2016-01-11","14.08","14.08","14.88","12.89","","10.95%"
"2016-01-08","12.69","16.26","16.66","12.69","","-21.03%"
"2016-01-07","16.07","18.25","19.44","15.07","","-31.35%"
"2016-01-06","23.41","23.41","25.39","20.43","","-23.87%"
"2016-01-05","30.75","30.35","31.34","26.58","","17.41%"
"2016-01-04","26.19","24.40","26.19","18.84","","-33.66%"
"2015-12-31","39.48","44.44","47.22","39.48","","-17.77%"
"2015-12-30","48.01","53.26","54.65","48.01","","-13.40%"
"2015-12-29","55.44","53.86","55.84","52.67","","18.13%"
"2015-12-28","46.93","45.34","47.12","40.59","","-6.31%"
"2015-12-24","50.09","49.70","52.67","47.52","","-3.08%"
"2015-12-23","51.68","44.95","51.68","44.95","","32.51%"
"2015-12-22","39.00","30.69","40.99","29.90","","26.25%"
"2015-12-21","30.89","29.70","31.28","25.14","","30.01%"
"2015-12-18","23.76","32.87","32.87","23.76","","-41.46%"
"2015-12-17","40.59","48.91","48.91","40.59","","-21.76%"
"2015-12-16","51.88","46.73","52.87","42.77","","33.68%"
"2015-12-15","38.81","37.54","42.29","35.96","","28.38%"
"2015-12-14","30.23","26.67","30.23","21.73","","12.50%"
"2015-12-11","26.87","32.01","33.79","24.90","","-36.76%"
"2015-12-10","42.49","43.67","49.20","40.31","","-4.00%"
"2015-12-09","44.26","51.18","56.12","40.11","","-15.49%"
"2015-12-08","52.37","51.38","54.54","49.80","","-10.17%"
"2015-12-07","58.30","58.30","58.89","55.33","","-8.09%"
"2015-12-04","63.43","56.12","63.43","56.12","","23.45%"
"2015-12-03","51.38","64.81","64.81","48.90","","-21.20%"
"2015-12-02","65.20","73.55","73.55","65.00","","-12.78%"
"2015-12-01","74.75","73.75","74.75","69.78","","9.32%"
"2015-11-30","68.38","70.77","71.37","68.38","","-2.83%"
"2015-11-27","70.37","70.77","70.97","69.58","","0.29%"
"2015-11-25","70.17","68.58","71.96","68.58","","0.85%"
"2015-11-24","69.58","66.99","70.57","66.00","","0.87%"
"2015-11-23","68.98","71.17","72.76","68.98","","-0.86%"
"2015-11-20","69.58","73.01","73.41","68.84","","0.78%"
"2015-11-19","69.04","67.85","70.03","67.26","","1.45%"
"2015-11-18","68.05","60.31","68.05","60.31","","14.72%"
"2015-11-17","59.32","62.50","65.67","58.33","","-4.78%"
"2015-11-16","62.30","57.14","62.30","53.37","","13.36%"
"2015-11-13","54.96","59.72","59.72","54.36","","-8.57%"
"2015-11-12","60.11","66.26","66.26","60.11","","-14.89%"
"2015-11-11","70.63","71.42","72.22","69.24","","-0.84%"
"2015-11-10","71.23","70.63","72.02","69.64","","0.85%"
"2015-11-09","70.63","72.61","72.61","67.65","","-4.05%"
"2015-11-06","73.61","76.58","76.58","72.42","","-5.59%"
"2015-11-05","77.97","78.96","79.36","76.98","","-2.00%"
"2015-11-04","79.56","80.15","80.55","78.76","","-1.72%"
"2015-11-03","80.95","80.00","81.78","79.80","","0.45%"
"2015-11-02","80.59","79.00","80.79","78.41","","3.31%"
"2015-10-30","78.01","78.41","79.80","77.22","","-1.02%"
"2015-10-29","78.81","78.41","79.20","76.63","","1.03%"
"2015-10-28","78.01","72.47","78.21","72.47","","10.04%"
"2015-10-27","70.89","72.07","73.66","69.70","","-5.53%"
"2015-10-26","75.04","74.05","75.64","73.06","","-1.56%"
"2015-10-23","76.23","75.24","77.22","73.26","","6.94%"
"2015-10-22","71.28","68.31","74.05","68.31","","15.00%"
"2015-10-21","61.98","69.30","69.30","61.98","","-6.84%"
"2015-10-20","66.53","63.36","68.31","63.36","","6.67%"
"2015-10-19","62.37","60.99","62.57","60.00","","0.96%"
"2015-10-16","61.78","61.18","62.17","57.82","","0.00%"
"2015-10-15","61.78","53.66","61.98","51.48","","21.88%"
"2015-10-14","50.69","56.23","58.21","50.49","","-10.17%"
"2015-10-13","56.43","59.40","63.16","56.03","","-9.81%"
"2015-10-12","62.57","61.18","63.76","61.18","","2.27%"
"2015-10-09","61.18","61.78","62.57","58.61","","3.69%"
"2015-10-08","59.00","50.69","59.60","50.69","","16.39%"
"2015-10-07","50.69","49.50","51.28","43.36","","16.90%"
"2015-10-06","43.36","45.14","45.54","42.57","","-5.20%"
"2015-10-05","45.74","38.00","46.53","37.79","","61.11%"
"2015-10-02","28.39","13.60","28.39","12.39","","54.38%"
"2015-10-01","18.39","15.80","18.60","13.19","","9.53%"
"2015-09-30","16.79","14.00","16.79","12.39","","58.40%"
"2015-09-29","10.60","9.80","10.80","9.00","","8.16%"
"2015-09-28","9.80","16.39","16.39","9.80","","-48.96%"
"2015-09-25","19.20","18.60","22.39","16.00","","14.35%"
"2015-09-24","16.79","15.19","17.00","11.80","","1.14%"
"2015-09-23","16.60","16.20","18.39","13.80","","6.41%"
"2015-09-22","15.60","17.60","17.60","14.00","","-35.54%"
"2015-09-21","24.20","25.79","28.00","21.79","","17.48%"
"2015-09-18","20.60","25.20","27.20","19.79","","-27.44%"
"2015-09-17","28.39","29.00","40.20","28.39","","0.67%"
"2015-09-16","28.20","23.20","28.20","23.20","","29.42%"
"2015-09-15","21.79","17.00","22.20","16.79","","34.51%"
"2015-09-14","16.20","16.20","17.79","15.60","","-8.94%"
"2015-09-11","17.79","15.39","18.00","14.19","","12.59%"
"2015-09-10","15.80","15.19","18.39","13.39","","6.76%"
"2015-09-09","14.80","21.39","21.60","14.60","","-22.92%"
"2015-09-08","19.20","15.60","19.39","13.19","","92.00%"
"2015-09-04","10.00","11.77","12.37","9.18","","-34.04%"
"2015-09-03","15.16","15.56","18.76","14.57","","13.39%"
"2015-09-02","13.37","10.97","13.37","9.38","","55.83%"
"2015-09-01","8.58","10.95","10.95","8.36","","-45.45%"
"2015-08-31","15.73","15.53","17.52","13.74","","-19.42%"
"2015-08-28","19.52","19.12","21.11","16.33","","-2.93%"
"2015-08-27","20.11","14.74","20.11","13.14","","80.36%"
"2015-08-26","11.15","7.96","11.35","5.77","","133.26%"
"2015-08-25","4.78","12.94","13.74","4.78","","-41.42%"
"2015-08-24","8.16","8.16","16.93","7.17","","-60.98%"
"2015-08-21","20.91","31.07","32.07","20.91","","-41.67%"
"2015-08-20","35.85","43.42","43.42","35.85","","-25.31%"
"2015-08-19","48.00","49.00","52.98","46.01","","-11.73%"
"2015-08-18","54.38","54.18","54.98","53.18","","-0.73%"
"2015-08-17","54.78","48.60","54.78","48.60","","4.56%"
"2015-08-14","52.39","50.59","52.78","49.60","","7.80%"
"2015-08-13","48.60","46.41","50.99","45.41","","4.27%"
"2015-08-12","46.61","43.62","47.01","39.24","","-6.78%"
"2015-08-11","50.00","50.00","51.39","47.60","","-11.30%"
"2015-08-10","56.37","52.19","56.37","52.19","","21.46%"
"2015-08-07","46.41","45.67","46.41","43.05","","-0.58%"
"2015-08-06","46.68","50.70","50.70","45.67","","-6.06%"
"2015-08-05","49.69","53.92","53.92","49.69","","3.78%"
"2015-08-04","47.88","49.49","50.50","47.28","","-2.46%"
"2015-08-03","49.09","48.08","50.50","45.27","","-1.21%"
"2015-07-31","49.69","51.30","53.31","49.29","","0.81%"
"2015-07-30","49.29","47.08","50.10","46.68","","-0.40%"
"2015-07-29","49.49","43.86","49.69","43.86","","14.96%"
"2015-07-28","43.05","37.34","43.37","35.74","","20.45%"
"2015-07-27","35.74","34.73","37.14","34.53","","-6.32%"
"2015-07-24","38.15","43.77","44.77","37.14","","-14.02%"
"2015-07-23","44.37","48.39","50.00","43.17","","-9.80%"
"2015-07-22","49.19","47.59","49.19","47.59","","3.36%"
"2015-07-21","47.59","50.99","50.99","46.42","","-8.80%"
"2015-07-20","52.18","49.20","53.17","48.80","","0.77%"
"2015-07-17","51.78","52.77","53.37","50.59","","-5.79%"
"2015-07-16","54.96","53.57","54.96","52.18","","13.53%"
"2015-07-15","48.41","48.48","50.30","46.46","","-1.79%"
"2015-07-14","49.29","45.45","50.70","45.45","","7.50%"
"2015-07-13","45.85","46.46","46.46","43.43","","22.69%"
"2015-07-10","37.37","35.55","39.59","35.15","","35.06%"
"2015-07-09","27.67","32.72","32.72","27.47","","0.73%"
"2015-07-08","27.47","33.26","33.26","27.01","","-27.52%"
"2015-07-07","37.90","33.06","39.31","23.38","","18.25%"
"2015-07-06","32.05","31.18","34.40","28.16","","-5.54%"
"2015-07-02","33.93","36.34","36.34","30.92","","-1.17%"
"2015-07-01","34.33","34.26","34.46","32.46","","15.78%"
"2015-06-30","29.65","31.26","32.66","28.05","","14.70%"
"2015-06-29","25.85","35.40","36.79","25.60","","-39.03%"
"2015-06-26","42.40","42.00","43.59","40.59","","-1.40%"
"2015-06-25","43.00","43.79","45.79","42.40","","-1.80%"
"2015-06-24","43.79","50.59","50.59","43.79","","-15.45%"
"2015-06-23","51.79","53.79","54.79","50.40","","-2.28%"
"2015-06-22","53.00","53.40","56.79","53.00","","9.50%"
"2015-06-19","48.40","51.20","53.59","48.40","","-8.32%"
"2015-06-18","52.79","46.79","56.40","46.79","","27.51%"
"2015-06-17","41.40","41.40","42.59","37.59","","6.15%"
"2015-06-16","39.00","36.00","39.20","34.20","","13.37%"
"2015-06-15","34.40","31.87","37.05","29.28","","-14.06%"
"2015-06-12","40.03","40.83","42.43","39.64","","-12.62%"
"2015-06-11","45.81","46.41","48.80","45.21","","2.21%"
"2015-06-10","44.82","38.44","46.41","38.44","","36.40%"
"2015-06-09","32.86","32.86","35.65","32.27","","-3.52%"
"2015-06-08","34.06","38.64","38.64","34.06","","-16.17%"
"2015-06-05","40.63","36.85","41.63","36.85","","0.99%"
"2015-06-04","40.23","45.01","47.01","39.04","","-17.22%"
"2015-06-03","48.60","48.00","52.19","47.01","","3.38%"
"2015-06-02","47.01","43.42","50.59","43.42","","-2.47%"
"2015-06-01","48.20","45.69","51.79","44.08","","6.43%"
"2015-05-29","45.29","51.10","51.10","45.29","","-15.35%"
"2015-05-28","53.50","51.70","54.10","50.30","","-1.83%"
"2015-05-27","54.50","50.10","54.70","50.10","","18.25%"
"2015-05-26","46.09","48.89","48.89","45.69","","-23.07%"
"2015-05-22","59.91","60.92","62.12","59.11","","-3.87%"
"2015-05-21","62.32","62.32","63.52","60.92","","2.30%"
"2015-05-20","60.92","59.71","63.92","59.71","","-1.93%"
"2015-05-19","62.12","63.12","63.72","60.32","","-0.32%"
"2015-05-18","62.32","60.32","63.52","58.71","","2.30%"
"2015-05-15","60.92","59.31","60.92","57.11","","4.12%"
"2015-05-14","58.51","51.10","58.51","51.10","","23.73%"
"2015-05-13","47.29","52.70","52.70","46.09","","-2.07%"
"2015-05-12","48.29","43.48","49.89","43.28","","-7.31%"
"2015-05-11","52.10","56.31","56.71","51.70","","-6.14%"
"2015-05-08","55.51","54.90","57.31","54.30","","30.67%"
"2015-05-07","42.48","39.07","44.68","36.87","","7.63%"
"2015-05-06","39.47","41.08","43.08","35.07","","-9.22%"
"2015-05-05","43.48","54.10","54.10","43.28","","-22.23%"
"2015-05-04","55.91","54.30","57.11","53.70","","13.89%"
"2015-05-01","49.09","45.29","49.09","43.48","","22.48%"
"2015-04-30","40.08","45.49","45.69","37.47","","-16.31%"
"2015-04-29","47.89","50.50","50.50","44.68","","-9.81%"
"2015-04-28","53.10","49.89","53.30","41.68","","3.11%"
"2015-04-27","51.50","59.31","60.92","50.10","","-10.14%"
"2015-04-24","57.31","55.31","58.11","55.31","","-0.69%"
"2015-04-23","57.71","53.70","63.32","51.70","","3.22%"
"2015-04-22","55.91","49.09","56.11","46.89","","9.84%"
"2015-04-21","50.90","55.51","56.71","50.50","","-3.05%"
"2015-04-20","52.50","52.10","57.11","50.10","","21.87%"
"2015-04-17","43.08","45.09","47.09","39.27","","-27.36%"
"2015-04-16","59.31","57.51","61.72","55.51","","-2.96%"
"2015-04-15","61.12","62.32","65.13","60.92","","7.40%"
"2015-04-14","56.91","56.91","58.11","50.10","","-0.35%"
"2015-04-13","57.11","62.92","64.32","57.11","","-8.94%"
"2015-04-10","62.72","59.91","64.72","59.91","","5.75%"
"2015-04-09","59.31","58.31","60.32","53.50","","2.07%"
"2015-04-08","58.11","60.12","60.92","56.11","","2.11%"
"2015-04-07","56.91","62.92","63.92","56.91","","-8.09%"
"2015-04-06","61.92","54.10","64.72","54.10","","14.45%"
"2015-04-02","54.10","48.69","56.71","48.69","","10.66%"
"2015-04-01","48.89","45.69","50.90","44.48","","-9.96%"
"2015-03-31","54.30","55.91","60.72","53.70","","-13.70%"
"2015-03-30","62.92","56.51","63.32","56.31","","26.63%"
"2015-03-27","49.69","45.89","50.30","45.89","","4.63%"
"2015-03-26","47.49","45.69","49.09","42.28","","-1.25%"
"2015-03-25","48.09","63.12","63.32","48.09","","-23.08%"
"2015-03-24","62.52","65.33","68.53","62.52","","-6.03%"
"2015-03-23","66.53","69.73","70.14","66.53","","-2.92%"
"2015-03-20","68.53","64.12","69.53","64.12","","12.12%"
"2015-03-19","61.12","61.92","63.72","58.51","","-6.73%"
"2015-03-18","65.53","51.69","68.46","50.69","","19.38%"
"2015-03-17","54.89","55.08","56.28","53.09","","-5.17%"
"2015-03-16","57.88","54.29","57.88","54.29","","19.83%"
"2015-03-13","48.30","52.78","53.58","45.41","","-9.85%"
"2015-03-12","53.58","51.59","53.98","50.00","","19.04%"
"2015-03-11","45.01","45.81","47.41","44.02","","4.14%"
"2015-03-10","43.22","48.60","50.59","43.22","","-26.20%"
"2015-03-09","58.56","56.57","59.76","56.57","","5.00%"
"2015-03-06","55.77","63.74","63.94","54.58","","-15.41%"
"2015-03-05","65.93","64.14","67.33","64.14","","2.79%"
"2015-03-04","64.14","61.75","64.94","60.15","","-7.20%"
"2015-03-03","69.12","69.72","70.31","66.13","","-4.15%"
"2015-03-02","72.11","68.92","72.31","68.92","","3.73%"
"2015-02-27","69.52","69.72","70.91","68.92","","-1.68%"
"2015-02-26","70.71","72.50","72.50","68.32","","-3.27%"
"2015-02-25","73.10","74.30","75.29","72.31","","-1.88%"
"2015-02-24","74.50","73.74","75.49","73.54","","0.22%"
"2015-02-23","74.34","73.74","74.54","72.74","","-2.12%"
"2015-02-20","75.95","69.73","76.15","67.93","","4.70%"
"2015-02-19","72.54","71.00","73.80","70.19","","-1.43%"
"2015-02-18","73.59","72.19","74.19","71.00","","0.81%"
"2015-02-17","73.00","70.80","73.40","70.40","","2.82%"
"2015-02-13","71.00","71.40","73.00","70.00","","1.43%"
"2015-02-12","70.00","66.40","70.00","66.40","","13.29%"
"2015-02-11","61.79","61.59","62.79","57.79","","-3.45%"
"2015-02-10","64.00","58.40","65.19","55.59","","15.94%"
"2015-02-09","55.20","58.40","60.20","53.79","","-8.90%"
"2015-02-06","60.59","64.80","67.00","57.79","","-4.72%"
"2015-02-05","63.59","59.40","63.59","59.40","","17.76%"
"2015-02-04","54.00","55.40","60.00","52.40","","-8.15%"
"2015-02-03","58.79","52.20","58.79","47.59","","40.68%"
"2015-02-02","41.79","35.52","42.91","28.94","","21.03%"
"2015-01-30","34.53","42.11","42.51","34.53","","-21.36%"
"2015-01-29","43.91","36.72","43.91","34.73","","16.41%"
"2015-01-28","37.72","49.00","50.19","37.72","","-19.42%"
"2015-01-27","46.81","48.60","49.80","43.82","","-16.37%"
"2015-01-26","55.97","49.60","55.97","49.60","","6.04%"
"2015-01-23","52.78","54.18","57.96","52.78","","-8.94%"
"2015-01-22","57.96","46.21","57.96","44.82","","30.48%"
"2015-01-21","44.42","42.23","47.41","40.63","","7.74%"
"2015-01-20","41.23","38.64","41.83","34.46","","-0.96%"
"2015-01-16","41.63","33.46","41.63","30.47","","28.21%"
"2015-01-15","32.47","38.04","42.43","32.27","","-18.50%"
"2015-01-14","39.84","36.05","40.83","33.26","","-10.31%"
"2015-01-13","44.42","55.37","56.77","39.84","","-3.87%"
"2015-01-12","46.21","47.60","48.20","44.42","","-13.76%"
"2015-01-09","53.58","60.75","60.75","51.39","","-12.67%"
"2015-01-08","61.35","56.37","62.15","56.37","","28.89%"
"2015-01-07","47.60","42.23","47.60","39.44","","38.13%"
"2015-01-06","34.46","44.77","49.39","31.12","","-27.27%"
"2015-01-05","47.38","62.44","62.44","44.77","","-32.97%"
"2015-01-02","70.68","75.10","75.10","66.06","","-2.21%"
"2014-12-31","72.28","78.55","80.16","72.28","","-9.14%"
"2014-12-30","79.55","81.96","81.96","79.15","","-4.11%"
"2014-12-29","82.96","82.56","83.76","82.56","","0.97%"
"2014-12-26","82.16","82.96","83.76","82.16","","0.98%"
"2014-12-24","81.36","81.96","82.96","81.36","","-0.97%"
"2014-12-23","82.16","82.56","83.16","81.96","","0.00%"
"2014-12-22","82.16","79.15","82.16","78.55","","3.80%"
"2014-12-19","79.15","77.95","79.55","77.15","","1.80%"
"2014-12-18","77.75","73.54","77.75","71.34","","20.51%"
"2014-12-17","64.52","57.51","65.73","52.70","","20.60%"
"2014-12-16","53.50","57.91","66.13","53.30","","-7.62%"
"2014-12-15","57.91","66.13","66.13","54.90","","-9.12%"
"2014-12-12","63.72","71.34","71.94","63.72","","-12.16%"
"2014-12-11","72.54","73.34","75.55","71.94","","1.12%"
"2014-12-10","71.74","76.55","76.55","70.74","","-7.97%"
"2014-12-09","77.95","75.15","77.95","73.94","","-2.01%"
"2014-12-08","79.55","81.76","82.16","78.75","","-2.94%"
"2014-12-05","81.96","81.16","83.16","80.96","","0.99%"
"2014-12-04","81.16","81.76","81.76","80.36","","-0.49%"
"2014-12-03","81.56","82.59","82.80","81.19","","0.46%"
"2014-12-02","81.19","81.40","81.40","79.40","","2.25%"
"2014-12-01","79.40","80.59","80.59","78.59","","-3.86%"
"2014-11-28","82.59","83.59","83.80","82.59","","-4.62%"
"2014-11-26","86.59","85.40","87.00","85.40","","0.00%"
"2014-11-25","86.59","87.19","87.19","85.00","","-0.69%"
"2014-11-24","87.19","87.00","87.59","86.19","","-1.13%"
"2014-11-21","88.19","88.80","89.40","85.59","","2.79%"
"2014-11-20","85.80","83.59","86.00","83.59","","2.88%"
"2014-11-19","83.40","83.40","83.59","81.59","","-0.23%"
"2014-11-18","83.59","82.40","84.40","82.19","","3.20%"
"2014-11-17","81.00","79.19","82.00","79.00","","1.01%"
"2014-11-14","80.19","79.40","80.59","79.00","","2.56%"
"2014-11-13","78.19","79.59","80.19","77.19","","-1.76%"
"2014-11-12","79.59","79.00","80.59","79.00","","-0.26%"
"2014-11-11","79.80","78.59","80.40","78.59","","1.27%"
"2014-11-10","78.80","79.40","79.80","78.59","","-0.25%"
"2014-11-07","79.00","77.59","79.80","77.19","","1.28%"
"2014-11-06","78.00","75.59","78.19","73.59","","4.84%"
"2014-11-05","74.40","72.59","75.40","71.80","","4.51%"
"2014-11-04","71.19","71.40","72.19","69.00","","-4.83%"
"2014-11-03","74.80","75.19","76.80","73.59","","1.08%"
"2014-10-31","74.00","71.00","74.00","70.80","","12.82%"
"2014-10-30","65.59","60.79","66.59","57.59","","11.57%"
"2014-10-29","58.79","63.59","63.59","55.20","","-0.69%"
"2014-10-28","59.20","53.59","59.20","52.79","","15.62%"
"2014-10-27","51.20","46.59","51.40","46.40","","-0.76%"
"2014-10-24","51.59","46.20","51.59","44.00","","19.98%"
"2014-10-23","43.00","42.20","47.79","42.20","","22.16%"
"2014-10-22","35.20","42.20","45.00","35.20","","-12.44%"
"2014-10-21","40.20","31.00","41.00","31.00","","55.87%"
"2014-10-20","25.79","19.79","26.00","19.79","","43.28%"
"2014-10-17","18.00","15.19","19.00","15.19","","50.00%"
"2014-10-16","12.00","10.00","14.19","10.00","","-10.38%"
"2014-10-15","13.39","13.39","14.39","9.39","","-23.92%"
"2014-10-14","17.60","18.60","22.00","17.00","","18.92%"
"2014-10-13","14.80","23.20","25.20","14.80","","-32.73%"
"2014-10-10","22.00","29.20","29.60","22.00","","-16.03%"
"2014-10-09","26.20","37.40","37.40","26.20","","-27.22%"
"2014-10-08","36.00","26.79","36.20","24.00","","40.62%"
"2014-10-07","25.60","32.00","33.20","25.60","","-31.55%"
"2014-10-06","37.40","44.40","44.40","34.40","","-4.10%"
"2014-10-03","39.00","35.79","41.20","35.00","","31.76%"
"2014-10-02","29.60","29.20","32.59","21.00","","4.26%"
"2014-10-01","28.39","33.20","35.40","26.00","","-24.09%"
"2014-09-30","37.40","40.20","43.59","37.20","","-7.43%"
"2014-09-29","40.40","36.40","41.59","36.00","","-3.81%"
"2014-09-26","42.00","35.79","43.20","35.79","","14.79%"
"2014-09-25","36.59","48.00","48.00","36.20","","-29.90%"
"2014-09-24","52.20","44.79","53.40","43.40","","18.10%"
"2014-09-23","44.20","51.59","52.59","44.20","","-16.92%"
"2014-09-22","53.20","56.00","56.40","53.00","","-11.33%"
"2014-09-19","60.00","63.00","63.79","58.59","","-2.58%"
"2014-09-18","61.59","60.79","62.00","60.00","","3.01%"
"2014-09-17","59.79","62.20","63.79","59.59","","-1.98%"
"2014-09-16","61.00","55.40","61.59","54.79","","14.23%"
"2014-09-15","53.40","53.20","55.79","51.00","","0.75%"
"2014-09-12","53.00","58.20","59.00","50.20","","-15.06%"
"2014-09-11","62.40","59.40","62.59","57.40","","2.99%"
"2014-09-10","60.59","57.20","61.20","55.20","","2.35%"
"2014-09-09","59.20","62.79","63.59","57.59","","-12.17%"
"2014-09-08","67.40","70.19","70.40","64.59","","-5.85%"
"2014-09-05","71.59","64.59","71.59","64.19","","7.17%"
"2014-09-04","66.80","73.80","73.80","65.19","","-4.57%"
"2014-09-03","70.00","72.19","72.59","69.00","","1.74%"
"2014-09-02","68.80","68.59","71.19","63.79","","-1.14%"
"2014-08-29","69.59","67.00","69.80","65.00","","6.41%"
"2014-08-28","65.40","60.59","66.59","60.59","","-1.51%"
"2014-08-27","66.40","67.00","67.19","64.19","","2.15%"
"2014-08-26","65.00","68.59","70.40","65.00","","-3.26%"
"2014-08-25","67.19","65.80","68.00","65.00","","8.74%"
"2014-08-22","61.79","63.79","65.80","60.40","","-6.65%"
"2014-08-21","66.19","63.59","66.80","62.59","","3.12%"
"2014-08-20","64.19","60.40","64.19","58.59","","8.43%"
"2014-08-19","59.20","56.59","59.79","56.59","","9.63%"
"2014-08-18","54.00","48.79","54.00","48.79","","18.94%"
"2014-08-15","45.40","48.00","50.20","38.00","","0.44%"
"2014-08-14","45.20","42.79","45.59","42.59","","12.44%"
"2014-08-13","40.20","36.79","42.59","35.00","","17.54%"
"2014-08-12","34.20","37.40","38.20","31.39","","-6.53%"
"2014-08-11","36.59","36.00","42.40","36.00","","8.29%"
"2014-08-08","33.79","21.00","33.79","21.00","","52.21%"
"2014-08-07","22.20","28.79","29.60","20.79","","-20.12%"
"2014-08-06","27.79","24.79","31.20","24.79","","1.46%"
"2014-08-05","27.39","32.79","35.79","26.20","","-27.52%"
"2014-08-04","37.79","29.60","38.79","27.20","","32.13%"
"2014-08-01","28.60","33.59","35.00","27.39","","-14.86%"
"2014-07-31","33.59","44.00","44.59","33.59","","-37.10%"
"2014-07-30","53.40","58.20","58.20","50.00","","-4.28%"
"2014-07-29","55.79","60.79","63.20","55.79","","-9.42%"
"2014-07-28","61.59","60.59","62.00","57.00","","-2.24%"
"2014-07-25","63.00","64.59","65.80","62.00","","-6.79%"
"2014-07-24","67.59","68.80","69.00","66.80","","-0.60%"
"2014-07-23","68.00","66.59","69.40","66.59","","-2.02%"
"2014-07-22","69.40","70.19","72.59","69.40","","4.85%"
"2014-07-21","66.19","66.59","68.40","62.59","","-6.23%"
"2014-07-18","70.59","63.00","71.00","63.00","","16.87%"
"2014-07-17","60.40","71.00","71.80","60.40","","-19.25%"
"2014-07-16","74.80","75.19","75.80","72.40","","2.75%"
"2014-07-15","72.80","76.80","76.80","71.00","","-3.18%"
"2014-07-14","75.19","79.00","79.00","75.19","","1.88%"
"2014-07-11","73.80","70.59","73.80","70.00","","0.00%"
"2014-07-10","73.80","69.59","74.80","69.59","","-5.38%"
"2014-07-09","78.00","78.40","79.40","75.59","","1.84%"
"2014-07-08","76.59","78.00","78.00","75.00","","-4.74%"
"2014-07-07","80.40","82.56","82.96","79.00","","-3.78%"
"2014-07-03","83.56","82.16","83.76","81.96","","3.47%"
"2014-07-02","80.76","82.19","82.19","80.40","","-2.46%"
"2014-07-01","82.80","79.19","84.59","79.19","","5.08%"
"2014-06-30","78.80","77.40","80.00","77.40","","-0.49%"
"2014-06-27","79.19","77.19","79.59","76.80","","1.79%"
"2014-06-26","77.80","75.40","78.00","73.00","","-3.23%"
"2014-06-25","80.40","78.59","81.19","77.40","","1.26%"
"2014-06-24","79.40","82.80","86.40","79.40","","-6.37%"
"2014-06-23","84.80","85.19","86.19","83.80","","-2.74%"
"2014-06-20","87.19","86.80","87.19","85.80","","1.16%"
"2014-06-19","86.19","87.80","87.80","84.80","","0.00%"
"2014-06-18","86.19","81.19","86.19","79.40","","6.95%"
"2014-06-17","80.59","76.59","80.80","76.59","","5.78%"
"2014-06-16","76.19","77.59","79.80","74.80","","0.79%"
"2014-06-13","75.59","74.40","76.80","73.00","","3.28%"
"2014-06-12","73.19","77.59","77.59","72.19","","-8.51%"
"2014-06-11","80.00","80.59","81.00","78.59","","-3.14%"
"2014-06-10","82.59","83.59","84.40","81.40","","-3.05%"
"2014-06-09","85.19","85.80","86.59","84.19","","-0.71%"
"2014-06-06","85.80","85.40","87.19","85.00","","1.91%"
"2014-06-05","84.19","76.40","85.19","75.19","","8.77%"
"2014-06-04","77.40","75.59","78.59","75.59","","0.27%"
"2014-06-03","77.19","76.00","77.59","73.19","","0.00%"
"2014-06-02","77.19","75.10","77.40","72.28","","2.78%"
"2014-05-30","75.10","73.69","75.50","71.68","","2.19%"
"2014-05-29","73.49","72.48","73.49","69.87","","5.18%"
"2014-05-28","69.87","71.28","72.08","68.27","","-0.87%"
"2014-05-27","70.48","68.27","71.88","67.87","","11.43%"
"2014-05-23","63.25","57.83","63.45","57.83","","12.11%"
"2014-05-22","56.42","54.21","59.43","54.21","","6.43%"
"2014-05-21","53.01","52.40","54.21","49.59","","13.32%"
"2014-05-20","46.78","51.60","51.60","44.37","","-14.98%"
"2014-05-19","55.02","52.81","55.62","52.20","","2.63%"
"2014-05-16","53.61","49.59","53.61","48.19","","7.22%"
"2014-05-15","50.00","53.61","53.61","45.38","","-16.43%"
"2014-05-14","59.83","63.85","63.85","59.63","","-9.70%"
"2014-05-13","66.26","70.08","70.08","65.26","","-0.90%"
"2014-05-12","66.86","65.46","67.26","64.85","","17.26%"
"2014-05-09","57.02","52.40","58.23","51.60","","0.35%"
"2014-05-08","56.82","59.71","63.32","55.11","","1.99%"
"2014-05-07","55.71","53.10","55.71","47.29","","13.49%"
"2014-05-06","49.09","52.90","55.91","49.09","","-14.04%"
"2014-05-05","57.11","50.10","57.91","50.10","","-0.70%"
"2014-05-02","57.51","59.59","62.40","56.40","","3.08%"
"2014-05-01","55.79","57.20","59.79","53.79","","-3.81%"
"2014-04-30","58.00","53.59","58.00","52.79","","4.69%"
"2014-04-29","55.40","54.00","56.00","52.20","","6.13%"
"2014-04-28","52.20","53.00","56.20","44.79","","-0.38%"
"2014-04-25","52.40","56.59","56.59","50.59","","-12.36%"
"2014-04-24","59.79","57.40","61.79","56.59","","1.00%"
"2014-04-23","59.20","58.79","60.40","57.20","","0.00%"
"2014-04-22","59.20","58.20","62.20","58.20","","3.86%"
"2014-04-21","57.00","56.40","57.59","53.40","","4.38%"
"2014-04-17","54.61","53.01","56.22","51.20","","1.87%"
"2014-04-16","53.61","48.99","53.61","46.78","","18.66%"
"2014-04-15","45.18","44.57","45.58","35.94","","8.71%"
"2014-04-14","41.56","40.20","44.00","35.34","","8.80%"
"2014-04-11","38.20","45.79","47.20","37.79","","-21.38%"
"2014-04-10","48.59","69.19","69.19","48.59","","-29.77%"
"2014-04-09","69.19","61.20","69.40","60.79","","13.82%"
"2014-04-08","60.79","59.40","61.79","53.59","","3.03%"
"2014-04-07","59.00","65.00","68.59","57.40","","-19.83%"
"2014-04-04","73.59","82.00","84.40","72.00","","-9.36%"
"2014-04-03","81.19","83.80","84.19","79.80","","-1.94%"
"2014-04-02","82.80","82.80","85.19","81.80","","0.74%"
"2014-04-01","82.19","77.19","82.19","77.00","","9.59%"
"2014-03-31","75.00","71.80","75.80","71.19","","12.63%"
"2014-03-28","66.59","66.59","70.19","65.00","","14.42%"
"2014-03-27","58.20","55.40","60.79","55.20","","-5.21%"
"2014-03-26","61.40","72.19","72.19","61.40","","-11.26%"
"2014-03-25","69.19","70.80","72.19","64.19","","3.27%"
"2014-03-24","67.00","73.00","73.80","62.20","","-8.96%"
"2014-03-21","73.59","79.00","79.40","72.80","","0.81%"
"2014-03-20","73.00","68.80","75.40","67.80","","1.67%"
"2014-03-19","71.80","76.80","79.00","68.59","","-7.71%"
"2014-03-18","77.80","73.59","78.40","73.59","","6.87%"
"2014-03-17","72.80","72.19","73.59","70.00","","12.00%"
"2014-03-14","65.00","66.40","69.19","64.40","","-0.61%"
"2014-03-13","65.40","75.80","75.80","64.40","","-12.80%"
"2014-03-12","75.00","71.00","75.00","71.00","","-1.06%"
"2014-03-11","75.80","78.19","80.19","74.80","","-2.82%"
"2014-03-10","78.00","78.59","78.80","76.00","","-1.02%"
"2014-03-07","78.80","80.59","80.59","77.19","","-0.25%"
"2014-03-06","79.00","79.19","80.59","78.00","","3.40%"
"2014-03-05","76.40","76.19","76.40","74.59","","1.07%"
"2014-03-04","75.59","72.59","77.19","72.59","","15.95%"
"2014-03-03","65.19","66.59","66.80","61.77","","-8.98%"
"2014-02-28","71.62","70.02","74.44","68.41","","5.63%"
"2014-02-27","67.80","65.99","68.20","64.38","","1.19%"
"2014-02-26","67.00","66.39","69.01","64.78","","3.11%"
"2014-02-25","64.98","66.39","69.41","64.18","","-2.72%"
"2014-02-24","66.80","65.59","70.42","65.59","","8.14%"
"2014-02-21","61.77","62.17","65.79","61.77","","-2.85%"
"2014-02-20","63.58","59.95","64.38","58.95","","7.49%"
"2014-02-19","59.15","63.17","68.00","58.35","","-9.27%"
"2014-02-18","65.19","64.18","65.99","60.96","","3.86%"
"2014-02-14","62.77","57.74","63.98","57.74","","5.76%"
"2014-02-13","59.35","52.91","59.35","52.91","","7.65%"
"2014-02-12","55.13","57.54","57.94","53.52","","1.87%"
"2014-02-11","54.12","47.88","56.13","47.28","","20.08%"
"2014-02-10","45.07","43.05","45.27","42.25","","3.70%"
"2014-02-07","43.46","41.64","43.86","37.62","","22.73%"
"2014-02-06","35.41","31.18","35.61","31.18","","23.08%"
"2014-02-05","28.77","27.51","30.92","23.69","","-3.16%"
"2014-02-04","29.71","24.49","31.12","24.49","","19.37%"
"2014-02-03","24.89","39.95","39.95","24.69","","-37.70%"
"2014-01-31","39.95","38.55","43.77","37.95","","-7.46%"
"2014-01-30","43.17","39.15","44.97","38.75","","27.23%"
"2014-01-29","33.93","37.55","39.55","33.13","","-19.90%"
"2014-01-28","42.36","40.36","42.36","39.15","","17.21%"
"2014-01-27","36.14","41.56","41.56","32.53","","-3.75%"
"2014-01-24","37.55","48.39","50.20","37.55","","-36.17%"
"2014-01-23","58.83","62.24","62.24","55.82","","-14.58%"
"2014-01-22","68.87","68.27","68.87","66.26","","3.01%"
"2014-01-21","66.86","69.47","69.47","63.25","","2.14%"
"2014-01-17","65.46","67.87","68.67","64.65","","-5.23%"
"2014-01-16","69.07","67.67","69.07","66.86","","0.29%"
"2014-01-15","68.87","68.67","69.87","67.46","","1.77%"
"2014-01-14","67.67","61.64","67.67","61.64","","11.59%"
"2014-01-13","60.64","69.87","70.08","59.03","","-15.17%"
"2014-01-10","71.48","69.87","71.68","68.67","","7.55%"
"2014-01-09","66.46","67.46","68.07","64.25","","-0.89%"
"2014-01-08","67.06","67.67","68.87","66.26","","-4.02%"
"2014-01-07","69.87","68.47","70.88","67.46","","6.74%"
"2014-01-06","65.46","68.34","68.34","65.46","","-7.23%"
"2014-01-03","70.56","70.76","72.58","70.16","","1.16%"
"2014-01-02","69.75","75.00","75.60","69.55","","-9.19%"
"2013-12-31","76.81","77.01","78.42","74.59","","0.26%"
"2013-12-30","76.61","77.01","77.41","75.40","","2.71%"
"2013-12-27","74.59","73.99","75.20","72.98","","-1.07%"
"2013-12-26","75.40","75.60","75.60","73.18","","2.47%"
"2013-12-24","73.58","73.18","74.39","72.78","","1.38%"
"2013-12-23","72.58","72.58","73.58","71.57","","4.06%"
"2013-12-20","69.75","68.54","71.97","66.73","","7.79%"
"2013-12-19","64.71","63.30","65.52","60.28","","-2.13%"
"2013-12-18","66.12","53.42","66.12","49.39","","26.16%"
"2013-12-17","52.41","53.62","54.63","51.00","","-6.14%"
"2013-12-16","55.84","57.66","58.87","54.83","","9.06%"
"2013-12-13","51.20","54.03","54.23","50.00","","-2.70%"
"2013-12-12","52.62","55.24","55.44","50.80","","-8.74%"
"2013-12-11","57.66","66.80","66.80","56.94","","-17.65%"
"2013-12-10","70.02","70.82","71.62","69.81","","-3.86%"
"2013-12-09","72.83","72.43","73.64","71.62","","0.55%"
"2013-12-06","72.43","70.22","74.24","70.02","","11.81%"
"2013-12-05","64.78","63.58","67.00","63.58","","-1.54%"
"2013-12-04","65.79","65.59","69.21","60.56","","-3.83%"
"2013-12-03","68.41","67.40","70.42","65.99","","-3.13%"
"2013-12-02","70.62","70.54","74.34","70.34","","-4.49%"
"2013-11-29","73.94","75.75","76.55","73.94","","0.00%"
"2013-11-27","73.94","73.94","74.54","72.54","","-2.13%"
"2013-11-26","75.55","76.35","76.35","74.14","","-0.79%"
"2013-11-25","76.15","77.95","77.95","75.75","","-1.55%"
"2013-11-22","77.35","75.15","77.75","74.94","","1.05%"
"2013-11-21","76.55","72.94","77.35","72.94","","4.66%"
"2013-11-20","73.14","76.55","78.15","72.54","","-4.45%"
"2013-11-19","76.55","77.55","79.95","75.75","","-4.01%"
"2013-11-18","79.75","81.76","82.76","79.15","","-1.74%"
"2013-11-15","81.16","79.75","81.76","78.75","","1.51%"
"2013-11-14","79.95","77.95","80.36","76.55","","4.99%"
"2013-11-13","76.15","69.53","76.15","69.33","","4.40%"
"2013-11-12","72.94","73.54","73.94","70.74","","-3.45%"
"2013-11-11","75.55","75.55","77.15","74.34","","-0.79%"
"2013-11-08","76.15","68.13","76.15","67.33","","12.10%"
"2013-11-07","67.93","79.55","79.55","67.73","","-14.18%"
"2013-11-06","79.15","78.95","80.36","76.75","","2.33%"
"2013-11-05","77.35","76.75","78.75","76.15","","-3.98%"
"2013-11-04","80.56","80.16","80.56","79.15","","1.52%"
"2013-11-01","79.35","79.55","79.95","76.75","","0.51%"
"2013-10-31","78.95","81.00","81.00","78.59","","-3.94%"
"2013-10-30","82.19","85.19","85.59","80.59","","-3.31%"
"2013-10-29","85.00","84.59","85.40","83.40","","0.48%"
"2013-10-28","84.59","83.40","85.80","83.40","","0.70%"
"2013-10-25","84.00","83.19","84.00","82.59","","1.45%"
"2013-10-24","82.80","81.40","83.59","81.00","","0.98%"
"2013-10-23","82.00","83.00","83.00","80.59","","-5.53%"
"2013-10-22","86.80","84.59","87.40","84.59","","5.10%"
"2013-10-21","82.59","81.19","82.59","80.80","","-0.97%"
"2013-10-18","83.40","82.59","83.40","81.19","","1.71%"
"2013-10-17","82.00","74.00","82.00","73.80","","5.94%"
"2013-10-16","77.40","71.19","77.59","71.19","","19.08%"
"2013-10-15","65.00","68.40","73.59","64.59","","-13.10%"
"2013-10-14","74.80","68.00","74.80","65.59","","1.64%"
"2013-10-11","73.59","63.40","73.59","63.40","","15.73%"
"2013-10-10","63.59","51.59","64.19","51.20","","74.70%"
"2013-10-09","36.40","35.27","40.20","28.20","","4.42%"
"2013-10-08","34.86","47.89","49.69","34.86","","-29.28%"
"2013-10-07","49.29","50.30","56.91","49.29","","-16.04%"
"2013-10-04","58.71","51.70","59.31","51.70","","12.69%"
"2013-10-03","52.10","57.51","57.51","47.49","","-15.31%"
"2013-10-02","61.52","56.22","61.52","53.81","","-0.52%"
"2013-10-01","61.84","57.83","62.65","57.83","","14.50%"
"2013-09-30","54.01","53.10","56.51","50.70","","-8.01%"
"2013-09-27","58.71","60.32","60.52","56.71","","-10.68%"
"2013-09-26","65.73","65.73","67.33","62.32","","5.13%"
"2013-09-25","62.52","63.12","66.53","61.72","","-2.50%"
"2013-09-24","64.12","63.92","69.13","61.52","","-2.45%"
"2013-09-23","65.73","66.93","67.33","63.72","","-5.47%"
"2013-09-20","69.53","77.55","77.75","69.33","","-10.57%"
"2013-09-19","77.75","79.15","79.55","77.55","","-3.01%"
"2013-09-18","80.16","71.14","80.16","66.33","","13.00%"
"2013-09-17","70.94","71.14","71.14","69.13","","3.82%"
"2013-09-16","68.33","70.14","70.94","67.13","","10.00%"
"2013-09-13","62.12","62.12","62.92","59.71","","1.30%"
"2013-09-12","61.32","64.00","65.80","60.79","","-6.24%"
"2013-09-11","65.40","61.59","65.40","60.40","","6.19%"
"2013-09-10","61.59","59.59","62.20","59.40","","8.45%"
"2013-09-09","56.79","49.59","56.79","49.59","","23.46%"
"2013-09-06","46.00","42.00","49.79","36.20","","-1.69%"
"2013-09-05","46.79","47.59","48.79","46.00","","1.28%"
"2013-09-04","46.20","36.00","46.79","36.00","","26.26%"
"2013-09-03","36.59","44.79","44.79","32.40","","23.61%"
"2013-08-30","29.60","34.59","37.20","28.00","","-18.68%"
"2013-08-29","36.40","34.00","40.40","34.00","","8.37%"
"2013-08-28","33.59","35.20","37.00","30.79","","2.44%"
"2013-08-27","32.79","41.79","41.79","32.79","","-36.69%"
"2013-08-26","51.79","57.20","59.20","51.79","","-7.85%"
"2013-08-23","56.20","53.20","57.00","51.00","","4.48%"
"2013-08-22","53.79","49.79","55.40","48.59","","21.70%"
"2013-08-21","44.20","50.79","51.20","43.59","","-15.95%"
"2013-08-20","52.59","46.00","55.40","46.00","","13.83%"
"2013-08-19","46.20","50.79","53.40","46.00","","-10.79%"
"2013-08-16","51.79","54.79","57.40","51.40","","-11.32%"
"2013-08-15","58.40","62.79","62.79","55.20","","-17.27%"
"2013-08-14","70.59","72.40","72.80","69.80","","-5.36%"
"2013-08-13","74.59","74.00","76.40","72.59","","0.00%"
"2013-08-12","74.59","74.40","75.40","73.19","","-2.61%"
"2013-08-09","76.59","78.19","78.19","75.59","","-0.78%"
"2013-08-08","77.19","76.59","79.19","74.19","","3.75%"
"2013-08-07","74.40","76.19","76.19","74.19","","-4.62%"
"2013-08-06","78.00","80.59","80.59","77.40","","-4.88%"
"2013-08-05","82.00","81.19","82.59","81.00","","0.50%"
"2013-08-02","81.59","81.59","82.00","81.00","","-1.70%"
"2013-08-01","83.00","81.59","83.59","80.80","","6.97%"
"2013-07-31","77.59","78.00","80.40","77.00","","1.31%"
"2013-07-30","76.59","77.40","78.59","76.00","","-0.27%"
"2013-07-29","76.80","78.40","78.40","75.19","","-2.04%"
"2013-07-26","78.40","75.80","78.40","71.59","","-1.26%"
"2013-07-25","79.40","76.19","79.40","75.19","","2.86%"
"2013-07-24","77.19","80.80","80.80","75.40","","-5.64%"
"2013-07-23","81.80","84.40","84.40","81.19","","-1.67%"
"2013-07-22","83.19","82.59","83.80","82.40","","0.23%"
"2013-07-19","83.00","81.80","83.00","80.40","","0.24%"
"2013-07-18","82.80","82.40","84.00","81.59","","4.03%"
"2013-07-17","79.59","79.59","80.19","78.00","","3.36%"
"2013-07-16","77.00","79.59","81.19","75.19","","-4.94%"
"2013-07-15","81.00","79.00","82.40","79.00","","1.77%"
"2013-07-12","79.59","76.80","79.59","76.19","","0.75%"
"2013-07-11","79.00","75.80","79.00","75.40","","16.88%"
"2013-07-10","67.59","66.00","69.40","65.19","","2.41%"
"2013-07-09","66.00","64.59","67.19","63.00","","8.20%"
"2013-07-08","61.00","58.79","62.59","58.79","","5.92%"
"2013-07-05","57.59","52.59","57.59","48.00","","23.61%"
"2013-07-03","46.59","43.40","49.40","41.79","","-2.94%"
"2013-07-02","48.00","51.20","53.59","43.40","","-1.62%"
"2013-07-01","48.79","48.19","54.40","46.79","","8.49%"
"2013-06-28","44.97","44.97","49.19","42.16","","-3.46%"
"2013-06-27","46.58","46.78","48.99","44.97","","11.54%"
"2013-06-26","41.76","40.16","42.97","36.94","","21.64%"
"2013-06-25","34.33","32.32","36.94","29.51","","31.53%"
"2013-06-24","26.10","26.90","30.92","21.88","","-25.73%"
"2013-06-21","35.14","38.35","38.35","30.12","","1.18%"
"2013-06-20","34.73","42.57","44.37","33.13","","-37.11%"
"2013-06-19","55.22","68.07","69.47","55.22","","-21.43%"
"2013-06-18","70.28","63.05","70.68","62.44","","9.39%"
"2013-06-17","64.25","64.45","67.26","59.83","","12.29%"
"2013-06-14","57.22","59.63","64.25","54.81","","-7.77%"
"2013-06-13","62.04","47.38","62.24","47.38","","28.74%"
"2013-06-12","48.19","58.63","58.63","47.59","","-14.59%"
"2013-06-11","56.42","56.51","62.52","56.42","","-12.28%"
"2013-06-10","64.32","65.13","66.93","63.92","","-2.44%"
"2013-06-07","65.93","58.71","66.13","58.71","","17.08%"
"2013-06-06","56.31","52.50","56.31","47.69","","10.20%"
"2013-06-05","51.10","61.72","62.12","50.50","","-20.55%"
"2013-06-04","64.32","69.73","69.73","60.12","","-4.47%"
"2013-06-03","67.33","64.32","67.33","61.32","","1.81%"
"2013-05-31","66.13","74.14","74.54","66.13","","-11.76%"
"2013-05-30","74.94","75.15","76.95","74.14","","1.35%"
"2013-05-29","73.94","76.15","77.75","71.74","","-7.99%"
"2013-05-28","80.36","84.16","85.97","79.15","","2.04%"
"2013-05-24","78.75","76.35","78.75","74.14","","-3.92%"
"2013-05-23","81.96","78.15","83.56","76.75","","-3.30%"
"2013-05-22","84.76","91.58","92.98","81.16","","-7.04%"
"2013-05-21","91.18","91.58","92.58","89.57","","0.44%"
"2013-05-20","90.78","90.58","92.38","90.38","","-0.87%"
"2013-05-17","91.58","89.37","91.98","88.37","","2.93%"
"2013-05-16","88.97","90.18","91.38","88.57","","-1.78%"
"2013-05-15","90.58","88.37","91.78","88.37","","0.90%"
"2013-05-14","89.77","86.59","89.80","86.40","","5.61%"
"2013-05-13","85.00","84.19","86.40","83.40","","-3.85%"
"2013-05-10","88.40","85.59","88.40","84.40","","2.56%"
"2013-05-09","86.19","87.00","88.19","85.40","","-1.83%"
"2013-05-08","87.80","86.17","88.17","86.17","","1.89%"
"2013-05-07","86.17","85.17","86.17","83.36","","2.63%"
"2013-05-06","83.96","81.36","85.17","81.36","","4.74%"
"2013-05-03","80.16","79.35","82.16","79.15","","12.05%"
"2013-05-02","71.54","66.33","71.54","66.33","","8.51%"
"2013-05-01","65.93","68.19","69.19","65.40","","-8.94%"
"2013-04-30","72.40","67.19","72.40","66.00","","2.26%"
"2013-04-29","70.80","67.59","71.80","67.40","","6.96%"
"2013-04-26","66.19","68.19","68.40","65.19","","-7.30%"
"2013-04-25","71.40","69.59","75.40","69.59","","6.57%"
"2013-04-24","67.00","65.59","68.00","64.19","","7.05%"
"2013-04-23","62.59","59.00","63.59","59.00","","16.36%"
"2013-04-22","53.79","50.00","54.79","47.59","","5.47%"
"2013-04-19","51.00","46.59","51.20","46.59","","9.91%"
"2013-04-18","46.40","51.20","53.00","44.20","","-13.42%"
"2013-04-17","53.59","56.20","56.20","52.00","","-14.38%"
"2013-04-16","62.59","59.00","62.59","57.00","","13.39%"
"2013-04-15","55.20","70.80","70.80","55.20","","-27.93%"
"2013-04-12","76.59","77.40","77.40","73.40","","-5.44%"
"2013-04-11","81.00","79.40","82.19","79.40","","2.29%"
"2013-04-10","79.19","73.80","79.80","73.80","","14.11%"
"2013-04-09","69.40","67.00","71.80","65.80","","2.36%"
"2013-04-08","67.80","59.40","67.80","59.40","","9.73%"
"2013-04-05","61.79","55.59","62.00","55.40","","-5.79%"
"2013-04-04","65.59","65.40","67.00","62.59","","4.79%"
"2013-04-03","62.59","69.00","69.00","61.20","","-13.07%"
"2013-04-02","72.00","74.80","75.00","71.00","","-1.37%"
"2013-04-01","73.00","78.19","78.19","70.80","","-7.11%"
"2013-03-28","78.59","75.59","79.00","75.40","","3.68%"
"2013-03-27","75.80","71.59","76.40","71.19","","0.00%"
"2013-03-26","75.80","74.19","75.80","73.00","","7.67%"
"2013-03-25","70.40","76.40","77.80","68.59","","-5.38%"
"2013-03-22","74.40","72.19","74.59","72.00","","5.68%"
"2013-03-21","70.40","76.00","76.80","69.59","","-11.55%"
"2013-03-20","79.59","78.59","80.19","77.59","","6.70%"
"2013-03-19","74.59","79.80","79.80","71.80","","-5.09%"
"2013-03-18","78.59","78.40","81.00","77.80","","-4.16%"
"2013-03-15","82.00","83.59","84.19","81.80","","-3.30%"
"2013-03-14","84.80","84.40","84.80","83.59","","1.68%"
"2013-03-13","83.40","80.80","83.59","80.80","","0.25%"
"2013-03-12","83.19","82.59","84.19","81.19","","-0.48%"
"2013-03-11","83.59","81.19","83.80","80.19","","1.21%"
"2013-03-08","82.59","80.59","82.80","80.19","","3.77%"
"2013-03-07","79.59","78.59","80.40","78.59","","0.51%"
"2013-03-06","79.19","79.00","79.40","77.40","","0.76%"
"2013-03-05","78.59","77.40","79.59","77.00","","7.38%"
"2013-03-04","73.19","72.80","73.19","68.40","","1.39%"
"2013-03-01","72.19","66.40","73.00","66.40","","-1.11%"
"2013-02-28","73.00","74.80","76.00","72.19","","-0.54%"
"2013-02-27","73.40","64.40","75.40","64.40","","16.51%"
"2013-02-26","63.00","60.20","64.00","56.00","","6.78%"
"2013-02-25","59.00","79.00","79.19","59.00","","-22.77%"
"2013-02-22","76.40","73.59","76.40","71.19","","6.41%"
"2013-02-21","71.80","72.80","75.19","67.59","","-9.57%"
"2013-02-20","79.40","84.00","84.80","79.40","","-7.23%"
"2013-02-19","85.59","85.40","86.00","84.80","","1.18%"
"2013-02-15","84.59","84.80","85.40","83.00","","-0.48%"
"2013-02-14","85.00","84.80","86.19","84.80","","-1.38%"
"2013-02-13","86.19","88.19","88.19","85.19","","-1.15%"
"2013-02-12","87.19","87.19","88.19","86.59","","-0.46%"
"2013-02-11","87.59","88.00","88.19","86.80","","-1.36%"
"2013-02-08","88.80","88.59","88.80","87.19","","2.07%"
"2013-02-07","87.00","87.00","87.40","84.59","","-1.79%"
"2013-02-06","88.59","87.19","89.00","86.80","","-0.67%"
"2013-02-05","89.19","89.00","89.80","87.80","","4.44%"
"2013-02-04","85.40","88.40","88.40","85.40","","-5.53%"
"2013-02-01","90.40","89.40","91.19","89.40","","3.91%"
"2013-01-31","87.00","89.59","89.80","86.40","","-2.46%"
"2013-01-30","89.19","92.19","92.19","89.19","","-2.42%"
"2013-01-29","91.40","89.40","91.80","89.40","","1.11%"
"2013-01-28","90.40","91.18","91.19","90.00","","-2.57%"
"2013-01-25","92.78","91.98","92.78","90.58","","1.75%"
"2013-01-24","91.18","91.19","92.80","90.40","","1.54%"
"2013-01-23","89.80","90.40","91.19","89.59","","-2.39%"
"2013-01-22","92.00","90.19","92.00","89.40","","2.01%"
"2013-01-18","90.19","88.19","90.19","88.00","","1.12%"
"2013-01-17","89.19","87.40","89.19","87.40","","2.75%"
"2013-01-16","86.80","87.00","88.00","86.19","","-2.47%"
"2013-01-15","89.00","85.19","89.00","85.19","","1.83%"
"2013-01-14","87.40","86.40","87.59","86.40","","0.69%"
"2013-01-11","86.80","86.80","86.80","85.80","","-0.23%"
"2013-01-10","87.00","85.40","87.00","85.19","","4.32%"
"2013-01-09","83.40","83.59","84.80","82.40","","-0.23%"
"2013-01-08","83.59","84.40","84.40","82.00","","-3.70%"
"2013-01-07","86.80","87.40","87.59","85.19","","-2.25%"
"2013-01-04","88.80","88.19","89.19","88.00","","2.07%"
"2013-01-03","87.00","85.97","88.37","85.57","","0.73%"
"2013-01-02","86.37","81.16","86.37","80.76","","24.22%"
"2012-12-31","69.53","51.70","69.53","51.50","","32.44%"
"2012-12-28","52.50","58.11","61.92","52.50","","-17.09%"
"2012-12-27","63.32","65.73","65.73","52.50","","-2.16%"
"2012-12-26","64.72","70.74","70.74","63.72","","-9.53%"
"2012-12-24","71.54","70.74","72.14","69.93","","-1.38%"
"2012-12-21","72.54","73.94","76.15","70.34","","-7.65%"
"2012-12-20","78.55","74.94","78.55","74.74","","3.70%"
"2012-12-19","75.75","79.15","80.36","75.75","","-4.30%"
"2012-12-18","79.15","73.14","79.35","72.54","","11.57%"
"2012-12-17","70.94","65.73","71.14","65.73","","21.66%"
"2012-12-14","58.31","62.32","62.32","58.31","","-7.91%"
"2012-12-13","63.32","68.13","69.93","62.32","","-9.98%"
"2012-12-12","70.34","70.74","75.55","69.13","","6.37%"
"2012-12-11","66.13","66.13","70.34","64.52","","4.44%"
"2012-12-10","63.32","63.32","64.52","62.32","","-1.25%"
"2012-12-07","64.12","61.12","64.12","59.11","","8.11%"
"2012-12-06","59.31","56.91","59.31","54.50","","8.03%"
"2012-12-05","54.90","52.30","58.11","47.29","","5.78%"
"2012-12-04","51.90","53.00","53.79","49.00","","0.97%"
"2012-12-03","51.40","58.00","58.00","51.00","","-8.21%"
"2012-11-30","56.00","55.00","56.59","54.20","","3.32%"
"2012-11-29","54.20","54.59","55.20","51.00","","4.23%"
"2012-11-28","52.00","38.79","52.00","36.40","","14.54%"
"2012-11-27","45.40","49.20","49.79","45.40","","-5.81%"
"2012-11-26","48.20","48.00","48.20","43.20","","-1.63%"
"2012-11-23","49.00","42.00","49.00","42.00","","28.95%"
"2012-11-21","38.00","35.59","38.00","34.00","","6.17%"
"2012-11-20","35.79","30.79","36.00","30.79","","9.15%"
"2012-11-19","32.79","32.20","32.79","30.00","","47.70%"
"2012-11-16","22.20","20.20","22.39","16.20","","11.00%"
"2012-11-15","20.00","21.60","22.60","17.60","","-5.66%"
"2012-11-14","21.20","29.79","29.79","19.60","","-26.36%"
"2012-11-13","28.79","28.39","33.00","28.39","","-4.67%"
"2012-11-12","30.20","30.60","31.79","28.60","","-0.63%"
"2012-11-09","30.39","29.39","34.79","28.60","","4.08%"
"2012-11-08","29.20","38.00","38.00","29.20","","-20.63%"
"2012-11-07","36.79","44.40","44.40","32.59","","-30.04%"
"2012-11-06","52.59","48.20","55.20","48.20","","13.83%"
"2012-11-05","46.20","42.79","46.79","42.40","","-4.55%"
"2012-11-02","48.40","55.79","55.79","48.40","","-9.68%"
"2012-11-01","53.59","49.59","54.59","49.59","","13.06%"
"2012-10-31","47.40","48.00","49.40","44.00","","6.30%"
"2012-10-26","44.59","45.40","46.59","39.79","","0.88%"
"2012-10-25","44.20","45.20","45.59","39.40","","14.54%"
"2012-10-24","38.59","42.00","44.00","38.00","","-8.55%"
"2012-10-23","42.20","41.79","44.59","36.40","","-22.14%"
"2012-10-22","54.20","52.79","54.59","48.00","","-2.50%"
"2012-10-19","55.59","64.40","64.59","54.59","","-18.95%"
"2012-10-18","68.59","68.40","71.40","66.19","","-3.65%"
"2012-10-17","71.19","66.59","71.80","66.59","","6.25%"
"2012-10-16","67.00","61.79","67.19","61.79","","19.22%"
"2012-10-15","56.20","51.20","56.59","48.79","","9.77%"
"2012-10-12","51.20","56.00","59.79","49.00","","-8.90%"
"2012-10-11","56.20","59.00","61.79","56.20","","2.95%"
"2012-10-10","54.59","59.79","60.00","53.20","","-11.65%"
"2012-10-09","61.79","69.80","69.80","61.59","","-10.70%"
"2012-10-08","69.19","69.13","71.54","68.33","","-2.19%"
"2012-10-05","70.74","73.94","75.35","69.13","","-1.12%"
"2012-10-04","71.54","69.13","71.94","68.73","","7.21%"
"2012-10-03","66.73","64.92","69.73","63.72","","0.91%"
"2012-10-02","66.13","68.00","68.80","63.40","","-2.75%"
"2012-10-01","68.00","68.80","74.19","65.59","","2.12%"
"2012-09-28","66.59","63.00","68.00","61.79","","-3.21%"
"2012-09-27","68.80","65.59","70.80","62.79","","8.19%"
"2012-09-26","63.59","66.40","67.00","61.79","","-7.57%"
"2012-09-25","68.80","79.00","79.40","68.80","","-13.35%"
"2012-09-24","79.40","79.00","80.59","78.19","","-1.48%"
"2012-09-21","80.59","83.00","83.59","80.59","","-3.13%"
"2012-09-20","83.19","79.59","83.19","78.40","","-0.73%"
"2012-09-19","83.80","82.59","84.40","82.00","","-0.46%"
"2012-09-18","84.19","83.59","84.40","83.59","","-0.25%"
"2012-09-17","84.40","84.80","85.59","83.59","","-0.71%"
"2012-09-14","85.00","86.19","86.19","84.00","","0.96%"
"2012-09-13","84.19","79.80","85.00","79.59","","6.57%"
"2012-09-12","79.00","80.59","80.59","78.59","","0.25%"
"2012-09-11","78.80","79.59","81.00","78.59","","1.29%"
"2012-09-10","77.80","82.00","82.80","77.80","","-6.48%"
"2012-09-07","83.19","82.40","83.19","81.00","","4.77%"
"2012-09-06","79.40","74.80","80.40","74.40","","17.47%"
"2012-09-05","67.59","65.00","70.59","65.00","","-2.61%"
"2012-09-04","69.40","68.00","71.40","64.00","","-1.69%"
"2012-08-31","70.59","71.40","74.19","67.59","","5.36%"
"2012-08-30","67.00","68.19","69.00","64.19","","-6.41%"
"2012-08-29","71.59","69.19","73.00","68.59","","2.87%"
"2012-08-28","69.59","69.00","71.59","67.59","","0.00%"
"2012-08-27","69.59","70.80","72.80","69.19","","-2.25%"
"2012-08-24","71.19","66.00","72.40","65.00","","5.33%"
"2012-08-23","67.59","72.00","72.00","67.40","","-7.92%"
"2012-08-22","73.40","74.19","74.19","70.59","","-3.42%"
"2012-08-21","76.00","78.40","80.80","76.00","","-3.80%"
"2012-08-20","79.00","79.00","79.00","75.80","","-1.48%"
"2012-08-17","80.19","78.59","80.19","77.40","","2.04%"
"2012-08-16","78.59","74.00","79.00","73.40","","4.23%"
"2012-08-15","75.40","74.80","76.59","74.40","","0.00%"
"2012-08-14","75.40","77.41","77.82","73.59","","-3.11%"
"2012-08-13","77.82","78.62","79.03","74.79","","-2.03%"
"2012-08-10","79.43","77.01","79.43","77.01","","1.29%"
"2012-08-09","78.42","78.83","79.43","77.82","","-0.77%"
"2012-08-08","79.03","76.81","79.43","76.81","","-0.50%"
"2012-08-07","79.43","79.43","81.25","78.83","","4.51%"
"2012-08-06","76.00","78.02","78.02","76.00","","2.44%"
"2012-08-03","74.19","71.37","75.80","71.37","","21.05%"
"2012-08-02","61.29","62.50","64.51","56.04","","-9.25%"
"2012-08-01","67.54","70.56","71.57","67.54","","-5.63%"
"2012-07-31","71.57","73.38","73.79","70.76","","-1.39%"
"2012-07-30","72.58","73.64","75.25","71.42","","-2.76%"
"2012-07-27","74.64","66.19","76.86","66.19","","20.45%"
"2012-07-26","61.97","62.97","63.17","56.33","","25.73%"
"2012-07-25","49.29","53.72","53.72","46.07","","5.14%"
"2012-07-24","46.88","55.33","55.33","42.45","","-15.88%"
"2012-07-23","55.73","48.28","58.14","48.28","","-13.44%"
"2012-07-20","64.38","69.21","69.21","63.78","","-11.60%"
"2012-07-19","72.83","74.24","75.25","69.21","","5.54%"
"2012-07-18","69.01","63.98","71.62","63.98","","10.65%"
"2012-07-17","62.37","56.94","62.77","54.12","","9.92%"
"2012-07-16","56.74","55.73","58.95","55.13","","-3.09%"
"2012-07-13","58.55","53.52","59.15","53.52","","25.43%"
"2012-07-12","46.68","41.64","49.49","40.64","","-10.08%"
"2012-07-11","51.91","48.69","52.91","45.67","","2.79%"
"2012-07-10","50.50","61.36","61.36","47.28","","-10.03%"
"2012-07-09","56.13","57.54","57.74","53.31","","-4.78%"
"2012-07-06","58.95","60.76","60.76","56.33","","-12.28%"
"2012-07-05","67.20","69.81","70.42","65.19","","-3.55%"
"2012-07-03","69.67","65.26","71.08","64.85","","10.50%"
"2012-07-02","63.05","63.65","63.65","57.83","","1.63%"
"2012-06-29","62.04","54.90","62.04","54.30","","51.02%"
"2012-06-28","41.08","37.27","41.48","33.26","","-1.44%"
"2012-06-27","41.68","38.87","42.28","38.07","","31.65%"
"2012-06-26","31.66","32.66","36.47","29.45","","1.93%"
"2012-06-25","31.06","32.46","32.86","27.45","","-26.54%"
"2012-06-22","42.28","39.67","43.68","39.67","","15.30%"
"2012-06-21","36.67","50.90","51.70","36.67","","-29.89%"
"2012-06-20","52.30","50.70","53.90","48.29","","0.38%"
"2012-06-19","52.10","47.29","54.90","47.29","","18.73%"
"2012-06-18","43.88","39.87","45.29","39.87","","6.82%"
"2012-06-15","41.08","35.47","41.08","35.47","","24.26%"
"2012-06-14","33.06","27.85","34.26","27.85","","24.05%"
"2012-06-13","26.65","28.45","30.66","25.25","","-8.89%"
"2012-06-12","29.25","24.24","29.45","22.64","","29.20%"
"2012-06-11","22.64","30.26","31.46","22.64","","-2.58%"
"2012-06-08","23.24","22.84","28.85","22.84","","0.87%"
"2012-06-07","23.04","30.06","30.06","22.24","","-1.71%"
"2012-06-06","23.44","17.00","23.44","17.00","","77.71%"
"2012-06-05","13.19","12.19","13.60","12.19","","4.68%"
"2012-06-04","12.60","12.39","13.00","11.60","","-1.56%"
"2012-06-01","12.80","14.85","14.85","11.64","","-38.10%"
"2012-05-31","20.68","19.67","23.09","17.46","","1.97%"
"2012-05-30","20.28","23.69","24.09","19.87","","-31.28%"
"2012-05-29","29.51","27.71","30.32","24.89","","26.98%"
"2012-05-25","23.24","24.44","25.65","22.04","","-2.52%"
"2012-05-24","23.84","22.24","23.84","19.43","","17.79%"
"2012-05-23","20.24","18.20","21.20","13.80","","5.42%"
"2012-05-22","19.20","18.79","21.60","18.39","","4.40%"
"2012-05-21","18.39","14.00","18.39","13.19","","37.34%"
"2012-05-18","13.39","16.39","17.00","12.00","","-16.31%"
"2012-05-17","16.00","22.39","22.60","16.00","","-34.96%"
"2012-05-16","24.60","26.79","30.00","24.20","","-4.61%"
"2012-05-15","25.79","27.79","30.60","25.79","","-9.83%"
"2012-05-14","28.60","28.79","32.00","28.20","","-16.37%"
"2012-05-11","34.20","33.79","38.59","33.79","","-3.39%"
"2012-05-10","35.40","36.20","38.40","34.59","","7.96%"
"2012-05-09","32.79","30.39","36.00","29.00","","-12.33%"
"2012-05-08","37.40","34.79","37.59","30.00","","-6.01%"
"2012-05-07","39.79","40.40","42.00","39.00","","-1.51%"
"2012-05-04","40.40","45.40","46.40","40.40","","-19.52%"
"2012-05-03","50.20","55.40","57.00","49.79","","-11.60%"
"2012-05-02","56.79","56.00","57.59","53.40","","-7.21%"
"2012-05-01","61.20","57.31","66.19","55.91","","5.68%"
"2012-04-30","57.91","55.31","57.91","55.31","","-2.03%"
"2012-04-27","59.11","57.71","59.91","55.71","","2.07%"
"2012-04-26","57.91","50.90","58.51","50.90","","7.84%"
"2012-04-25","53.70","50.50","53.90","49.29","","24.08%"
"2012-04-24","43.28","39.87","45.29","39.87","","9.65%"
"2012-04-23","39.47","38.47","39.87","35.67","","-19.92%"
"2012-04-20","49.29","47.49","52.90","47.49","","10.32%"
"2012-04-19","44.68","47.89","51.90","40.88","","-7.86%"
"2012-04-18","48.49","49.29","51.30","47.89","","-10.04%"
"2012-04-17","53.90","45.69","56.91","45.09","","37.96%"
"2012-04-16","39.07","39.87","42.08","34.86","","4.83%"
"2012-04-13","37.27","45.09","45.09","37.27","","-22.50%"
"2012-04-12","48.09","39.07","49.09","39.07","","31.14%"
"2012-04-11","36.67","37.07","38.27","34.86","","29.81%"
"2012-04-10","28.25","42.68","42.68","28.25","","-38.17%"
"2012-04-09","45.69","45.89","47.29","43.68","","-21.10%"
"2012-04-05","57.91","59.31","61.52","57.51","","-6.48%"
"2012-04-04","61.92","65.53","65.93","60.32","","-13.93%"
"2012-04-03","71.94","76.55","77.55","68.59","","-7.47%"
"2012-04-02","77.75","70.94","79.35","70.14","","7.18%"
"2012-03-30","72.54","72.94","73.94","69.73","","3.13%"
"2012-03-29","70.34","64.52","70.94","61.92","","-2.22%"
"2012-03-28","71.94","74.14","75.15","68.53","","-6.75%"
"2012-03-27","77.15","78.95","79.55","77.15","","-2.03%"
"2012-03-26","78.75","76.75","78.75","74.74","","13.59%"
"2012-03-23","69.33","67.93","69.93","63.72","","1.17%"
"2012-03-22","68.53","70.54","70.54","64.72","","-10.24%"
"2012-03-21","76.35","77.75","78.15","74.54","","-3.29%"
"2012-03-20","78.95","76.75","80.96","76.75","","-4.14%"
"2012-03-19","82.36","80.36","84.56","80.36","","1.23%"
"2012-03-16","81.36","81.76","81.76","80.36","","0.25%"
"2012-03-15","81.16","76.75","81.16","76.75","","3.85%"
"2012-03-14","78.15","82.40","82.40","77.80","","-5.16%"
"2012-03-13","82.40","76.80","82.40","75.00","","12.58%"
"2012-03-12","73.19","72.80","74.40","71.19","","-0.29%"
"2012-03-09","73.40","70.40","75.40","70.40","","3.10%"
"2012-03-08","71.19","69.00","72.19","65.80","","15.94%"
"2012-03-07","61.40","55.79","62.20","55.79","","10.06%"
"2012-03-06","55.79","60.79","60.79","53.79","","-21.63%"
"2012-03-05","71.19","71.80","72.59","68.59","","-4.56%"
"2012-03-02","74.59","76.40","78.19","73.40","","-5.09%"
"2012-03-01","78.59","76.40","79.59","75.19","","4.23%"
"2012-02-29","75.40","80.19","80.19","74.80","","-4.56%"
"2012-02-28","79.00","79.19","81.00","77.59","","-1.97%"
"2012-02-27","80.59","76.80","82.80","76.80","","-1.95%"
"2012-02-24","82.19","81.80","83.40","81.19","","0.23%"
"2012-02-23","82.00","78.00","82.40","77.59","","2.76%"
"2012-02-22","79.80","82.19","82.19","78.80","","-3.86%"
"2012-02-21","83.00","84.80","85.19","81.00","","-2.35%"
"2012-02-17","85.00","85.40","85.59","83.59","","2.66%"
"2012-02-16","82.80","80.80","84.19","79.19","","5.61%"
"2012-02-15","78.40","80.19","82.00","76.59","","-3.91%"
"2012-02-14","81.59","81.59","81.80","77.40","","-0.98%"
"2012-02-13","82.40","83.80","83.80","81.59","","0.99%"
"2012-02-10","81.59","81.80","82.40","80.00","","-5.13%"
"2012-02-09","86.00","84.40","86.59","83.19","","-0.22%"
"2012-02-08","86.19","86.80","87.00","84.00","","-1.38%"
"2012-02-07","87.40","85.80","87.59","84.19","","0.46%"
"2012-02-06","87.00","86.59","87.40","86.19","","-1.35%"
"2012-02-03","88.19","85.59","88.59","85.19","","4.49%"
"2012-02-02","84.40","83.40","84.40","82.80","","1.45%"
"2012-02-01","83.19","82.59","84.59","82.59","","4.77%"
"2012-01-31","79.40","80.80","81.00","77.80","","-0.99%"
"2012-01-30","80.19","78.59","81.00","77.19","","-3.85%"
"2012-01-27","83.40","83.40","85.00","81.59","","-1.88%"
"2012-01-26","85.00","86.80","88.00","84.19","","-2.51%"
"2012-01-25","87.19","81.59","87.80","81.40","","2.58%"
"2012-01-24","85.00","83.40","85.40","83.19","","-1.16%"
"2012-01-23","86.00","86.59","87.00","84.40","","0.00%"
"2012-01-20","86.00","85.59","86.00","84.00","","-0.46%"
"2012-01-19","86.40","85.40","86.59","84.40","","2.14%"
"2012-01-18","84.59","78.59","84.59","78.59","","8.19%"
"2012-01-17","78.19","80.12","80.72","76.30","","3.02%"
"2012-01-13","75.90","76.10","76.70","72.69","","-5.50%"
"2012-01-12","80.32","79.91","81.32","77.71","","1.02%"
"2012-01-11","79.51","77.91","79.51","76.50","","-1.25%"
"2012-01-10","80.52","80.32","81.92","79.51","","10.17%"
"2012-01-09","73.09","71.88","74.09","69.87","","3.41%"
"2012-01-06","70.68","71.68","73.69","69.87","","-2.77%"
"2012-01-05","72.69","63.45","73.09","63.45","","3.14%"
"2012-01-04","70.48","70.08","71.28","64.45","","-1.40%"
"2012-01-03","71.48","74.89","76.30","70.28","","17.10%"
"2011-12-30","61.04","62.85","65.06","61.04","","-5.29%"
"2011-12-29","64.45","60.64","64.65","60.24","","13.43%"
"2011-12-28","56.82","66.26","66.26","56.82","","-17.26%"
"2011-12-27","68.67","67.46","70.08","66.66","","2.71%"
"2011-12-23","66.86","63.85","67.26","63.85","","6.72%"
"2011-12-22","62.65","61.64","64.05","59.03","","8.71%"
"2011-12-21","57.63","50.60","57.63","47.99","","3.99%"
"2011-12-20","55.42","48.49","55.91","48.29","","70.73%"
"2011-12-19","32.46","44.68","44.88","31.06","","-23.23%"
"2011-12-16","42.28","45.49","50.30","39.87","","2.22%"
"2011-12-15","41.36","42.77","43.77","38.55","","15.08%"
"2011-12-14","35.94","43.57","43.57","35.94","","-22.17%"
"2011-12-13","46.18","64.52","64.92","43.48","","-22.92%"
"2011-12-12","59.91","62.32","62.52","53.10","","-16.72%"
"2011-12-09","71.94","64.52","73.54","64.52","","17.32%"
"2011-12-08","61.32","73.74","73.74","61.32","","-22.53%"
"2011-12-07","79.15","73.94","80.16","71.94","","-0.25%"
"2011-12-06","79.35","78.59","81.80","78.00","","-2.52%"
"2011-12-05","81.40","82.19","84.80","78.80","","9.13%"
"2011-12-02","74.59","78.95","82.76","74.40","","-1.27%"
"2011-12-01","75.55","76.40","78.59","74.40","","-3.38%"
"2011-11-30","78.19","70.40","78.19","69.59","","75.35%"
"2011-11-29","44.59","41.40","49.20","41.40","","8.76%"
"2011-11-28","41.00","43.20","45.59","35.59","","102.97%"
"2011-11-25","20.20","24.60","26.79","20.20","","0.00%"
"2011-11-23","20.20","27.20","27.20","20.20","","-44.79%"
"2011-11-22","36.59","36.59","42.40","34.00","","-17.59%"
"2011-11-21","44.40","45.20","47.20","36.79","","-22.11%"
"2011-11-18","57.00","59.00","61.00","56.00","","-6.56%"
"2011-11-17","61.00","67.00","70.80","58.00","","-17.11%"
"2011-11-16","73.59","78.19","81.80","73.59","","-9.81%"
"2011-11-15","81.59","80.80","84.00","76.00","","0.98%"
"2011-11-14","80.80","80.59","83.19","78.40","","-5.15%"
"2011-11-11","85.19","82.59","86.80","82.59","","10.36%"
"2011-11-10","77.19","78.40","79.19","72.80","","5.74%"
"2011-11-09","73.00","79.80","82.00","72.40","","-17.98%"
"2011-11-08","89.00","88.19","89.19","83.00","","3.26%"
"2011-11-07","86.19","86.00","86.40","79.59","","1.89%"
"2011-11-04","84.59","83.00","85.00","79.80","","-2.77%"
"2011-11-03","87.00","80.80","87.40","77.80","","8.49%"
"2011-11-02","80.19","80.80","82.00","76.00","","9.25%"
"2011-11-01","73.40","75.59","81.40","71.19","","-18.26%"
"2011-10-31","89.80","92.00","92.80","89.80","","-3.85%"
"2011-10-28","93.40","93.00","94.19","93.00","","0.00%"
"2011-10-27","93.40","92.80","94.40","91.59","","6.86%"
"2011-10-26","87.40","88.40","89.59","79.40","","5.06%"
"2011-10-25","83.19","87.00","89.19","83.00","","-9.17%"
"2011-10-24","91.59","88.00","91.59","88.00","","8.01%"
"2011-10-21","84.80","81.40","85.19","81.19","","13.07%"
"2011-10-20","75.00","71.59","75.80","64.40","","2.74%"
"2011-10-19","73.00","78.00","79.59","72.59","","-8.06%"
"2011-10-18","79.40","65.13","80.80","59.31","","21.17%"
"2011-10-17","65.53","75.55","75.55","65.53","","-17.00%"
"2011-10-14","78.95","77.75","80.36","72.74","","12.24%"
"2011-10-13","70.34","66.13","71.74","61.32","","-3.03%"
"2011-10-12","72.54","69.33","77.55","69.33","","16.40%"
"2011-10-11","62.32","57.51","64.12","57.51","","3.32%"
"2011-10-10","60.32","52.50","60.32","52.50","","52.05%"
"2011-10-07","39.67","42.68","46.09","36.47","","-6.17%"
"2011-10-06","42.28","28.65","42.28","25.85","","55.16%"
"2011-10-05","27.25","17.63","27.65","15.63","","51.14%"
"2011-10-04","18.03","7.59","18.03","6.59","","63.91%"
"2011-10-03","11.00","17.60","23.20","11.00","","-44.42%"
"2011-09-30","19.79","26.20","27.79","19.79","","-32.66%"
"2011-09-29","29.39","36.59","36.59","20.79","","16.63%"
"2011-09-28","25.20","39.47","40.88","24.60","","-29.35%"
"2011-09-27","35.67","38.40","45.40","33.40","","30.23%"
"2011-09-26","27.39","23.20","27.39","18.39","","36.95%"
"2011-09-23","20.00","17.60","20.60","15.00","","36.99%"
"2011-09-22","14.60","16.60","17.20","12.60","","-43.39%"
"2011-09-21","25.79","39.20","39.40","25.60","","-29.15%"
"2011-09-20","36.40","38.59","47.79","36.40","","-3.68%"
"2011-09-19","37.79","33.00","39.40","31.79","","-13.70%"
"2011-09-16","43.79","45.00","48.00","39.20","","12.89%"
"2011-09-15","38.79","34.20","38.79","30.39","","35.63%"
"2011-09-14","28.60","22.79","34.20","17.39","","37.57%"
"2011-09-13","20.79","13.19","21.60","13.19","","35.09%"
"2011-09-12","15.39","8.80","15.39","7.00","","35.12%"
"2011-09-09","11.39","14.00","17.20","10.19","","-50.48%"
"2011-09-08","23.00","26.20","30.60","22.60","","-14.81%"
"2011-09-07","27.00","20.00","27.00","19.39","","98.53%"
"2011-09-06","13.60","6.59","13.80","6.00","","-11.63%"
"2011-09-02","15.39","16.79","20.39","14.60","","-37.44%"
"2011-09-01","24.60","30.00","33.59","24.39","","-18.54%"
"2011-08-31","30.20","32.40","34.20","27.60","","11.85%"
"2011-08-30","27.00","24.20","29.79","20.60","","8.91%"
"2011-08-29","24.79","19.39","24.79","18.79","","103.36%"
"2011-08-26","12.19","6.80","12.80","4.19","","35.44%"
"2011-08-25","9.00","14.39","14.39","8.39","","-37.46%"
"2011-08-24","14.39","10.39","14.80","10.39","","38.50%"
"2011-08-23","10.39","4.59","10.39","4.59","","147.97%"
"2011-08-22","4.19","6.59","6.59","3.59","","23.24%"
"2011-08-19","3.40","4.59","7.00","3.40","","-29.17%"
"2011-08-18","4.80","5.80","5.80","3.59","","-57.10%"
"2011-08-17","11.19","12.00","13.00","9.60","","9.81%"
"2011-08-16","10.19","8.80","10.60","8.00","","-12.16%"
"2011-08-15","11.60","8.39","11.60","7.59","","100.00%"
"2011-08-12","5.80","5.19","6.80","4.19","","20.83%"
"2011-08-11","4.80","2.59","6.80","2.59","","168.16%"
"2011-08-10","1.79","2.40","3.40","1.20","","-47.35%"
"2011-08-09","3.40","1.20","3.40","0.80","","466.67%"
"2011-08-08","0.60","2.61","2.61","0.60","","-85.04%"
"2011-08-05","4.01","6.02","6.62","2.00","","11.08%"
"2011-08-04","3.61","12.04","12.04","3.61","","-77.24%"
"2011-08-03","15.86","13.05","15.86","8.43","","9.76%"
"2011-08-02","14.45","24.69","25.30","14.45","","-45.47%"
"2011-08-01","26.50","34.73","34.73","22.89","","-11.40%"
"2011-07-29","29.91","26.10","35.14","26.10","","-12.36%"
"2011-07-28","34.13","36.54","43.17","33.53","","-9.11%"
"2011-07-27","37.55","47.99","47.99","36.94","","-30.99%"
"2011-07-26","54.41","55.42","58.03","53.41","","-9.68%"
"2011-07-25","60.24","58.03","63.85","57.63","","-7.41%"
"2011-07-22","65.06","64.05","65.86","61.44","","-0.91%"
"2011-07-21","65.66","58.63","66.46","58.63","","26.27%"
"2011-07-20","52.00","51.00","54.41","48.19","","1.56%"
"2011-07-19","51.20","45.78","51.60","43.37","","35.63%"
"2011-07-18","37.75","41.16","41.16","34.93","","-16.06%"
"2011-07-15","44.97","43.37","45.18","40.16","","10.33%"
"2011-07-14","40.76","53.61","55.62","40.76","","-20.08%"
"2011-07-13","51.00","53.81","60.64","49.19","","3.26%"
"2011-07-12","49.39","51.60","57.22","49.19","","-5.02%"
"2011-07-11","52.00","58.83","60.24","50.20","","-26.43%"
"2011-07-08","70.68","70.48","70.88","64.65","","-9.74%"
"2011-07-07","78.31","74.74","80.16","74.34","","14.61%"
"2011-07-06","68.33","65.13","69.53","63.52","","0.29%"
"2011-07-05","68.13","67.33","69.73","66.73","","-3.69%"
"2011-07-01","70.74","56.71","70.94","56.71","","22.16%"
"2011-06-30","57.91","52.30","58.71","52.30","","21.43%"
"2011-06-29","47.69","42.68","49.09","41.48","","20.83%"
"2011-06-28","39.47","31.26","39.47","30.46","","43.79%"
"2011-06-27","27.45","21.64","28.85","21.04","","44.25%"
"2011-06-24","19.03","28.05","28.05","18.23","","-31.18%"
"2011-06-23","27.65","16.83","27.65","15.03","","-10.40%"
"2011-06-22","30.86","32.66","38.67","30.86","","-12.50%"
"2011-06-21","35.27","29.25","36.67","29.25","","35.39%"
"2011-06-20","26.05","22.44","26.85","21.84","","19.28%"
"2011-06-17","21.84","22.84","24.04","21.24","","17.23%"
"2011-06-16","18.63","17.83","20.24","15.03","","14.79%"
"2011-06-15","16.23","21.84","23.24","15.43","","-38.17%"
"2011-06-14","26.25","23.44","29.65","23.24","","39.41%"
"2011-06-13","18.83","19.43","20.24","17.03","","11.88%"
"2011-06-10","16.83","23.04","23.04","16.83","","-39.13%"
"2011-06-09","27.65","22.04","31.06","22.04","","16.96%"
"2011-06-08","23.64","23.44","25.85","23.04","","-11.96%"
"2011-06-07","26.85","26.65","31.66","26.65","","6.34%"
"2011-06-06","25.25","31.46","31.46","25.05","","-24.08%"
"2011-06-03","33.26","33.59","39.20","33.00","","-26.42%"
"2011-06-02","45.20","45.79","48.00","41.40","","-5.42%"
"2011-06-01","47.79","61.52","61.52","47.79","","-26.16%"
"2011-05-31","64.72","62.12","64.72","57.51","","13.72%"
"2011-05-27","56.91","57.91","58.71","55.91","","4.04%"
"2011-05-26","54.70","50.10","56.11","48.69","","4.19%"
"2011-05-25","52.50","48.29","53.90","47.69","","4.79%"
"2011-05-24","50.10","52.30","54.50","48.89","","-1.57%"
"2011-05-23","50.90","51.70","53.30","50.90","","-17.53%"
"2011-05-20","61.72","64.32","65.93","59.51","","-8.33%"
"2011-05-19","67.33","67.33","68.13","63.52","","3.71%"
"2011-05-18","64.92","59.91","65.33","59.91","","9.46%"
"2011-05-17","59.31","58.71","59.91","55.31","","-2.96%"
"2011-05-16","61.12","64.12","67.53","60.72","","-5.85%"
"2011-05-13","64.92","71.34","71.34","62.72","","-10.26%"
"2011-05-12","72.34","63.32","72.74","63.32","","4.04%"
"2011-05-11","69.53","74.14","74.14","67.33","","-9.41%"
"2011-05-10","76.75","71.94","77.55","71.94","","9.42%"
"2011-05-09","70.14","67.53","71.74","66.13","","2.05%"
"2011-05-06","68.73","73.00","74.59","66.40","","6.41%"
"2011-05-05","64.59","64.59","70.40","62.40","","-6.65%"
"2011-05-04","69.19","73.00","73.00","66.00","","-6.25%"
"2011-05-03","73.80","74.74","75.75","70.80","","-5.32%"
"2011-05-02","77.95","80.76","82.76","77.55","","-2.26%"
"2011-04-29","79.75","80.80","80.80","78.00","","-1.04%"
"2011-04-28","80.59","77.80","81.00","77.80","","2.27%"
"2011-04-27","78.80","75.00","79.80","74.00","","4.80%"
"2011-04-26","75.19","72.40","77.00","72.40","","6.20%"
"2011-04-25","70.80","71.19","72.40","68.80","","-2.75%"
"2011-04-21","72.80","71.80","74.00","70.40","","5.51%"
"2011-04-20","69.00","67.80","70.19","66.00","","25.94%"
"2011-04-19","54.79","54.40","54.79","49.59","","10.49%"
"2011-04-18","49.59","47.79","51.20","45.40","","-19.48%"
"2011-04-15","61.59","56.40","62.79","56.00","","9.98%"
"2011-04-14","56.00","50.20","56.40","47.79","","1.82%"
"2011-04-13","55.00","58.40","58.59","52.00","","0.75%"
"2011-04-12","54.59","60.00","60.00","52.59","","-16.77%"
"2011-04-11","65.59","71.80","72.59","63.59","","-6.83%"
"2011-04-08","70.40","78.00","78.00","66.19","","-7.37%"
"2011-04-07","76.00","79.00","79.40","73.19","","-2.56%"
"2011-04-06","78.00","78.40","78.40","76.00","","3.74%"
"2011-04-05","75.19","74.59","78.00","74.40","","0.25%"
"2011-04-04","75.00","77.00","77.00","73.00","","-0.25%"
"2011-04-01","75.19","74.80","77.40","73.80","","5.62%"
"2011-03-31","71.19","72.59","72.59","68.19","","-3.01%"
"2011-03-30","73.40","71.00","74.80","69.19","","8.26%"
"2011-03-29","67.80","56.59","67.80","56.59","","13.00%"
"2011-03-28","60.00","65.00","66.80","60.00","","-3.85%"
"2011-03-25","62.40","60.79","66.40","60.79","","1.96%"
"2011-03-24","61.20","54.40","61.79","50.79","","21.91%"
"2011-03-23","50.20","42.79","52.20","40.59","","2.45%"
"2011-03-22","49.00","51.59","52.79","47.59","","-8.24%"
"2011-03-21","53.40","49.79","55.59","49.79","","39.06%"
"2011-03-18","38.40","43.59","44.79","36.00","","17.83%"
"2011-03-17","32.59","34.00","37.20","30.00","","20.70%"
"2011-03-16","27.00","36.40","38.20","24.39","","-33.81%"
"2011-03-15","40.79","30.20","44.59","29.39","","-22.44%"
"2011-03-14","52.59","53.00","56.79","46.40","","-10.86%"
"2011-03-11","59.00","56.40","60.20","51.59","","8.08%"
"2011-03-10","54.59","56.40","61.20","54.00","","-21.10%"
"2011-03-09","69.19","66.59","70.19","65.19","","-2.81%"
"2011-03-08","71.19","62.79","72.19","62.79","","12.29%"
"2011-03-07","63.40","72.40","72.40","60.00","","-8.89%"
"2011-03-04","69.59","72.40","73.00","65.19","","-5.96%"
"2011-03-03","74.00","73.00","75.19","71.00","","16.01%"
"2011-03-02","63.79","62.40","65.00","60.20","","2.56%"
"2011-03-01","62.20","74.00","74.19","61.79","","-14.56%"
"2011-02-28","72.80","72.59","74.40","71.00","","2.82%"
"2011-02-25","70.80","66.19","70.80","66.19","","11.67%"
"2011-02-24","63.40","65.40","65.59","57.40","","0.00%"
"2011-02-23","63.40","69.80","69.80","59.79","","-12.66%"
"2011-02-22","72.59","76.59","81.00","71.40","","-13.58%"
"2011-02-18","84.00","83.80","84.80","82.59","","-0.23%"
"2011-02-17","84.19","80.80","84.19","80.80","","1.20%"
"2011-02-16","83.19","80.80","83.19","80.00","","5.57%"
"2011-02-15","78.80","79.40","80.00","78.00","","-3.42%"
"2011-02-14","81.59","81.00","81.59","80.19","","-1.46%"
"2011-02-11","82.80","77.80","82.80","77.80","","4.56%"
"2011-02-10","79.19","78.00","79.19","76.59","","-1.25%"
"2011-02-09","80.19","80.40","81.40","78.80","","-1.72%"
"2011-02-08","81.59","79.19","81.59","79.19","","1.99%"
"2011-02-07","80.00","79.00","80.80","79.00","","2.56%"
"2011-02-04","78.00","74.00","78.00","73.40","","2.63%"
"2011-02-03","76.00","73.19","76.40","71.19","","1.89%"
"2011-02-02","74.59","73.80","75.80","73.80","","-1.07%"
"2011-02-01","75.40","73.00","76.00","73.00","","8.02%"
"2011-01-31","69.80","69.19","71.40","67.59","","3.56%"
"2011-01-28","67.40","78.19","78.19","67.19","","-14.47%"
"2011-01-27","78.80","79.80","79.80","78.59","","-1.25%"
"2011-01-26","79.80","78.40","80.59","78.40","","1.27%"
"2011-01-25","78.80","77.19","78.80","75.40","","-0.99%"
"2011-01-24","79.59","75.59","79.59","74.80","","4.46%"
"2011-01-21","76.19","78.40","79.80","74.80","","-2.56%"
"2011-01-20","78.19","75.19","79.59","74.80","","0.24%"
"2011-01-19","78.00","82.59","82.59","77.40","","-7.79%"
"2011-01-18","84.59","82.59","84.59","82.19","","2.42%"
"2011-01-14","82.59","80.59","82.59","80.40","","0.49%"
"2011-01-13","82.19","81.80","83.40","80.80","","-1.45%"
"2011-01-12","83.40","81.40","84.19","81.40","","4.79%"
"2011-01-11","79.59","79.19","80.00","76.80","","0.75%"
"2011-01-10","79.00","74.40","79.19","74.19","","-2.47%"
"2011-01-07","81.00","83.40","83.40","76.80","","-1.45%"
"2011-01-06","82.19","82.59","83.19","80.19","","-3.52%"
"2011-01-05","85.19","83.00","85.19","81.59","","0.94%"
"2011-01-04","84.40","85.59","86.00","83.80","","-4.30%"
"2011-01-03","88.19","87.80","88.59","87.40","","5.74%"
"2010-12-31","83.40","82.80","84.80","81.59","","0.25%"
"2010-12-30","83.19","82.59","84.19","82.59","","-0.73%"
"2010-12-29","83.80","83.00","85.40","83.00","","2.20%"
"2010-12-28","82.00","81.19","82.00","80.19","","0.24%"
"2010-12-27","81.80","79.80","82.80","79.80","","-1.21%"
"2010-12-23","82.80","83.40","83.80","82.00","","-0.95%"
"2010-12-22","83.59","82.59","84.40","82.40","","0.48%"
"2010-12-21","83.19","81.59","83.19","81.40","","1.96%"
"2010-12-20","81.59","81.80","82.19","79.40","","1.48%"
"2010-12-17","80.40","79.59","81.00","77.59","","2.03%"
"2010-12-16","78.80","75.59","78.80","74.40","","3.96%"
"2010-12-15","75.80","79.80","80.59","75.80","","-5.94%"
"2010-12-14","80.59","81.19","82.59","78.40","","0.50%"
"2010-12-13","80.19","79.80","81.00","78.80","","0.49%"
"2010-12-10","79.80","78.80","80.40","78.00","","3.64%"
"2010-12-09","77.00","76.40","77.19","75.19","","2.12%"
"2010-12-08","75.40","76.59","76.59","73.80","","0.00%"
"2010-12-07","75.40","79.19","79.19","75.00","","-1.55%"
"2010-12-06","76.59","75.80","77.00","75.19","","-1.56%"
"2010-12-03","77.80","74.00","77.80","73.59","","1.30%"
"2010-12-02","76.80","70.40","76.80","70.40","","9.42%"
"2010-12-01","70.19","66.40","71.19","65.59","","22.28%"
"2010-11-30","57.40","54.20","59.79","54.20","","-6.80%"
"2010-11-29","61.59","57.91","61.79","52.70","","-1.49%"
"2010-11-26","62.52","63.12","64.12","62.32","","-7.14%"
"2010-11-24","67.33","63.12","67.33","62.92","","13.14%"
"2010-11-23","59.51","61.12","61.12","57.31","","-13.92%"
"2010-11-22","69.13","69.13","69.73","63.92","","-0.58%"
"2010-11-19","69.53","64.72","69.53","64.12","","1.16%"
"2010-11-18","68.73","67.00","71.59","66.00","","16.10%"
"2010-11-17","59.20","59.79","63.00","57.79","","-2.29%"
"2010-11-16","60.59","68.19","69.59","58.59","","-17.67%"
"2010-11-15","73.59","76.59","78.59","73.19","","-1.09%"
"2010-11-12","74.40","80.00","80.00","73.40","","-8.60%"
"2010-11-11","81.40","79.59","81.59","79.59","","-1.21%"
"2010-11-10","82.40","79.80","82.59","79.59","","0.73%"
"2010-11-09","81.80","86.80","87.40","81.59","","-6.83%"
"2010-11-08","87.80","86.40","87.80","86.00","","-1.13%"
"2010-11-05","88.80","88.59","89.19","86.40","","-0.22%"
"2010-11-04","89.00","87.00","89.00","86.19","","5.45%"
"2010-11-03","84.40","83.80","84.40","78.59","","-0.22%"
"2010-11-02","84.59","83.59","85.00","82.19","","3.92%"
"2010-11-01","81.40","84.80","86.40","78.59","","-2.15%"
"2010-10-29","83.19","81.59","83.80","81.40","","0.00%"
"2010-10-28","83.19","86.40","86.40","81.19","","-4.16%"
"2010-10-27","86.80","84.59","86.80","81.40","","-0.23%"
"2010-10-26","87.00","86.80","88.00","85.40","","-2.46%"
"2010-10-25","89.19","90.80","91.00","88.80","","0.68%"
"2010-10-22","88.59","89.59","89.80","88.00","","-0.91%"
"2010-10-21","89.40","89.80","91.19","87.19","","0.24%"
"2010-10-20","89.19","89.00","90.80","88.00","","0.89%"
"2010-10-19","88.40","89.40","92.59","87.19","","-3.48%"
"2010-10-18","91.59","91.00","91.80","91.00","","0.87%"
"2010-10-15","90.80","91.19","91.59","89.00","","-0.43%"
"2010-10-14","91.19","92.59","92.59","89.59","","-2.15%"
"2010-10-13","93.19","92.00","94.00","92.00","","1.75%"
"2010-10-12","91.59","88.59","91.80","88.59","","1.77%"
"2010-10-11","90.00","89.59","90.59","89.19","","-0.21%"
"2010-10-08","90.19","88.00","91.00","86.59","","3.44%"
"2010-10-07","87.19","89.19","89.80","85.80","","-0.69%"
"2010-10-06","87.80","89.80","90.19","87.00","","-3.30%"
"2010-10-05","90.80","86.00","91.40","85.59","","9.40%"
"2010-10-04","83.00","85.59","86.40","81.19","","-3.94%"
"2010-10-01","86.40","86.40","86.40","86.40","","3.36%"
"2010-09-30","83.59","89.80","89.80","82.19","","-0.49%"
"2010-09-29","84.00","84.80","87.00","82.80","","-1.64%"
"2010-09-28","85.40","79.00","85.80","76.00","","4.67%"
"2010-09-27","81.59","83.59","86.19","81.59","","-4.67%"
"2010-09-24","85.59","81.00","85.59","81.00","","18.87%"
"2010-09-23","72.00","73.59","78.80","72.00","","-6.25%"
"2010-09-22","76.80","83.80","83.80","76.59","","-7.91%"
"2010-09-21","83.40","86.40","86.40","83.00","","-3.02%"
"2010-09-20","86.00","77.40","86.80","77.40","","12.29%"
"2010-09-17","76.59","79.19","79.59","75.80","","-1.56%"
"2010-09-16","77.80","79.00","79.00","74.80","","-3.46%"
"2010-09-15","80.59","74.80","80.80","74.80","","2.79%"
"2010-09-14","78.40","76.40","81.59","76.00","","-1.26%"
"2010-09-13","79.40","78.00","79.80","76.80","","10.28%"
"2010-09-10","72.00","69.00","73.19","69.00","","3.15%"
"2010-09-09","69.80","73.80","74.19","67.19","","9.06%"
"2010-09-08","64.00","64.00","65.00","64.00","","6.67%"
"2010-09-07","60.00","65.00","65.00","60.00","","0.00%"
"2010-09-03","60.00","60.00","65.00","60.00","","0.00%"
"2010-09-02","60.00","52.00","60.00","52.00","","17.65%"
"2010-09-01","51.00","38.00","51.00","38.00","","74.66%"
"2010-08-31","29.20","29.20","29.20","29.20","","2.10%"
"2010-08-30","28.60","28.60","28.60","28.60","","-25.91%"
"2010-08-27","38.60","38.60","38.60","38.60","","46.21%"
"2010-08-26","26.40","26.40","26.40","26.40","","-9.59%"
"2010-08-25","29.20","29.20","29.20","29.20","","9.77%"
"2010-08-24","26.60","26.60","26.60","26.60","","-24.43%"
"2010-08-23","35.20","35.20","35.20","35.20","","-4.86%"
"2010-08-20","37.00","37.00","37.00","37.00","","-6.57%"
"2010-08-19","39.60","39.60","39.60","39.60","","-27.21%"
"2010-08-18","54.40","54.40","54.40","54.40","","5.43%"
"2010-08-17","51.60","51.60","51.60","51.60","","19.44%"
"2010-08-16","43.20","43.20","43.20","43.20","","1.89%"
"2010-08-13","42.40","42.40","42.40","42.40","","-7.83%"
"2010-08-12","46.00","46.00","46.00","46.00","","-12.21%"
"2010-08-11","52.40","52.40","52.40","52.40","","-27.02%"
"2010-08-10","71.80","71.80","71.80","71.80","","-3.75%"
"2010-08-09","74.60","74.60","74.60","74.60","","4.48%"
"2010-08-06","71.40","71.40","71.40","71.40","","-2.19%"
"2010-08-05","73.00","73.00","73.00","73.00","","-0.27%"
"2010-08-04","73.20","73.20","73.20","73.20","","3.10%"
"2010-08-03","71.00","71.00","71.00","71.00","","-5.84%"
"2010-08-02","75.40","75.40","75.40","75.40","","13.90%"
"2010-07-30","66.20","66.20","66.20","66.20","","1.85%"
"2010-07-29","65.00","65.00","65.00","65.00","","-3.85%"
"2010-07-28","67.60","67.60","67.60","67.60","","-5.59%"
"2010-07-27","71.60","71.60","71.60","71.60","","-4.02%"
"2010-07-26","74.60","74.60","74.60","74.60","","12.69%"
"2010-07-23","66.20","66.20","66.20","66.20","","14.53%"
"2010-07-22","57.80","57.80","57.80","57.80","","44.50%"
"2010-07-21","40.00","40.00","40.00","40.00","","-14.16%"
"2010-07-20","46.60","46.60","46.60","46.60","","21.99%"
"2010-07-19","38.20","38.20","38.20","38.20","","17.18%"
"2010-07-16","32.60","32.60","32.60","32.60","","-37.79%"
"2010-07-15","52.40","52.40","52.40","52.40","","2.34%"
"2010-07-14","51.20","51.20","51.20","51.20","","1.99%"
"2010-07-13","50.20","50.20","50.20","50.20","","41.81%"
"2010-07-12","35.40","35.40","35.40","35.40","","2.91%"
"2010-07-09","34.40","34.40","34.40","34.40","","16.22%"
"2010-07-08","29.60","29.60","29.60","29.60","","28.70%"
"2010-07-07","23.00","23.00","23.00","23.00","","144.68%"
"2010-07-06","9.40","9.40","9.40","9.40","","38.24%"
"2010-07-02","6.80","6.80","6.80","6.80","","17.24%"
"2010-07-01","5.80","5.80","5.80","5.80","","7.41%"
"2010-06-30","5.40","5.40","5.40","5.40","","-32.50%"
"2010-06-29","8.00","8.00","8.00","8.00","","-64.60%"
"2010-06-28","22.60","22.60","22.60","22.60","","4.63%"
"2010-06-25","21.60","21.60","21.60","21.60","","21.35%"
"2010-06-24","17.80","17.80","17.80","17.80","","-27.64%"
"2010-06-23","24.60","24.60","24.60","24.60","","-5.38%"
"2010-06-22","26.00","26.00","26.00","26.00","","-39.25%"
"2010-06-21","42.80","42.80","42.80","42.80","","-6.55%"
"2010-06-18","45.80","45.80","45.80","45.80","","1.33%"
"2010-06-17","45.20","45.20","45.20","45.20","","8.13%"
"2010-06-16","41.80","41.80","41.80","41.80","","0.00%"
"2010-06-15","41.80","41.80","41.80","41.80","","78.63%"
"2010-06-14","23.40","23.40","23.40","23.40","","0.00%"
"2010-06-11","23.40","23.40","23.40","23.40","","11.43%"
"2010-06-10","21.00","21.00","21.00","21.00","","101.92%"
"2010-06-09","10.40","10.40","10.40","10.40","","10.64%"
"2010-06-08","9.40","9.40","9.40","9.40","","17.50%"
"2010-06-07","8.00","8.00","8.00","8.00","","-13.04%"
"2010-06-04","9.20","9.20","9.20","9.20","","-57.41%"
"2010-06-03","21.60","21.60","21.60","21.60","","20.00%"
"2010-06-02","18.00","18.00","18.00","18.00","","83.67%"
"2010-06-01","9.80","9.80","9.80","9.80","","-22.22%"
"2010-05-28","12.60","12.60","12.60","12.60","","-27.59%"
"2010-05-27","17.40","17.40","17.40","17.40","","148.57%"
"2010-05-26","7.00","7.00","7.00","7.00","","0.00%"
"2010-05-25","7.00","7.00","7.00","7.00","","-7.89%"
"2010-05-24","7.60","7.60","7.60","7.60","","-11.63%"
"2010-05-21","8.60","8.60","8.60","8.60","","38.71%"
"2010-05-20","6.20","6.20","6.20","6.20","","-66.67%"
"2010-05-19","18.60","18.60","18.60","18.60","","-17.70%"
"2010-05-18","22.60","22.60","22.60","22.60","","-29.37%"
"2010-05-17","32.00","32.00","32.00","32.00","","5.96%"
"2010-05-14","30.20","30.20","30.20","30.20","","-34.35%"
"2010-05-13","46.00","46.00","46.00","46.00","","-17.56%"
"2010-05-12","55.80","55.80","55.80","55.80","","27.98%"
"2010-05-11","43.60","43.60","43.60","43.60","","-5.63%"
"2010-05-10","46.20","46.20","46.20","46.20","","207.39%"
"2010-05-07","15.03","15.03","15.03","15.03","","-45.54%"
"2010-05-06","27.60","27.60","27.60","27.60","","-47.53%"
"2010-05-05","52.60","52.60","52.60","52.60","","-10.85%"
"2010-05-04","59.00","59.00","59.00","59.00","","-23.18%"
"2010-05-03","76.80","76.80","76.80","76.80","","9.09%"
"2010-04-30","70.40","70.40","70.40","70.40","","-12.44%"
"2010-04-29","80.40","80.40","80.40","80.40","","3.61%"
"2010-04-28","77.60","77.60","77.60","77.60","","2.37%"
"2010-04-27","75.80","75.80","75.80","75.80","","-11.45%"
"2010-04-26","85.60","85.60","85.60","85.60","","-1.61%"
"2010-04-23","87.00","87.00","87.00","87.00","","0.23%"
"2010-04-22","86.80","86.80","86.80","86.80","","-2.03%"
"2010-04-21","88.60","88.60","88.60","88.60","","-1.34%"
"2010-04-20","89.80","89.80","89.80","89.80","","3.46%"
"2010-04-19","86.80","86.80","86.80","86.80","","0.46%"
"2010-04-16","86.40","86.40","86.40","86.40","","-5.47%"
"2010-04-15","91.40","91.40","91.40","91.40","","-1.30%"
"2010-04-14","92.60","92.60","92.60","92.60","","1.54%"
"2010-04-13","91.20","91.20","91.20","91.20","","-0.22%"
"2010-04-12","91.40","91.40","91.40","91.40","","-1.08%"
"2010-04-09","92.40","92.40","92.40","92.40","","2.67%"
"2010-04-08","90.00","90.00","90.00","90.00","","-1.75%"
"2010-04-07","91.60","91.60","91.60","91.60","","-1.93%"
"2010-04-06","93.40","93.40","93.40","93.40","","0.43%"
"2010-04-05","93.00","93.00","93.00","93.00","","1.53%"
"2010-04-01","91.60","91.60","91.60","91.60","","3.15%"
"2010-03-31","88.80","88.80","88.80","88.80","","-1.11%"
"2010-03-30","89.80","89.80","89.80","89.80","","0.67%"
"2010-03-29","89.20","89.20","89.20","89.20","","2.29%"
"2010-03-26","87.20","87.20","87.20","87.20","","0.69%"
"2010-03-25","86.60","86.60","86.60","86.60","","-2.26%"
"2010-03-24","88.60","88.60","88.60","88.60","","-1.34%"
"2010-03-23","89.80","89.80","89.80","89.80","","0.67%"
"2010-03-22","89.20","89.20","89.20","89.20","","2.29%"
"2010-03-19","87.20","87.20","87.20","87.20","","-2.46%"
"2010-03-18","89.40","89.40","89.40","89.40","","-0.67%"
"2010-03-17","90.00","90.00","90.00","90.00","","3.45%"
"2010-03-16","87.00","87.00","87.00","87.00","","5.33%"
"2010-03-15","82.60","82.60","82.60","82.60","","0.49%"
"2010-03-12","82.20","82.20","82.20","82.20","","-1.67%"
"2010-03-11","83.60","83.60","83.60","83.60","","2.70%"
"2010-03-10","81.40","81.40","81.40","81.40","","2.78%"
"2010-03-09","79.20","79.20","79.20","79.20","","-1.49%"
"2010-03-08","80.40","80.40","80.40","80.40","","1.26%"
"2010-03-05","79.40","79.40","79.40","79.40","","18.51%"
"2010-03-04","67.00","67.00","67.00","67.00","","0.60%"
"2010-03-03","66.60","66.60","66.60","66.60","","4.39%"
"2010-03-02","63.80","63.80","63.80","63.80","","3.24%"
"2010-03-01","61.80","61.80","61.80","61.80","","18.85%"
"2010-02-26","52.00","52.00","52.00","52.00","","2.36%"
"2010-02-25","50.80","50.80","50.80","50.80","","-4.15%"
"2010-02-24","53.00","53.00","53.00","53.00","","22.69%"
"2010-02-23","43.20","43.20","43.20","43.20","","-24.74%"
"2010-02-22","57.40","57.40","57.40","57.40","","-2.05%"
"2010-02-19","58.60","58.60","58.60","58.60","","2.81%"
"2010-02-18","57.00","57.00","57.00","57.00","","17.28%"
"2010-02-17","48.60","48.60","48.60","48.60","","7.52%"
"2010-02-16","45.20","45.20","45.20","45.20","","58.04%"
"2010-02-12","28.60","28.60","28.60","28.60","","2.14%"
"2010-02-11","28.00","28.00","28.00","28.00","","40.00%"
"2010-02-10","20.00","20.00","20.00","20.00","","-8.26%"
"2010-02-09","21.80","21.80","21.80","21.80","","26.74%"
"2010-02-08","17.20","17.20","17.20","17.20","","-16.50%"
"2010-02-05","20.60","20.60","20.60","20.60","","3.00%"
"2010-02-04","20.00","20.00","20.00","20.00","","-54.95%"
"2010-02-03","44.40","44.40","44.40","44.40","","-9.02%"
"2010-02-02","48.80","48.80","48.80","48.80","","27.75%"
"2010-02-01","38.20","38.20","38.20","38.20","","42.54%"
"2010-01-29","26.80","26.80","26.80","26.80","","-19.28%"
"2010-01-28","33.20","33.20","33.20","33.20","","-24.20%"
"2010-01-27","43.80","43.80","43.80","43.80","","1.86%"
"2010-01-26","43.00","43.00","43.00","43.00","","-5.70%"
"2010-01-25","45.60","45.60","45.60","45.60","","14.00%"
"2010-01-22","40.00","40.00","40.00","40.00","","-35.06%"
"2010-01-21","61.60","61.60","61.60","61.60","","-21.23%"
"2010-01-20","78.20","78.20","78.20","78.20","","-6.90%"
"2010-01-19","84.00","84.00","84.00","84.00","","6.33%"
"2010-01-15","79.00","79.00","79.00","79.00","","-7.28%"
"2010-01-14","85.20","85.20","85.20","85.20","","-1.84%"
"2010-01-13","86.80","86.80","86.80","86.80","","4.83%"
"2010-01-12","82.80","82.80","82.80","82.80","","-6.12%"
"2010-01-11","88.20","88.20","88.20","88.20","","1.38%"
"2010-01-08","87.00","87.00","87.00","87.00","","1.16%"
"2010-01-07","86.00","86.00","86.00","86.00","","0.94%"
"2010-01-06","85.20","85.20","85.20","85.20","","-0.70%"
"2010-01-05","85.80","85.80","85.80","85.80","","0.70%"
"2010-01-04","85.20","85.20","85.20","85.20","","12.92%"
"2009-12-31","75.45","75.45","75.45","75.45","","-6.96%"
"2009-12-30","81.09","81.09","81.09","81.09","","-1.46%"
"2009-12-29","82.29","82.29","82.29","82.29","","0.73%"
"2009-12-28","81.69","81.69","81.69","81.69","","0.74%"
"2009-12-24","81.09","81.09","81.09","81.09","","2.03%"
"2009-12-23","79.48","79.48","79.48","79.48","","2.61%"
"2009-12-22","77.46","77.46","77.46","77.46","","3.49%"
"2009-12-21","74.85","74.85","74.85","74.85","","7.82%"
"2009-12-18","69.42","69.42","69.42","69.42","","5.84%"
"2009-12-17","65.59","65.59","65.59","65.59","","-7.92%"
"2009-12-16","71.23","71.23","71.23","71.23","","1.73%"
"2009-12-15","70.02","70.02","70.02","70.02","","-4.40%"
"2009-12-14","73.24","73.24","73.24","73.24","","8.99%"
"2009-12-11","67.20","67.20","67.20","67.20","","1.82%"
"2009-12-10","66.00","66.00","66.00","66.00","","5.47%"
"2009-12-09","62.58","62.58","62.58","62.58","","4.37%"
"2009-12-08","59.96","59.96","59.96","59.96","","-9.43%"
"2009-12-07","66.20","66.20","66.20","66.20","","-3.51%"
"2009-12-04","68.61","68.61","68.61","68.61","","6.89%"
"2009-12-03","64.19","64.19","64.19","64.19","","-7.27%"
"2009-12-02","69.22","69.22","69.22","69.22","","3.93%"
"2009-12-01","66.60","66.60","66.60","66.60","","11.45%"
"2009-11-30","59.76","59.76","59.76","59.76","","8.40%"
"2009-11-27","55.13","55.13","55.13","55.13","","-19.18%"
"2009-11-26","68.21","68.21","68.21","68.21","","0.00%"
"2009-11-25","68.21","68.21","68.21","68.21","","8.30%"
"2009-11-24","62.98","62.98","62.98","62.98","","-0.94%"
"2009-11-23","63.58","63.58","63.58","63.58","","10.48%"
"2009-11-20","57.55","57.55","57.55","57.55","","-7.13%"
"2009-11-19","61.97","61.97","61.97","61.97","","-16.08%"
"2009-11-18","73.84","73.84","73.84","73.84","","-2.13%"
"2009-11-17","75.45","75.45","75.45","75.45","","-1.83%"
"2009-11-16","76.86","76.86","76.86","76.86","","15.41%"
"2009-11-13","66.60","66.60","66.60","66.60","","3.11%"
"2009-11-12","64.59","64.59","64.59","64.59","","-14.62%"
"2009-11-11","75.65","75.65","75.65","75.65","","4.45%"
"2009-11-10","72.43","72.43","72.43","72.43","","-1.91%"
"2009-11-09","73.84","73.84","73.84","73.84","","29.23%"
"2009-11-06","57.14","57.14","57.14","57.14","","-1.06%"
"2009-11-05","57.75","57.75","57.75","57.75","","28.71%"
"2009-11-04","44.87","44.87","44.87","44.87","","1.36%"
"2009-11-03","44.27","44.27","44.27","44.27","","10.01%"
"2009-11-02","40.24","40.24","40.24","40.24","","17.63%"
"2009-10-30","34.21","34.21","34.21","34.21","","-40.76%"
"2009-10-29","57.75","57.75","57.75","57.75","","47.17%"
"2009-10-28","39.24","39.24","39.24","39.24","","-34.77%"
"2009-10-27","60.16","60.16","60.16","60.16","","-5.97%"
"2009-10-26","63.98","63.98","63.98","63.98","","-11.92%"
"2009-10-23","72.64","72.64","72.64","72.64","","-13.42%"
"2009-10-22","83.90","83.90","83.90","83.90","","10.31%"
"2009-10-21","76.06","76.06","76.06","76.06","","-8.03%"
"2009-10-20","82.70","82.70","82.70","82.70","","-7.43%"
"2009-10-19","89.34","89.34","89.34","89.34","","4.24%"
"2009-10-16","85.71","85.71","85.71","85.71","","-3.62%"
"2009-10-15","88.93","88.93","88.93","88.93","","1.84%"
"2009-10-14","87.32","87.32","87.32","87.32","","7.95%"
"2009-10-13","80.89","80.89","80.89","80.89","","-0.98%"
"2009-10-12","81.69","81.69","81.69","81.69","","2.27%"
"2009-10-09","79.88","79.88","79.88","79.88","","2.85%"
"2009-10-08","77.67","77.67","77.67","77.67","","6.05%"
"2009-10-07","73.24","73.24","73.24","73.24","","0.27%"
"2009-10-06","73.04","73.04","73.04","73.04","","10.33%"
"2009-10-05","66.20","66.20","66.20","66.20","","22.32%"
"2009-10-02","54.12","54.12","54.12","54.12","","-10.34%"
"2009-10-01","60.36","60.36","60.36","60.36","","-24.63%"
"2009-09-30","80.08","80.08","80.08","80.08","","-2.92%"
"2009-09-29","82.49","82.49","82.49","82.49","","-1.68%"
"2009-09-28","83.90","83.90","83.90","83.90","","6.65%"
"2009-09-25","78.67","78.67","78.67","78.67","","-5.10%"
"2009-09-24","82.90","82.90","82.90","82.90","","-6.36%"
"2009-09-23","88.53","88.53","88.53","88.53","","-1.79%"
"2009-09-22","90.14","90.14","90.14","90.14","","-1.32%"
"2009-09-21","91.35","91.35","91.35","91.35","","-1.08%"
"2009-09-18","92.35","92.35","92.35","92.35","","1.09%"
"2009-09-17","91.35","91.35","91.35","91.35","","-1.31%"
"2009-09-16","92.56","92.56","92.56","92.56","","2.46%"
"2009-09-15","90.34","90.34","90.34","90.34","","-0.67%"
"2009-09-14","90.95","90.95","90.95","90.95","","2.97%"
"2009-09-11","88.33","88.33","88.33","88.33","","-1.57%"
"2009-09-10","89.74","89.74","89.74","89.74","","1.14%"
"2009-09-09","88.73","88.73","88.73","88.73","","1.14%"
"2009-09-08","87.73","87.73","87.73","87.73","","3.57%"
"2009-09-07","84.71","84.71","84.71","84.71","","0.00%"
"2009-09-04","84.71","84.71","84.71","84.71","","7.40%"
"2009-09-03","78.87","78.87","78.87","78.87","","3.15%"
"2009-09-02","76.46","76.46","76.46","76.46","","-3.80%"
"2009-09-01","79.48","79.48","79.48","79.48","","-8.56%"
"2009-08-31","86.92","86.92","86.92","86.92","","-4.64%"
"2009-08-28","91.15","91.15","91.15","91.15","","-1.09%"
"2009-08-27","92.15","92.15","92.15","92.15","","-0.44%"
"2009-08-26","92.56","92.56","92.56","92.56","","0.66%"
"2009-08-25","91.95","91.95","91.95","91.95","","-0.22%"
"2009-08-24","92.15","92.15","92.15","92.15","","0.00%"
"2009-08-21","92.15","92.15","92.15","92.15","","5.80%"
"2009-08-20","87.10","87.10","87.10","87.10","","3.36%"
"2009-08-19","84.27","84.27","84.27","84.27","","4.49%"
"2009-08-18","80.65","80.65","80.65","80.65","","3.90%"
"2009-08-17","77.62","77.62","77.62","77.62","","-10.46%"
"2009-08-14","86.69","86.69","86.69","86.69","","-1.83%"
"2009-08-13","88.31","88.31","88.31","88.31","","0.24%"
"2009-08-12","88.10","88.10","88.10","88.10","","2.33%"
"2009-08-11","86.09","86.09","86.09","86.09","","-2.51%"
"2009-08-10","88.31","88.31","88.31","88.31","","-1.12%"
"2009-08-07","89.31","89.31","89.31","89.31","","0.90%"
"2009-08-06","88.51","88.51","88.51","88.51","","-2.00%"
"2009-08-05","90.32","90.32","90.32","90.32","","-1.32%"
"2009-08-04","91.53","91.53","91.53","91.53","","0.00%"
"2009-08-03","91.53","91.53","91.53","91.53","","3.18%"
"2009-07-31","88.71","88.71","88.71","88.71","","0.23%"
"2009-07-30","88.51","88.51","88.51","88.51","","4.52%"
"2009-07-29","84.68","84.68","84.68","84.68","","-2.09%"
"2009-07-28","86.49","86.49","86.49","86.49","","-0.93%"
"2009-07-27","87.30","87.30","87.30","87.30","","1.64%"
"2009-07-24","85.89","85.89","85.89","85.89","","-0.23%"
"2009-07-23","86.09","86.09","86.09","86.09","","10.63%"
"2009-07-22","77.82","77.82","77.82","77.82","","-0.26%"
"2009-07-21","78.02","78.02","78.02","78.02","","0.26%"
"2009-07-20","77.82","77.82","77.82","77.82","","14.19%"
"2009-07-17","68.15","68.15","68.15","68.15","","-2.03%"
"2009-07-16","69.56","69.56","69.56","69.56","","7.81%"
"2009-07-15","64.52","64.52","64.52","64.52","","42.87%"
"2009-07-14","45.16","45.16","45.16","45.16","","13.13%"
"2009-07-13","39.92","39.92","39.92","39.92","","58.41%"
"2009-07-10","25.20","25.20","25.20","25.20","","-8.76%"
"2009-07-09","27.62","27.62","27.62","27.62","","6.19%"
"2009-07-08","26.01","26.01","26.01","26.01","","-7.17%"
"2009-07-07","28.02","28.02","28.02","28.02","","-28.72%"
"2009-07-06","39.31","39.31","39.31","39.31","","0.00%"
"2009-07-03","39.31","39.31","39.31","39.31","","0.00%"
"2009-07-02","39.31","39.31","39.31","39.31","","-34.13%"
"2009-07-01","59.68","59.68","59.68","59.68","","6.48%"
"2009-06-30","56.05","56.05","56.05","56.05","","-10.32%"
"2009-06-29","62.50","62.50","62.50","62.50","","8.39%"
"2009-06-26","57.66","57.66","57.66","57.66","","-5.92%"
"2009-06-25","61.29","61.29","61.29","61.29","","39.45%"
"2009-06-24","43.95","43.95","43.95","43.95","","10.10%"
"2009-06-23","39.92","39.92","39.92","39.92","","-3.41%"
"2009-06-22","41.33","41.33","41.33","41.33","","-34.29%"
"2009-06-19","62.90","62.90","62.90","62.90","","-2.19%"
"2009-06-18","64.31","64.31","64.31","64.31","","1.58%"
"2009-06-17","63.31","63.31","63.31","63.31","","0.65%"
"2009-06-16","62.90","62.90","62.90","62.90","","-13.10%"
"2009-06-15","72.38","72.38","72.38","72.38","","-15.13%"
"2009-06-12","85.28","85.28","85.28","85.28","","0.71%"
"2009-06-11","84.68","84.68","84.68","84.68","","-0.47%"
"2009-06-10","85.08","85.08","85.08","85.08","","0.47%"
"2009-06-09","84.68","84.68","84.68","84.68","","-0.47%"
"2009-06-08","85.08","85.08","85.08","85.08","","-1.17%"
"2009-06-05","86.09","86.09","86.09","86.09","","-2.28%"
"2009-06-04","88.10","88.10","88.10","88.10","","1.86%"
"2009-06-03","86.49","86.49","86.49","86.49","","-4.45%"
"2009-06-02","90.52","90.52","90.52","90.52","","1.12%"
"2009-06-01","89.52","89.52","89.52","89.52","","8.83%"
"2009-05-29","82.26","82.26","82.26","82.26","","5.15%"
"2009-05-28","78.23","78.23","78.23","78.23","","6.31%"
"2009-05-27","73.59","73.59","73.59","73.59","","-10.97%"
"2009-05-26","82.66","82.66","82.66","82.66","","13.89%"
"2009-05-25","72.58","72.58","72.58","72.58","","0.00%"
"2009-05-22","72.58","72.58","72.58","72.58","","0.28%"
"2009-05-21","72.38","72.38","72.38","72.38","","-11.14%"
"2009-05-20","81.45","81.45","81.45","81.45","","-3.35%"
"2009-05-19","84.27","84.27","84.27","84.27","","-0.48%"
"2009-05-18","84.68","84.68","84.68","84.68","","9.95%"
"2009-05-15","77.02","77.02","77.02","77.02","","-6.82%"
"2009-05-14","82.66","82.66","82.66","82.66","","2.49%"
"2009-05-13","80.65","80.65","80.65","80.65","","-9.29%"
"2009-05-12","88.91","88.91","88.91","88.91","","-1.56%"
"2009-05-11","90.32","90.32","90.32","90.32","","-0.89%"
"2009-05-08","91.13","91.13","91.13","91.13","","0.90%"
"2009-05-07","90.32","90.32","90.32","90.32","","-1.98%"
"2009-05-06","92.14","92.14","92.14","92.14","","-0.86%"
"2009-05-05","92.94","92.94","92.94","92.94","","1.09%"
"2009-05-04","91.94","91.94","91.94","91.94","","2.25%"
"2009-05-01","89.92","89.92","89.92","89.92","","3.00%"
"2009-04-30","87.30","87.30","87.30","87.30","","-2.91%"
"2009-04-29","89.92","89.92","89.92","89.92","","4.94%"
"2009-04-28","85.69","85.69","85.69","85.69","","-0.46%"
"2009-04-27","86.09","86.09","86.09","86.09","","1.91%"
"2009-04-24","84.48","84.48","84.48","84.48","","1.96%"
"2009-04-23","82.86","82.86","82.86","82.86","","0.24%"
"2009-04-22","82.66","82.66","82.66","82.66","","-1.21%"
"2009-04-21","83.67","83.67","83.67","83.67","","3.49%"
"2009-04-20","80.85","80.85","80.85","80.85","","-8.65%"
"2009-04-17","88.51","88.51","88.51","88.51","","1.39%"
"2009-04-16","87.30","87.30","87.30","87.30","","1.64%"
"2009-04-15","85.89","85.89","85.89","85.89","","5.19%"
"2009-04-14","81.65","81.65","81.65","81.65","","-3.58%"
"2009-04-13","84.68","84.68","84.68","84.68","","0.24%"
"2009-04-10","84.48","84.48","84.48","84.48","","0.00%"
"2009-04-09","84.48","84.48","84.48","84.48","","14.18%"
"2009-04-08","73.99","73.99","73.99","73.99","","5.16%"
"2009-04-07","70.36","70.36","70.36","70.36","","-9.59%"
"2009-04-06","77.82","77.82","77.82","77.82","","-1.53%"
"2009-04-03","79.03","79.03","79.03","79.03","","1.82%"
"2009-04-02","77.62","77.62","77.62","77.62","","24.99%"
"2009-04-01","62.10","62.10","62.10","62.10","","11.59%"
"2009-03-31","55.65","55.65","55.65","55.65","","12.20%"
"2009-03-30","49.60","49.60","49.60","49.60","","-24.30%"
"2009-03-27","65.52","65.52","65.52","65.52","","-10.97%"
"2009-03-26","73.59","73.59","73.59","73.59","","20.46%"
"2009-03-25","61.09","61.09","61.09","61.09","","4.48%"
"2009-03-24","58.47","58.47","58.47","58.47","","-8.80%"
"2009-03-23","64.11","64.11","64.11","64.11","","75.69%"
"2009-03-20","36.49","36.49","36.49","36.49","","-15.43%"
"2009-03-19","43.15","43.15","43.15","43.15","","-4.45%"
"2009-03-18","45.16","45.16","45.16","45.16","","37.43%"
"2009-03-17","32.86","32.86","32.86","32.86","","50.94%"
"2009-03-16","21.77","21.77","21.77","21.77","","-8.49%"
"2009-03-13","23.79","23.79","23.79","23.79","","1.71%"
"2009-03-12","23.39","23.39","23.39","23.39","","43.23%"
"2009-03-11","16.33","16.33","16.33","16.33","","17.40%"
"2009-03-10","13.91","13.91","13.91","13.91","","91.60%"
"2009-03-09","7.26","7.26","7.26","7.26","","0.00%"
"2009-03-06","7.26","7.26","7.26","7.26","","0.00%"
"2009-03-05","7.26","7.26","7.26","7.26","","-34.54%"
"2009-03-04","11.09","11.09","11.09","11.09","","71.94%"
"2009-03-03","6.45","6.45","6.45","6.45","","-11.16%"
"2009-03-02","7.26","7.26","7.26","7.26","","-41.92%"
"2009-02-27","12.50","12.50","12.50","12.50","","-7.48%"
"2009-02-26","13.51","13.51","13.51","13.51","","-21.18%"
"2009-02-25","17.14","17.14","17.14","17.14","","-3.38%"
"2009-02-24","17.74","17.74","17.74","17.74","","62.90%"
"2009-02-23","10.89","10.89","10.89","10.89","","-39.30%"
"2009-02-20","17.94","17.94","17.94","17.94","","-12.74%"
"2009-02-19","20.56","20.56","20.56","20.56","","-8.95%"
"2009-02-18","22.58","22.58","22.58","22.58","","-2.63%"
"2009-02-17","23.19","23.19","23.19","23.19","","-45.74%"
"2009-02-16","42.74","42.74","42.74","42.74","","0.00%"
"2009-02-13","42.74","42.74","42.74","42.74","","-1.86%"
"2009-02-12","43.55","43.55","43.55","43.55","","2.86%"
"2009-02-11","42.34","42.34","42.34","42.34","","2.74%"
"2009-02-10","41.21","41.21","41.21","41.21","","-34.41%"
"2009-02-09","62.83","62.83","62.83","62.83","","0.98%"
"2009-02-06","62.22","62.22","62.22","62.22","","16.21%"
"2009-02-05","53.54","53.54","53.54","53.54","","17.80%"
"2009-02-04","45.45","45.45","45.45","45.45","","-5.86%"
"2009-02-03","48.28","48.28","48.28","48.28","","16.00%"
"2009-02-02","41.62","41.62","41.62","41.62","","4.05%"
"2009-01-30","40.00","40.00","40.00","40.00","","-21.74%"
"2009-01-29","51.11","51.11","51.11","51.11","","-23.10%"
"2009-01-28","66.46","66.46","66.46","66.46","","29.00%"
"2009-01-27","51.52","51.52","51.52","51.52","","9.45%"
"2009-01-26","47.07","47.07","47.07","47.07","","10.96%"
"2009-01-23","42.42","42.42","42.42","42.42","","8.80%"
"2009-01-22","38.99","38.99","38.99","38.99","","-13.45%"
"2009-01-21","45.05","45.05","45.05","45.05","","53.81%"
"2009-01-20","29.29","29.29","29.29","29.29","","-43.15%"
"2009-01-19","51.52","51.52","51.52","51.52","","0.00%"
"2009-01-16","51.52","51.52","51.52","51.52","","23.79%"
"2009-01-15","41.62","41.62","41.62","41.62","","21.91%"
"2009-01-14","34.14","34.14","34.14","34.14","","-35.98%"
"2009-01-13","53.33","53.33","53.33","53.33","","-5.38%"
"2009-01-12","56.36","56.36","56.36","56.36","","-15.72%"
"2009-01-09","66.87","66.87","66.87","66.87","","-9.81%"
"2009-01-08","74.14","74.14","74.14","74.14","","0.27%"
"2009-01-07","73.94","73.94","73.94","73.94","","-9.18%"
"2009-01-06","81.41","81.41","81.41","81.41","","4.40%"
"2009-01-05","77.98","77.98","77.98","77.98","","-0.26%"
"2009-01-02","78.18","78.18","78.18","78.18","","20.18%"