"日付","終値","始値","高値","安値","出来高","変化率 %"
"2026-09-17","50.29","51.29","51.49","48.90","","0.40%"
"2026-09-16","50.09","53.28","54.27","48.11","","-5.28%"
"2026-09-15","52.88","51.88","53.47","51.88","","-6.01%"
"2026-09-14","56.26","56.46","57.25","56.06","","-0.35%"
"2026-09-11","56.46","57.05","57.05","54.87","","3.27%"
"2026-09-10","54.67","55.66","55.86","52.88","","-3.83%"
"2026-09-09","56.85","58.25","58.84","56.26","","-6.23%"
"2026-09-08","60.63","62.62","62.62","60.43","","-5.28%"
"2026-09-04","64.01","63.81","64.81","63.81","","-3.60%"
"2026-09-03","66.40","65.80","66.60","63.61","","3.41%"
"2026-09-02","64.21","62.22","66.00","62.22","","2.54%"
"2026-09-01","62.62","65.40","65.40","61.82","","-5.41%"
"2026-08-31","66.20","67.19","67.19","65.80","","-3.75%"
"2026-08-28","68.78","70.17","70.17","67.99","","-1.15%"
"2026-08-27","69.58","68.78","70.77","68.78","","-1.12%"
"2026-08-26","70.37","70.97","71.76","70.37","","-0.28%"
"2026-08-25","70.57","70.17","71.17","69.98","","-2.14%"
"2026-08-24","72.11","70.71","72.16","70.51","","3.73%"
"2026-08-21","69.52","70.31","71.11","69.52","","-1.12%"
"2026-08-20","70.31","71.51","73.30","70.31","","-2.50%"
"2026-08-19","72.11","73.30","73.90","72.11","","5.86%"
"2026-08-18","68.12","71.17","71.76","68.12","","-0.67%"
"2026-08-17","68.58","70.97","70.97","68.19","","-5.74%"
"2026-08-14","72.76","71.76","73.16","71.76","","-0.55%"
"2026-08-13","73.16","71.76","73.16","70.97","","5.45%"
"2026-08-12","69.38","68.38","69.78","68.38","","-2.52%"
"2026-08-11","71.17","71.76","72.16","71.17","","0.00%"
"2026-08-10","71.17","71.76","71.96","70.37","","-2.19%"
"2026-08-07","72.76","71.37","73.16","71.37","","3.97%"
"2026-08-06","69.98","70.57","70.57","68.58","","-0.84%"
"2026-08-05","70.57","70.17","71.17","69.78","","-0.56%"
"2026-08-04","70.97","68.98","71.37","68.38","","2.88%"
"2026-08-03","68.98","69.18","69.58","68.38","","3.57%"
"2026-07-31","66.60","66.60","67.59","66.60","","-2.89%"
"2026-07-30","68.58","67.39","68.58","65.40","","-0.87%"
"2026-07-29","69.18","70.17","70.57","68.19","","-3.60%"
"2026-07-28","71.76","70.97","72.36","70.37","","4.03%"
"2026-07-27","68.98","68.98","69.18","67.59","","4.83%"
"2026-07-24","65.80","64.81","66.20","64.81","","2.16%"
"2026-07-23","64.41","63.81","64.41","62.82","","0.00%"
"2026-07-22","64.41","65.80","66.00","64.21","","1.58%"
"2026-07-21","63.41","63.41","63.41","62.62","","-0.94%"
"2026-07-20","64.01","65.80","65.80","64.01","","-3.60%"
"2026-07-17","66.40","68.98","69.98","66.20","","-4.30%"
"2026-07-16","69.38","66.60","69.38","66.60","","7.38%"
"2026-07-15","64.61","65.60","68.38","63.81","","-0.60%"
"2026-07-14","65.00","66.00","66.20","64.81","","-2.97%"
"2026-07-13","66.99","68.19","68.19","66.20","","1.81%"
"2026-07-10","65.80","65.60","66.79","65.40","","2.48%"
"2026-07-09","64.21","64.81","65.00","63.61","","-0.31%"
"2026-07-08","64.41","65.00","65.20","64.21","","-3.29%"
"2026-07-07","66.60","67.19","67.19","65.80","","2.46%"
"2026-07-06","65.00","63.49","65.47","63.09","","-1.32%"
"2026-07-02","65.87","64.48","66.26","63.29","","7.11%"
"2026-07-01","61.50","61.95","64.34","61.50","","1.57%"
"2026-06-30","60.55","60.75","61.75","60.55","","-1.94%"
"2026-06-29","61.75","63.34","63.34","61.35","","-2.82%"
"2026-06-26","63.54","62.94","63.74","62.54","","2.90%"
"2026-06-25","61.75","63.74","64.14","60.95","","-0.96%"
"2026-06-24","62.35","62.22","63.22","62.22","","2.84%"
"2026-06-23","60.63","58.44","61.23","58.44","","5.90%"
"2026-06-22","57.25","58.84","59.84","57.25","","-1.72%"
"2026-06-18","58.25","59.84","60.43","57.65","","0.69%"
"2026-06-17","57.85","61.63","63.02","56.46","","-6.13%"
"2026-06-16","61.63","61.63","62.22","61.63","","1.32%"
"2026-06-15","60.83","62.02","62.22","60.63","","-0.33%"
"2026-06-12","61.03","60.03","61.23","60.03","","3.02%"
"2026-06-11","59.24","58.84","60.23","57.25","","4.92%"
"2026-06-10","56.46","58.44","59.24","56.46","","-3.39%"
"2026-06-09","58.44","57.85","58.44","57.05","","5.37%"
"2026-06-08","55.46","58.05","58.44","55.26","","-4.46%"
"2026-06-05","58.05","57.05","59.04","57.05","","3.18%"
"2026-06-04","56.26","57.05","57.05","55.46","","5.22%"
"2026-06-03","53.47","54.47","55.46","53.47","","0.00%"
"2026-06-02","53.47","54.07","54.27","53.08","","0.00%"
"2026-06-01","53.47","53.67","54.27","53.08","","-3.24%"
"2026-05-29","55.26","56.46","56.85","55.06","","-3.48%"
"2026-05-28","57.25","58.64","59.44","57.25","","-1.04%"
"2026-05-27","57.85","58.44","59.24","57.85","","1.05%"
"2026-05-26","57.25","57.76","58.16","56.77","","1.56%"
"2026-05-22","56.37","55.97","56.77","55.57","","2.18%"
"2026-05-21","55.17","52.08","55.26","52.08","","2.79%"
"2026-05-20","53.67","51.09","54.47","51.09","","5.88%"
"2026-05-19","50.69","49.50","52.48","49.50","","-3.41%"
"2026-05-18","52.48","50.49","52.48","50.49","","3.12%"
"2026-05-15","50.89","53.08","53.08","49.50","","-5.53%"
"2026-05-14","53.87","53.08","53.87","52.88","","2.26%"
"2026-05-13","52.68","52.68","53.87","51.68","","-2.21%"
"2026-05-12","53.87","52.58","54.18","51.79","","-0.20%"
"2026-05-11","53.98","53.98","54.58","52.78","","1.89%"
"2026-05-08","52.98","54.47","55.06","52.88","","-4.13%"
"2026-05-07","55.26","56.26","56.85","54.27","","-1.07%"
"2026-05-06","55.86","56.06","56.66","55.46","","2.55%"
"2026-05-05","54.47","53.87","55.46","53.87","","1.87%"
"2026-05-04","53.47","57.25","57.25","52.88","","-5.95%"
"2026-05-01","56.85","57.65","58.05","56.06","","-0.70%"
"2026-04-30","57.25","56.85","57.45","56.46","","6.67%"
"2026-04-29","53.67","55.46","55.46","53.28","","-2.88%"
"2026-04-28","55.26","55.46","55.46","53.87","","0.36%"
"2026-04-27","55.06","55.86","55.86","55.06","","0.71%"
"2026-04-24","54.67","54.47","55.46","54.47","","-1.78%"
"2026-04-23","55.66","56.85","57.05","54.87","","-1.76%"
"2026-04-22","56.66","58.64","58.64","55.66","","0.71%"
"2026-04-21","56.26","58.05","58.44","56.26","","-4.71%"
"2026-04-20","59.04","58.64","59.24","58.25","","-1.65%"
"2026-04-17","60.03","57.25","60.43","57.25","","12.67%"
"2026-04-16","53.28","56.06","56.06","52.88","","-2.90%"
"2026-04-15","54.87","55.66","56.06","54.67","","-3.16%"
"2026-04-14","56.66","56.26","56.66","55.86","","2.33%"
"2026-04-13","55.37","53.38","55.57","51.99","","4.12%"
"2026-04-10","53.18","54.38","54.38","52.39","","-3.96%"
"2026-04-09","55.37","53.98","55.57","53.58","","0.71%"
"2026-04-08","54.98","54.47","55.06","53.67","","14.28%"
"2026-04-07","48.11","47.51","48.31","46.52","","-0.41%"
"2026-04-06","48.31","47.11","48.50","47.11","","0.00%"
"2026-04-02","48.31","45.52","48.31","45.52","","1.26%"
"2026-04-01","47.71","42.54","47.71","42.54","","0.85%"
"2026-03-31","47.31","42.54","47.31","42.54","","11.21%"
"2026-03-30","42.54","43.14","44.73","42.14","","-0.93%"
"2026-03-27","42.94","44.73","44.93","42.34","","-8.07%"
"2026-03-26","46.71","48.70","48.70","46.52","","-2.91%"
"2026-03-25","48.11","49.10","49.10","47.31","","0.84%"
"2026-03-24","47.71","48.70","48.70","47.71","","1.27%"
"2026-03-23","47.11","47.31","48.70","46.91","","7.24%"
"2026-03-20","43.93","46.52","46.52","42.34","","-6.35%"
"2026-03-19","46.91","45.32","47.51","44.53","","-0.42%"
"2026-03-18","47.11","49.70","49.90","47.11","","-5.95%"
"2026-03-17","50.09","51.68","51.68","49.90","","1.60%"
"2026-03-16","49.30","51.29","51.29","48.90","","2.90%"
"2026-03-13","47.91","50.09","50.09","47.51","","-2.02%"
"2026-03-12","48.90","50.29","50.69","48.90","","-5.38%"
"2026-03-11","51.68","52.08","52.48","51.49","","-3.35%"
"2026-03-10","53.47","54.27","55.26","53.47","","-3.24%"
"2026-03-09","55.26","50.49","56.26","50.49","","0.00%"
"2026-03-06","55.26","54.07","55.86","53.28","","-5.13%"
"2026-03-05","58.25","59.44","59.44","55.86","","-4.24%"
"2026-03-04","60.83","60.43","61.23","60.23","","-0.33%"
"2026-03-03","61.03","58.05","62.62","58.05","","-5.54%"
"2026-03-02","64.61","62.62","65.60","62.62","","-1.51%"
"2026-02-27","65.60","63.41","65.60","63.02","","0.31%"
"2026-02-26","65.40","64.01","65.40","62.62","","3.78%"
"2026-02-25","63.02","61.63","63.22","61.43","","-0.93%"
"2026-02-24","63.61","63.22","64.61","62.82","","0.32%"
"2026-02-23","63.41","65.20","65.20","62.82","","-3.34%"
"2026-02-20","65.60","64.81","65.80","64.01","","2.48%"
"2026-02-19","64.01","64.41","64.41","63.41","","-3.02%"
"2026-02-18","66.00","65.20","66.20","65.00","","3.76%"
"2026-02-17","63.61","65.40","65.40","63.41","","-1.85%"
"2026-02-13","64.81","64.21","66.40","63.81","","0.00%"
"2026-02-12","64.81","67.39","67.39","64.21","","-3.25%"
"2026-02-11","66.99","66.99","67.19","66.20","","-0.30%"
"2026-02-10","67.19","66.93","67.99","66.79","","0.39%"
"2026-02-09","66.93","66.33","66.93","65.33","","-0.30%"
"2026-02-06","67.13","67.59","67.59","66.00","","2.65%"
"2026-02-05","65.40","66.60","66.60","64.61","","-2.37%"
"2026-02-04","66.99","65.80","67.99","65.80","","6.98%"
"2026-02-03","62.62","64.01","64.21","62.22","","-0.63%"
"2026-02-02","63.02","63.41","64.01","63.02","","-1.55%"
"2026-01-30","64.01","62.62","64.21","61.82","","0.00%"
"2026-01-29","64.01","64.21","64.21","61.43","","-1.52%"
"2026-01-28","65.00","66.60","66.60","65.00","","-1.52%"
"2026-01-27","66.00","65.60","66.20","64.61","","-0.30%"
"2026-01-26","66.20","67.59","67.59","65.60","","0.91%"
"2026-01-23","65.60","65.60","65.60","64.41","","-1.50%"
"2026-01-22","66.60","66.40","68.19","66.40","","0.11%"
"2026-01-21","66.53","65.93","67.13","64.94","","5.04%"
"2026-01-20","63.34","63.34","64.74","62.74","","-5.65%"
"2026-01-16","67.13","66.13","67.52","66.13","","-0.58%"
"2026-01-15","67.52","67.13","68.52","67.13","","1.18%"
"2026-01-14","66.73","65.20","66.73","65.20","","3.92%"
"2026-01-13","64.21","65.00","65.00","63.61","","-0.62%"
"2026-01-12","64.61","63.22","64.61","63.22","","0.94%"
"2026-01-09","64.01","64.01","65.00","63.22","","1.89%"
"2026-01-08","62.82","61.03","63.41","61.03","","6.76%"
"2026-01-07","58.84","60.23","60.63","58.44","","-6.34%"
"2026-01-06","62.82","61.43","63.22","61.03","","4.65%"
"2026-01-05","60.03","59.04","60.63","59.04","","2.37%"
"2026-01-02","58.64","57.65","58.64","57.05","","-0.34%"
"2025-12-31","58.84","60.43","60.43","58.64","","-3.90%"
"2025-12-30","61.23","61.63","61.82","61.23","","-0.65%"
"2025-12-29","61.63","60.83","61.63","60.43","","1.99%"
"2025-12-26","60.43","60.83","60.83","59.64","","-1.31%"
"2025-12-24","61.23","60.43","61.43","60.03","","0.99%"
"2025-12-23","60.63","59.64","60.83","59.64","","0.00%"
"2025-12-22","60.63","59.84","60.63","59.44","","4.44%"
"2025-12-19","58.05","59.24","59.64","58.05","","-2.34%"
"2025-12-18","59.44","61.43","62.02","59.44","","-0.67%"
"2025-12-17","59.84","59.44","61.23","58.84","","0.00%"
"2025-12-16","59.84","61.43","61.43","59.84","","-3.20%"
"2025-12-15","61.82","61.75","62.02","61.55","","-0.85%"
"2025-12-12","62.35","63.22","63.81","60.83","","0.53%"
"2025-12-11","62.02","60.83","62.22","60.03","","5.40%"
"2025-12-10","58.84","56.66","59.64","56.46","","4.96%"
"2025-12-09","56.06","57.25","58.25","56.06","","0.00%"
"2025-12-08","56.06","58.44","58.44","56.06","","-7.23%"
"2025-12-05","60.43","59.44","60.83","59.44","","2.01%"
"2025-12-04","59.24","58.84","59.24","58.64","","0.34%"
"2025-12-03","59.04","58.84","59.84","58.44","","3.85%"
"2025-12-02","56.85","56.46","57.25","56.46","","-1.58%"
"2025-12-01","57.76","58.25","59.64","57.65","","-3.78%"
"2025-11-28","60.03","57.85","61.03","57.85","","3.41%"
"2025-11-26","58.05","57.45","59.24","57.45","","2.11%"
"2025-11-25","56.85","54.47","57.45","54.47","","7.10%"
"2025-11-24","53.08","52.48","54.47","52.48","","-0.38%"
"2025-11-21","53.28","51.09","55.66","51.09","","12.14%"
"2025-11-20","47.51","53.28","53.47","47.51","","-6.64%"
"2025-11-19","50.89","51.68","51.88","50.09","","-2.28%"
"2025-11-18","52.08","52.08","53.47","51.49","","1.15%"
"2025-11-17","51.49","54.87","54.87","51.09","","-7.82%"
"2025-11-14","55.86","55.06","57.05","54.87","","-1.41%"
"2025-11-13","56.66","58.84","59.04","56.46","","-1.72%"
"2025-11-12","57.65","59.24","59.24","57.65","","0.35%"
"2025-11-11","57.45","56.46","58.05","56.46","","3.96%"
"2025-11-10","55.26","54.47","55.86","53.08","","2.20%"
"2025-11-07","54.07","52.28","54.07","51.29","","4.62%"
"2025-11-06","51.68","52.68","52.68","50.69","","-3.71%"
"2025-11-05","53.67","52.48","54.07","51.88","","2.27%"
"2025-11-04","52.48","51.88","53.08","51.68","","-1.13%"
"2025-11-03","53.08","50.69","53.47","50.49","","-1.10%"
"2025-10-31","53.67","53.28","54.47","53.28","","1.11%"
"2025-10-30","53.08","54.87","56.85","53.08","","-1.83%"
"2025-10-29","54.07","56.66","57.45","52.88","","-9.93%"
"2025-10-28","60.03","61.63","62.22","60.03","","-5.05%"
"2025-10-27","63.22","62.82","63.41","62.02","","0.96%"
"2025-10-24","62.62","65.40","65.40","62.62","","-2.48%"
"2025-10-23","64.21","63.81","64.61","62.02","","1.89%"
"2025-10-22","63.02","63.61","65.20","62.82","","-1.85%"
"2025-10-21","64.21","62.62","64.61","62.62","","2.87%"
"2025-10-20","62.42","60.23","62.82","59.84","","7.90%"
"2025-10-17","57.85","57.45","58.44","57.05","","2.46%"
"2025-10-16","56.46","60.03","60.03","55.86","","-7.18%"
"2025-10-15","60.83","62.02","62.22","59.84","","-0.65%"
"2025-10-14","61.23","58.64","62.22","58.64","","6.58%"
"2025-10-13","57.45","57.05","59.04","56.06","","5.86%"
"2025-10-10","54.27","61.63","61.63","54.27","","-11.94%"
"2025-10-09","61.63","62.82","63.22","61.63","","-1.89%"
"2025-10-08","62.82","62.82","64.21","62.82","","-2.16%"
"2025-10-07","64.21","64.41","64.41","63.22","","-0.62%"
"2025-10-06","64.61","64.61","66.00","64.41","","-0.31%"
"2025-10-03","64.81","65.60","66.79","64.81","","1.89%"
"2025-10-02","63.61","64.01","64.41","63.41","","-1.55%"
"2025-10-01","64.61","65.00","65.00","63.81","","0.62%"
"2025-09-30","64.21","62.22","64.21","61.03","","3.20%"
"2025-09-29","62.22","61.63","62.42","61.03","","0.32%"
"2025-09-26","62.02","62.22","62.22","61.23","","5.05%"
"2025-09-25","59.04","60.83","60.83","58.64","","-3.58%"
"2025-09-24","61.23","61.43","62.02","61.23","","0.66%"
"2025-09-23","60.83","62.42","62.42","60.23","","1.33%"
"2025-09-22","60.03","59.04","61.03","58.84","","0.32%"
"2025-09-19","59.84","60.43","61.23","59.24","","-1.30%"
"2025-09-18","60.63","61.03","61.82","60.43","","-0.66%"
"2025-09-17","61.03","62.62","63.61","61.03","","-0.33%"
"2025-09-16","61.23","61.63","61.63","60.63","","0.33%"
"2025-09-15","61.03","63.02","64.61","60.63","","-2.85%"
"2025-09-12","62.82","65.20","65.40","62.82","","-4.24%"
"2025-09-11","65.60","62.62","65.60","62.42","","9.28%"
"2025-09-10","60.03","61.23","61.23","59.04","","-2.90%"
"2025-09-09","61.82","63.02","63.02","61.63","","-2.21%"
"2025-09-08","63.22","61.23","63.22","61.23","","0.00%"
"2025-09-05","63.22","65.20","65.20","61.82","","-0.92%"
"2025-09-04","63.81","62.42","63.81","62.02","","1.90%"
"2025-09-03","62.62","61.63","62.62","60.83","","-0.32%"
"2025-09-02","62.82","62.62","64.21","60.43","","-3.35%"
"2025-08-29","65.00","65.00","65.20","64.21","","0.92%"
"2025-08-28","64.41","64.01","64.61","62.82","","-1.21%"
"2025-08-27","65.20","64.41","65.80","63.81","","2.18%"
"2025-08-26","63.81","64.81","64.81","62.62","","-1.24%"
"2025-08-25","64.61","66.79","66.79","64.61","","-4.97%"
"2025-08-22","67.99","66.99","68.58","66.99","","8.58%"
"2025-08-21","62.62","62.02","62.82","62.02","","-0.32%"
"2025-08-20","62.82","62.22","63.02","61.63","","0.64%"
"2025-08-19","62.42","61.23","63.61","61.23","","3.29%"
"2025-08-18","60.43","59.44","60.63","59.44","","0.67%"
"2025-08-15","60.03","61.63","61.63","59.64","","-0.33%"
"2025-08-14","60.23","60.63","60.83","59.24","","-5.21%"
"2025-08-13","63.54","59.76","63.61","59.76","","9.25%"
"2025-08-12","58.16","56.17","58.36","55.57","","5.78%"
"2025-08-11","54.98","57.85","57.85","54.27","","-2.62%"
"2025-08-08","56.46","55.86","56.85","55.66","","2.17%"
"2025-08-07","55.26","56.46","56.46","53.28","","1.82%"
"2025-08-06","54.27","55.66","55.86","54.27","","-3.54%"
"2025-08-05","56.26","57.65","57.65","55.26","","-2.07%"
"2025-08-04","57.45","54.27","57.45","54.27","","7.44%"
"2025-08-01","53.47","53.08","54.07","52.68","","-5.30%"
"2025-07-31","56.46","57.85","58.84","56.06","","-3.72%"
"2025-07-30","58.64","60.75","61.23","57.85","","-3.47%"
"2025-07-29","60.75","60.75","61.55","59.56","","0.00%"
"2025-07-28","60.75","62.74","62.94","60.55","","-4.09%"
"2025-07-25","63.34","61.15","63.74","61.15","","1.91%"
"2025-07-24","62.15","61.95","63.94","61.55","","-1.57%"
"2025-07-23","63.14","62.54","63.94","62.15","","2.25%"
"2025-07-22","61.75","60.35","61.75","58.96","","8.77%"
"2025-07-21","56.77","58.96","59.96","56.77","","-2.86%"
"2025-07-18","58.44","59.24","59.44","57.65","","0.00%"
"2025-07-17","58.44","57.05","59.24","56.85","","4.62%"
"2025-07-16","55.86","56.26","56.26","54.27","","1.80%"
"2025-07-15","54.87","58.84","58.84","54.87","","-6.75%"
"2025-07-14","58.84","58.76","59.36","57.76","","-1.21%"
"2025-07-11","59.56","59.16","60.35","58.16","","-3.23%"
"2025-07-10","61.55","58.76","63.14","58.76","","3.69%"
"2025-07-09","59.36","59.56","59.56","57.56","","2.06%"
"2025-07-08","58.16","56.37","59.56","56.37","","1.38%"
"2025-07-07","57.37","60.55","60.75","56.17","","-6.30%"
"2025-07-03","61.23","60.31","62.50","60.31","","3.92%"
"2025-07-02","58.92","57.73","59.72","56.74","","0.00%"
"2025-07-01","58.92","53.47","60.63","53.47","","11.00%"
"2025-06-30","53.08","52.08","53.08","51.29","","3.90%"
"2025-06-27","51.09","50.09","52.88","49.30","","2.38%"
"2025-06-26","49.90","48.50","49.90","47.91","","6.37%"
"2025-06-25","46.91","49.10","49.10","46.91","","-9.23%"
"2025-06-24","51.68","49.90","51.88","49.90","","4.83%"
"2025-06-23","49.30","47.11","49.30","45.12","","9.26%"
"2025-06-20","45.12","47.11","47.71","44.93","","-0.24%"
"2025-06-18","45.23","47.42","47.42","45.23","","-0.88%"
"2025-06-17","45.63","47.81","47.81","44.84","","-7.26%"
"2025-06-16","49.20","50.19","51.19","48.41","","3.75%"
"2025-06-13","47.42","50.00","50.00","46.42","","-7.36%"
"2025-06-12","51.19","49.00","51.58","49.00","","1.59%"
"2025-06-11","50.39","51.38","52.18","50.00","","-2.68%"
"2025-06-10","51.78","50.19","52.38","49.00","","4.82%"
"2025-06-09","49.40","48.01","50.79","47.02","","0.41%"
"2025-06-06","49.20","49.20","50.39","47.81","","5.53%"
"2025-06-05","46.62","46.62","48.21","46.62","","-4.09%"
"2025-06-04","48.61","49.20","50.19","48.61","","-0.39%"
"2025-06-03","48.80","46.23","49.00","45.63","","1.65%"
"2025-06-02","48.01","43.65","48.21","43.65","","-1.62%"
"2025-05-30","48.80","46.12","48.80","45.92","","1.86%"
"2025-05-29","47.91","47.71","47.91","45.52","","2.13%"
"2025-05-28","46.91","49.70","49.70","46.71","","-6.72%"
"2025-05-27","50.29","46.42","50.59","46.42","","9.73%"
"2025-05-23","45.83","44.04","46.23","44.04","","-2.94%"
"2025-05-22","47.22","47.42","48.61","46.42","","-2.46%"
"2025-05-21","48.41","51.38","51.38","48.41","","-9.63%"
"2025-05-20","53.57","54.07","55.06","52.28","","-1.65%"
"2025-05-19","54.47","52.28","55.06","52.28","","-0.37%"
"2025-05-16","54.67","52.48","55.06","51.49","","4.57%"
"2025-05-15","52.28","49.10","52.48","48.31","","7.79%"
"2025-05-14","48.50","48.70","48.90","47.71","","-2.81%"
"2025-05-13","49.90","50.09","51.09","49.90","","-1.56%"
"2025-05-12","50.69","50.89","50.89","49.10","","18.60%"
"2025-05-09","42.74","42.54","42.94","42.14","","0.94%"
"2025-05-08","42.34","42.34","45.12","42.34","","4.41%"
"2025-05-07","40.55","39.96","42.54","39.16","","9.68%"
"2025-05-06","36.97","37.97","39.76","36.58","","-7.92%"
"2025-05-05","40.15","40.15","42.34","40.15","","-1.95%"
"2025-05-02","40.95","40.55","42.34","39.36","","15.09%"
"2025-05-01","35.58","35.98","37.37","35.58","","-1.11%"
"2025-04-30","35.98","31.80","35.98","31.80","","2.83%"
"2025-04-29","34.99","32.80","35.18","32.00","","4.79%"
"2025-04-28","33.39","34.39","34.39","31.01","","1.80%"
"2025-04-25","32.80","33.00","33.00","31.01","","0.00%"
"2025-04-24","32.80","29.82","33.20","29.82","","9.30%"
"2025-04-23","30.01","32.40","33.39","29.62","","0.00%"
"2025-04-22","30.01","27.43","30.01","27.43","","19.85%"
"2025-04-21","25.04","28.03","28.23","23.85","","-17.11%"
"2025-04-17","30.21","28.23","32.80","28.23","","7.01%"
"2025-04-16","28.23","29.22","31.21","27.23","","-4.69%"
"2025-04-15","29.62","30.61","30.81","29.42","","-0.67%"
"2025-04-14","29.82","29.22","31.21","29.22","","5.63%"
"2025-04-11","28.23","24.65","28.42","23.65","","11.85%"
"2025-04-10","25.24","26.44","26.44","21.07","","-15.89%"
"2025-04-09","30.01","17.49","30.61","15.10","","69.64%"
"2025-04-08","17.69","22.86","24.85","15.90","","-5.30%"
"2025-04-07","18.68","20.07","20.47","17.29","","-12.99%"
"2025-04-04","21.47","28.42","29.42","21.47","","-41.31%"
"2025-04-03","36.58","39.56","39.56","35.78","","-20.69%"
"2025-04-02","46.12","42.34","46.12","42.14","","7.41%"
"2025-04-01","42.94","39.96","43.14","39.96","","-0.46%"
"2025-03-31","43.14","39.76","43.53","39.76","","7.96%"
"2025-03-28","39.96","41.55","41.55","39.16","","-10.66%"
"2025-03-27","44.73","42.94","47.71","42.94","","-3.85%"
"2025-03-26","46.52","48.70","48.70","44.73","","0.00%"
"2025-03-25","46.52","45.52","46.52","44.53","","2.20%"
"2025-03-24","45.52","44.33","46.32","44.33","","10.62%"
"2025-03-21","41.15","39.96","41.74","39.36","","-2.81%"
"2025-03-20","42.34","42.34","43.73","41.94","","-2.28%"
"2025-03-19","43.33","41.55","44.73","41.55","","5.30%"
"2025-03-18","41.15","41.94","41.94","40.35","","-2.81%"
"2025-03-17","42.34","40.15","43.93","40.15","","7.03%"
"2025-03-14","39.56","35.78","39.56","35.78","","18.48%"
"2025-03-13","33.39","36.77","36.97","32.80","","-10.65%"
"2025-03-12","37.37","39.96","39.96","34.79","","-3.09%"
"2025-03-11","38.56","41.35","42.74","37.97","","-12.62%"
"2025-03-10","44.13","47.31","49.50","41.74","","-12.25%"
"2025-03-07","50.29","47.91","50.29","44.93","","6.30%"
"2025-03-06","47.31","47.31","48.70","46.32","","-5.55%"
"2025-03-05","50.09","48.50","50.89","47.51","","4.12%"
"2025-03-04","48.11","48.70","52.28","47.91","","-12.62%"
"2025-03-03","55.06","59.84","59.84","54.27","","-4.16%"
"2025-02-28","57.45","56.66","57.45","54.27","","4.34%"
"2025-02-27","55.06","58.84","58.84","55.06","","-4.49%"
"2025-02-26","57.65","59.04","60.83","57.45","","-1.35%"
"2025-02-25","58.44","58.84","60.03","57.05","","0.00%"
"2025-02-24","58.44","57.65","60.03","57.65","","-0.34%"
"2025-02-21","58.64","60.03","60.03","57.85","","-3.92%"
"2025-02-20","61.03","60.63","61.03","60.03","","0.66%"
"2025-02-19","60.63","58.84","61.03","58.84","","3.39%"
"2025-02-18","58.64","59.04","59.24","58.05","","-0.68%"
"2025-02-14","59.04","58.84","59.64","58.64","","-0.67%"
"2025-02-13","59.44","58.05","59.44","57.85","","4.91%"
"2025-02-12","56.66","55.46","57.25","55.46","","-3.05%"
"2025-02-11","58.44","57.05","58.84","57.05","","-0.34%"
"2025-02-10","58.64","56.66","58.84","56.66","","2.79%"
"2025-02-07","57.05","57.65","58.84","56.66","","-1.38%"
"2025-02-06","57.85","59.04","59.04","57.25","","-1.68%"
"2025-02-05","58.84","56.26","59.84","56.26","","3.14%"
"2025-02-04","57.05","57.05","58.44","57.05","","-2.71%"
"2025-02-03","58.64","54.27","59.84","54.27","","-1.35%"
"2025-01-31","59.44","59.64","62.22","58.84","","-2.92%"
"2025-01-30","61.23","61.03","62.42","60.43","","4.06%"
"2025-01-29","58.84","61.03","61.63","58.64","","-3.90%"
"2025-01-28","61.23","61.23","62.42","60.63","","-3.74%"
"2025-01-27","63.61","62.42","63.81","60.23","","5.26%"
"2025-01-24","60.43","59.64","60.63","59.04","","0.67%"
"2025-01-23","60.03","58.44","60.23","57.65","","0.99%"
"2025-01-22","59.44","60.23","61.23","59.44","","-1.64%"
"2025-01-21","60.43","60.23","60.83","59.64","","3.41%"
"2025-01-17","58.44","58.44","59.64","58.44","","0.33%"
"2025-01-16","58.25","55.26","58.64","55.26","","5.41%"
"2025-01-15","55.26","57.45","57.45","55.26","","0.36%"
"2025-01-14","55.06","51.49","55.06","50.89","","6.13%"
"2025-01-13","51.88","48.50","51.88","48.50","","6.09%"
"2025-01-10","48.90","50.29","50.29","48.50","","-8.55%"
"2025-01-08","53.47","49.90","53.47","49.90","","2.67%"
"2025-01-07","52.08","54.67","54.67","51.29","","-1.14%"
"2025-01-06","52.68","55.06","55.26","52.68","","-3.64%"
"2025-01-03","54.67","53.28","55.26","53.28","","2.61%"
"2025-01-02","53.28","56.46","56.46","51.68","","-1.10%"
"2024-12-31","53.87","55.26","55.26","52.68","","-0.74%"
"2024-12-30","54.27","53.28","55.46","51.68","","-3.88%"
"2024-12-27","56.46","58.05","58.05","55.66","","-2.06%"
"2024-12-26","57.65","57.65","57.85","57.45","","0.35%"
"2024-12-24","57.45","55.26","57.45","54.87","","4.49%"
"2024-12-23","54.98","54.38","55.26","53.98","","0.00%"
"2024-12-20","54.98","53.58","56.37","53.18","","4.94%"
"2024-12-19","52.39","55.66","55.66","52.39","","-2.75%"
"2024-12-18","53.87","61.23","61.63","53.87","","-11.15%"
"2024-12-17","60.63","62.62","62.62","60.23","","-1.92%"
"2024-12-16","61.82","64.01","65.00","61.23","","-4.32%"
"2024-12-13","64.61","64.81","65.00","63.41","","-2.11%"
"2024-12-12","66.00","66.00","66.99","65.80","","0.00%"
"2024-12-11","66.00","67.79","67.99","66.00","","-2.06%"
"2024-12-10","67.39","67.19","68.38","66.40","","-4.78%"
"2024-12-09","70.77","70.57","72.16","70.57","","2.00%"
"2024-12-06","69.38","71.76","71.76","68.98","","-1.13%"
"2024-12-05","70.17","72.16","72.16","70.17","","-2.76%"
"2024-12-04","72.16","72.16","72.56","71.57","","-2.42%"
"2024-12-03","73.95","74.35","74.75","73.55","","-2.62%"
"2024-12-02","75.94","74.75","76.54","74.75","","0.53%"
"2024-11-29","75.54","75.34","76.34","75.14","","0.79%"
"2024-11-27","74.95","75.54","75.54","74.95","","0.07%"
"2024-11-26","74.90","74.90","74.90","74.90","","-0.78%"
"2024-11-25","75.49","74.50","76.09","74.30","","5.77%"
"2024-11-22","71.37","71.57","72.16","71.37","","1.13%"
"2024-11-21","70.57","68.58","70.77","68.58","","2.90%"
"2024-11-20","68.58","66.60","68.58","66.60","","0.57%"
"2024-11-19","68.19","67.19","68.58","66.79","","-1.15%"
"2024-11-18","68.98","67.99","69.58","67.99","","1.16%"
"2024-11-15","68.19","70.57","70.57","67.59","","-2.56%"
"2024-11-14","69.98","71.57","72.36","69.98","","-2.22%"
"2024-11-13","71.57","71.37","72.36","71.17","","0.28%"
"2024-11-12","71.37","72.96","72.96","71.37","","-2.18%"
"2024-11-11","72.96","74.15","74.15","72.96","","-0.80%"
"2024-11-08","73.55","73.35","74.15","73.35","","-0.54%"
"2024-11-07","73.95","74.15","75.14","73.95","","-0.27%"
"2024-11-06","74.15","72.36","74.15","72.36","","2.47%"
"2024-11-05","72.36","69.78","72.36","69.78","","4.60%"
"2024-11-04","69.18","70.77","71.37","68.78","","0.87%"
"2024-11-01","68.58","71.17","71.57","68.58","","-0.29%"
"2024-10-31","68.78","70.17","70.17","68.78","","-4.15%"
"2024-10-30","71.76","71.37","72.76","71.37","","-0.83%"
"2024-10-29","72.36","71.76","73.16","71.57","","-1.09%"
"2024-10-28","73.16","72.96","74.15","72.96","","2.22%"
"2024-10-25","71.57","73.16","74.15","70.97","","-0.82%"
"2024-10-24","72.16","72.56","73.55","71.76","","-0.82%"
"2024-10-23","72.76","73.95","73.95","71.37","","-2.40%"
"2024-10-22","74.55","73.75","74.95","73.35","","-1.83%"
"2024-10-21","75.94","77.73","77.93","75.34","","-3.53%"
"2024-10-18","78.72","78.72","78.72","78.52","","-0.25%"
"2024-10-17","78.92","79.32","79.52","78.52","","-0.20%"
"2024-10-16","79.08","78.08","80.07","78.08","","1.28%"
"2024-10-15","78.08","79.68","80.87","78.08","","-1.01%"
"2024-10-14","78.88","76.09","78.88","76.09","","2.86%"
"2024-10-11","76.69","75.49","77.49","75.49","","2.94%"
"2024-10-10","74.50","74.10","74.70","73.30","","-1.57%"
"2024-10-09","75.69","73.10","75.69","73.10","","3.54%"
"2024-10-08","73.10","72.70","73.70","71.91","","0.83%"
"2024-10-07","72.50","73.50","73.50","71.11","","-4.21%"
"2024-10-04","75.69","76.49","76.49","73.50","","1.33%"
"2024-10-03","74.70","74.10","75.29","73.50","","-1.83%"
"2024-10-02","76.09","76.89","76.89","75.89","","-0.59%"
"2024-10-01","76.54","76.54","77.93","75.74","","-2.77%"
"2024-09-30","78.72","77.73","78.72","76.93","","-1.50%"
"2024-09-27","79.92","79.52","82.10","78.72","","2.55%"
"2024-09-26","77.93","77.93","77.93","76.73","","5.38%"
"2024-09-25","73.95","76.34","76.34","73.95","","-4.12%"
"2024-09-24","77.13","76.73","77.33","76.34","","1.03%"
"2024-09-23","76.34","75.74","76.54","75.54","","1.85%"
"2024-09-20","74.95","76.73","76.73","73.55","","-3.82%"
"2024-09-19","77.93","77.93","78.72","76.93","","3.98%"
"2024-09-18","74.95","76.14","77.33","74.95","","0.00%"
"2024-09-17","74.95","76.34","77.13","74.95","","1.08%"
"2024-09-16","74.15","73.95","74.75","73.55","","1.09%"
"2024-09-13","73.35","71.96","73.55","71.96","","4.82%"
"2024-09-12","69.98","67.59","69.98","66.79","","1.74%"
"2024-09-11","68.78","64.81","68.78","62.82","","1.46%"
"2024-09-10","67.79","68.38","68.98","66.00","","-2.57%"
"2024-09-09","69.58","68.19","71.17","68.19","","3.87%"
"2024-09-06","66.99","71.57","71.57","66.60","","-5.87%"
"2024-09-05","71.17","71.37","71.57","69.58","","-1.10%"
"2024-09-04","71.96","73.75","74.55","71.57","","-2.16%"
"2024-09-03","73.55","75.74","75.94","73.35","","-5.86%"
"2024-08-30","78.13","75.94","78.13","75.74","","2.88%"
"2024-08-29","75.94","74.75","77.33","74.75","","1.59%"
"2024-08-28","74.75","76.14","76.14","72.56","","-1.83%"
"2024-08-27","76.14","77.13","77.13","74.95","","-1.28%"
"2024-08-26","77.13","76.73","78.52","76.14","","0.52%"
"2024-08-23","76.73","74.15","77.33","74.15","","3.48%"
"2024-08-22","74.15","74.55","74.95","73.35","","-1.58%"
"2024-08-21","75.34","72.56","75.34","72.56","","3.83%"
"2024-08-20","72.56","73.35","73.55","72.36","","-1.08%"
"2024-08-19","73.35","71.57","73.35","71.57","","2.49%"
"2024-08-16","71.57","71.37","71.96","70.17","","0.28%"
"2024-08-15","71.37","70.77","71.96","70.77","","4.97%"
"2024-08-14","67.99","67.99","68.98","67.19","","0.00%"
"2024-08-13","67.99","64.61","68.19","64.61","","5.23%"
"2024-08-12","64.61","66.40","66.40","63.02","","-2.70%"
"2024-08-09","66.40","64.61","67.39","64.61","","-0.58%"
"2024-08-08","66.79","66.20","67.39","65.40","","8.73%"
"2024-08-07","61.43","67.79","67.99","61.03","","-3.73%"
"2024-08-06","63.81","60.43","67.39","60.43","","5.59%"
"2024-08-05","60.43","68.78","68.78","59.44","","-12.14%"
"2024-08-02","68.78","73.95","73.95","66.79","","-6.99%"
"2024-08-01","73.95","77.93","77.93","72.16","","-5.11%"
"2024-07-31","77.93","77.13","79.92","77.13","","1.04%"
"2024-07-30","77.13","75.94","77.73","75.54","","1.57%"
"2024-07-29","75.94","75.34","76.93","75.14","","0.80%"
"2024-07-26","75.34","71.57","76.93","71.57","","5.27%"
"2024-07-25","71.57","71.37","74.75","71.37","","1.42%"
"2024-07-24","70.57","71.17","72.16","70.37","","-0.84%"
"2024-07-23","71.17","74.35","74.35","70.97","","-4.28%"
"2024-07-22","74.35","72.56","74.55","71.96","","2.47%"
"2024-07-19","72.56","76.54","76.54","72.16","","-5.20%"
"2024-07-18","76.54","79.32","80.31","76.14","","-3.50%"
"2024-07-17","79.32","78.33","80.31","78.33","","1.26%"
"2024-07-16","78.33","73.35","78.72","73.35","","6.79%"
"2024-07-15","73.35","73.35","74.55","72.76","","1.65%"
"2024-07-12","72.16","69.18","73.95","69.18","","4.31%"
"2024-07-11","69.18","65.80","70.17","65.80","","5.14%"
"2024-07-10","65.80","63.41","65.80","63.41","","3.77%"
"2024-07-09","63.41","63.81","65.40","62.62","","-0.63%"
"2024-07-08","63.81","64.61","65.80","63.81","","-1.24%"
"2024-07-05","64.61","66.00","66.00","63.61","","-2.11%"
"2024-07-03","66.00","65.40","66.40","65.40","","0.92%"
"2024-07-02","65.40","65.00","65.60","64.41","","0.62%"
"2024-07-01","65.00","67.59","68.19","65.00","","-3.83%"
"2024-06-28","67.59","67.99","68.98","66.79","","-0.59%"
"2024-06-27","67.99","66.60","68.19","66.60","","2.09%"
"2024-06-26","66.60","67.99","67.99","65.40","","-2.04%"
"2024-06-25","67.99","70.97","70.97","67.19","","-4.20%"
"2024-06-24","70.97","67.79","72.16","67.79","","4.69%"
"2024-06-21","67.79","67.59","67.79","66.40","","0.30%"
"2024-06-20","67.59","65.80","67.99","65.80","","2.72%"
"2024-06-18","65.80","67.19","67.19","65.40","","0.30%"
"2024-06-17","65.60","64.21","66.60","63.02","","2.16%"
"2024-06-14","64.21","66.99","66.99","62.42","","-4.15%"
"2024-06-13","66.99","66.79","67.19","64.01","","0.30%"
"2024-06-12","66.79","69.38","69.38","66.00","","0.29%"
"2024-06-11","66.60","66.60","66.79","64.61","","0.00%"
"2024-06-10","66.60","66.79","67.19","65.80","","-0.28%"
"2024-06-07","66.79","67.99","67.99","66.20","","-1.76%"
"2024-06-06","67.99","67.99","69.58","67.19","","-2.00%"
"2024-06-05","69.38","69.58","69.58","67.79","","-0.29%"
"2024-06-04","69.58","69.38","69.98","68.19","","0.29%"
"2024-06-03","69.38","70.57","70.57","67.39","","-1.69%"
"2024-05-31","70.57","68.19","70.57","65.20","","7.58%"
"2024-05-30","65.60","63.81","66.00","63.81","","2.81%"
"2024-05-29","63.81","69.38","69.38","63.81","","-8.03%"
"2024-05-28","69.38","71.37","71.96","69.18","","-2.79%"
"2024-05-24","71.37","70.57","71.96","70.57","","1.13%"
"2024-05-23","70.57","73.95","74.15","70.57","","-8.22%"
"2024-05-22","76.89","78.28","79.08","75.69","","-1.78%"
"2024-05-21","78.28","77.68","78.48","76.29","","0.77%"
"2024-05-20","77.68","79.12","79.72","77.68","","-1.82%"
"2024-05-17","79.12","79.52","79.72","78.72","","-0.50%"
"2024-05-16","79.52","79.32","80.31","78.52","","0.25%"
"2024-05-15","79.32","79.72","79.92","79.12","","0.51%"
"2024-05-14","78.92","77.73","79.52","77.33","","1.60%"
"2024-05-13","77.68","76.69","79.08","76.69","","1.29%"
"2024-05-10","76.69","75.89","77.29","75.89","","1.05%"
"2024-05-09","75.89","73.70","75.89","73.70","","2.97%"
"2024-05-08","73.70","74.30","74.30","73.30","","-0.81%"
"2024-05-07","74.30","73.16","74.95","73.16","","1.56%"
"2024-05-06","73.16","72.16","73.35","71.57","","1.39%"
"2024-05-03","72.16","72.56","73.35","70.37","","3.12%"
"2024-05-02","69.98","68.38","70.57","67.59","","2.04%"
"2024-05-01","68.58","68.98","71.57","68.58","","-0.58%"
"2024-04-30","68.98","74.95","74.95","68.98","","-7.97%"
"2024-04-29","74.95","71.37","74.95","71.37","","5.02%"
"2024-04-26","71.37","72.56","73.16","71.37","","-1.37%"
"2024-04-25","72.36","70.97","73.16","68.98","","-1.35%"
"2024-04-24","73.35","73.75","74.15","71.76","","-0.54%"
"2024-04-23","73.75","72.36","74.95","72.36","","3.05%"
"2024-04-22","71.57","67.99","72.76","67.99","","5.27%"
"2024-04-19","67.99","65.80","69.38","65.80","","3.33%"
"2024-04-18","65.80","66.60","67.59","65.20","","-0.60%"
"2024-04-17","66.20","65.00","67.39","64.61","","1.85%"
"2024-04-16","65.00","67.39","67.39","63.81","","-3.55%"
"2024-04-15","67.39","69.18","70.17","67.19","","-2.59%"
"2024-04-12","69.18","71.17","71.37","68.98","","-5.44%"
"2024-04-11","73.16","74.15","75.14","71.76","","-1.34%"
"2024-04-10","74.15","79.52","79.52","72.36","","-6.75%"
"2024-04-09","79.52","76.93","79.92","76.93","","3.37%"
"2024-04-08","76.93","76.14","77.53","76.14","","1.04%"
"2024-04-05","76.14","76.34","76.93","74.75","","-0.26%"
"2024-04-04","76.34","77.33","79.72","75.74","","-1.28%"
"2024-04-03","77.33","79.52","79.52","76.73","","-2.75%"
"2024-04-02","79.52","81.11","81.11","78.72","","-1.96%"
"2024-04-01","81.11","82.70","82.70","80.51","","-1.92%"
"2024-03-28","82.70","80.91","83.10","80.91","","2.21%"
"2024-03-27","80.91","77.33","81.31","77.33","","4.68%"
"2024-03-26","77.29","77.68","78.08","77.29","","-0.50%"
"2024-03-25","77.68","78.92","78.92","77.33","","-1.57%"
"2024-03-22","78.92","79.72","79.92","78.33","","-1.00%"
"2024-03-21","79.72","80.51","80.51","79.52","","0.50%"
"2024-03-20","79.32","77.73","79.92","77.53","","2.05%"
"2024-03-19","77.73","75.34","77.73","75.34","","3.17%"
"2024-03-18","75.34","75.34","76.73","74.75","","0.00%"
"2024-03-15","75.34","75.94","76.93","74.75","","-0.79%"
"2024-03-14","75.94","77.73","77.73","74.55","","-3.78%"
"2024-03-13","78.92","77.73","79.92","77.73","","1.53%"
"2024-03-12","77.73","79.88","80.07","77.09","","-2.69%"
"2024-03-11","79.88","76.49","80.27","76.29","","4.43%"
"2024-03-08","76.49","76.09","77.68","75.89","","0.53%"
"2024-03-07","76.09","74.30","76.49","74.30","","2.41%"
"2024-03-06","74.30","72.70","75.29","72.70","","2.20%"
"2024-03-05","72.70","74.10","75.09","71.51","","-1.89%"
"2024-03-04","74.10","73.35","74.35","71.96","","2.12%"
"2024-03-01","72.56","73.16","73.55","71.57","","-0.82%"
"2024-02-29","73.16","71.17","73.55","71.17","","2.80%"
"2024-02-28","71.17","71.17","72.16","69.98","","0.00%"
"2024-02-27","71.17","69.18","71.57","69.18","","2.88%"
"2024-02-26","69.18","72.76","72.96","69.18","","-4.92%"
"2024-02-23","72.76","72.56","73.55","72.16","","0.55%"
"2024-02-22","72.36","70.37","72.96","69.78","","2.83%"
"2024-02-21","70.37","68.78","70.37","68.58","","2.31%"
"2024-02-20","68.78","69.58","70.17","68.38","","-1.15%"
"2024-02-16","69.58","71.37","71.57","68.98","","-2.51%"
"2024-02-15","71.37","70.37","71.37","68.98","","8.14%"
"2024-02-14","66.00","65.40","66.20","64.81","","0.92%"
"2024-02-13","65.40","71.37","71.37","63.41","","-8.36%"
"2024-02-12","71.37","68.98","71.96","68.98","","3.46%"
"2024-02-09","68.98","69.98","69.98","67.59","","-1.43%"
"2024-02-08","69.98","69.98","69.98","67.79","","0.00%"
"2024-02-07","69.98","69.98","70.57","68.78","","0.00%"
"2024-02-06","69.98","67.13","70.37","67.13","","4.25%"
"2024-02-05","67.13","70.31","70.31","65.73","","-4.52%"
"2024-02-02","70.31","73.30","73.30","68.72","","-4.08%"
"2024-02-01","73.30","68.19","73.35","67.99","","7.49%"
"2024-01-31","68.19","71.76","72.76","68.19","","-4.97%"
"2024-01-30","71.76","71.96","72.56","69.98","","-0.28%"
"2024-01-29","71.96","70.17","71.96","69.58","","2.55%"
"2024-01-26","70.17","70.37","71.57","69.38","","-0.28%"
"2024-01-25","70.37","67.59","70.37","67.59","","4.11%"
"2024-01-24","67.59","69.38","70.37","67.59","","-2.58%"
"2024-01-23","69.38","69.98","70.77","68.58","","-0.86%"
"2024-01-22","69.98","68.98","70.77","68.98","","1.45%"
"2024-01-19","68.98","66.60","69.18","66.40","","3.57%"
"2024-01-18","66.60","66.79","66.79","64.21","","-0.28%"
"2024-01-17","66.79","67.99","69.78","65.80","","-5.36%"
"2024-01-16","70.57","72.96","72.96","69.58","","-3.28%"
"2024-01-12","72.96","74.75","74.75","72.56","","-0.53%"
"2024-01-11","73.35","74.35","74.35","71.96","","-2.13%"
"2024-01-10","74.95","75.34","75.34","74.35","","-0.52%"
"2024-01-09","75.34","76.93","76.93","74.95","","-2.07%"
"2024-01-08","76.93","74.15","76.93","74.15","","2.64%"
"2024-01-05","74.95","73.95","76.34","73.75","","0.54%"
"2024-01-04","74.55","76.54","76.54","74.55","","-2.60%"
"2024-01-03","76.54","78.52","78.52","75.14","","-2.52%"
"2024-01-02","78.52","74.75","79.12","74.75","","5.04%"
"2023-12-29","74.75","76.14","76.34","73.75","","-1.83%"
"2023-12-28","76.14","74.75","76.34","74.75","","1.86%"
"2023-12-27","74.75","74.75","75.54","74.15","","0.00%"
"2023-12-26","74.75","73.75","75.34","73.75","","1.36%"
"2023-12-22","73.75","72.36","75.94","72.36","","1.92%"
"2023-12-21","72.36","70.37","72.36","69.38","","4.30%"
"2023-12-20","69.38","75.14","75.74","69.18","","-7.67%"
"2023-12-19","75.14","72.96","75.34","72.96","","2.99%"
"2023-12-18","72.96","71.96","73.35","70.77","","1.39%"
"2023-12-15","71.96","74.75","74.75","71.37","","-3.73%"
"2023-12-14","74.75","71.57","77.53","71.57","","4.44%"
"2023-12-13","71.57","65.20","71.57","64.01","","9.77%"
"2023-12-12","65.20","65.00","65.40","63.22","","0.31%"
"2023-12-11","65.00","62.02","65.60","62.02","","4.80%"
"2023-12-08","62.02","60.43","62.42","60.43","","1.29%"
"2023-12-07","61.23","60.43","61.82","60.43","","0.99%"
"2023-12-06","60.63","59.24","61.03","59.24","","2.35%"
"2023-12-05","59.24","63.02","63.02","59.24","","-6.00%"
"2023-12-04","63.02","61.63","63.61","61.03","","0.32%"
"2023-12-01","62.82","58.05","62.82","58.05","","8.22%"
"2023-11-30","58.05","55.86","58.05","55.06","","3.92%"
"2023-11-29","55.86","57.45","58.25","55.86","","1.80%"
"2023-11-28","54.87","53.47","55.66","53.28","","2.62%"
"2023-11-27","53.47","54.87","54.87","53.08","","-2.55%"
"2023-11-24","54.87","52.88","55.26","52.88","","3.76%"
"2023-11-22","52.88","52.48","53.47","52.28","","1.54%"
"2023-11-21","52.08","51.68","53.28","51.09","","0.77%"
"2023-11-20","51.68","51.49","52.68","50.89","","0.37%"
"2023-11-17","51.49","48.70","51.49","48.70","","5.73%"
"2023-11-16","48.70","49.70","49.70","48.11","","-1.62%"
"2023-11-15","49.50","50.09","51.88","49.50","","2.89%"
"2023-11-14","48.11","40.35","49.70","40.35","","19.23%"
"2023-11-13","40.35","39.76","40.75","39.36","","1.48%"
"2023-11-10","39.76","36.97","40.15","36.97","","7.55%"
"2023-11-09","36.97","37.77","39.36","36.58","","-2.12%"
"2023-11-08","37.77","38.76","38.76","36.97","","-2.55%"
"2023-11-07","38.76","38.96","40.15","38.56","","-3.94%"
"2023-11-06","40.35","41.74","41.74","39.96","","-3.33%"
"2023-11-03","41.74","42.74","42.94","41.74","","9.35%"
"2023-11-02","38.17","32.80","38.56","32.80","","16.37%"
"2023-11-01","32.80","30.21","33.00","29.42","","8.57%"
"2023-10-31","30.21","27.63","30.41","27.23","","9.34%"
"2023-10-30","27.63","24.05","28.03","24.05","","14.89%"
"2023-10-27","24.05","27.43","27.43","23.65","","-12.32%"
"2023-10-26","27.43","28.03","28.62","27.23","","0.73%"
"2023-10-25","27.23","31.21","31.21","27.23","","-12.75%"
"2023-10-24","31.21","29.82","33.20","28.82","","4.66%"
"2023-10-23","29.82","31.80","32.40","29.82","","-6.23%"
"2023-10-20","31.80","35.38","35.38","31.80","","-10.12%"
"2023-10-19","35.38","38.04","38.36","34.79","","-6.99%"
"2023-10-18","38.04","42.43","42.43","38.04","","-10.35%"
"2023-10-17","42.43","41.03","43.62","40.63","","3.41%"
"2023-10-16","41.03","38.36","41.55","38.36","","6.96%"
"2023-10-13","38.36","39.16","39.76","37.77","","-2.04%"
"2023-10-12","39.16","43.14","43.14","37.77","","-9.23%"
"2023-10-11","43.14","42.74","43.53","40.55","","0.94%"
"2023-10-10","42.74","39.96","44.73","39.96","","6.96%"
"2023-10-09","39.96","36.58","40.95","36.58","","9.24%"
"2023-10-06","36.58","35.78","38.17","34.19","","2.81%"
"2023-10-05","35.58","36.58","36.58","33.99","","-2.73%"
"2023-10-04","36.58","35.38","36.58","33.39","","3.39%"
"2023-10-03","35.38","38.17","38.17","34.99","","-7.31%"
"2023-10-02","38.17","39.76","39.76","36.97","","-4.00%"
"2023-09-29","39.76","40.95","42.14","39.76","","-2.91%"
"2023-09-28","40.95","39.16","41.35","39.16","","4.57%"
"2023-09-27","39.16","38.96","39.76","37.17","","0.51%"
"2023-09-26","38.96","40.55","40.55","38.76","","-7.98%"
"2023-09-25","42.34","41.74","42.54","40.15","","1.44%"
"2023-09-22","41.74","43.14","44.13","41.74","","-3.25%"
"2023-09-21","43.14","48.31","48.31","43.14","","-10.70%"
"2023-09-20","48.31","48.11","51.29","47.91","","0.42%"
"2023-09-19","48.11","49.10","49.10","47.51","","-2.02%"
"2023-09-18","49.10","50.09","50.69","47.71","","-1.98%"
"2023-09-15","50.09","51.88","52.08","49.50","","-3.45%"
"2023-09-14","51.88","50.29","52.88","50.09","","10.13%"
"2023-09-13","47.11","48.90","48.90","46.52","","-3.66%"
"2023-09-12","48.90","48.31","49.90","47.91","","1.22%"
"2023-09-11","48.31","47.91","49.90","47.71","","0.83%"
"2023-09-08","47.91","48.50","49.10","47.71","","-1.22%"
"2023-09-07","48.50","49.50","49.50","47.11","","-4.32%"
"2023-09-06","50.69","51.38","51.58","49.20","","-1.34%"
"2023-09-05","51.38","52.57","53.37","51.38","","-7.02%"
"2023-09-01","55.26","54.27","56.26","54.27","","1.82%"
"2023-08-31","54.27","54.58","55.77","54.07","","-0.57%"
"2023-08-30","54.58","54.27","55.46","54.07","","0.57%"
"2023-08-29","54.27","51.29","54.27","51.29","","6.22%"
"2023-08-28","51.09","49.90","52.08","49.90","","2.38%"
"2023-08-25","49.90","48.31","51.09","48.11","","3.29%"
"2023-08-24","48.31","50.29","51.68","48.31","","-3.94%"
"2023-08-23","50.29","49.10","50.29","49.10","","2.42%"
"2023-08-22","49.10","50.69","50.69","48.50","","-3.14%"
"2023-08-21","50.69","51.49","51.88","48.70","","-1.55%"
"2023-08-18","51.49","50.29","51.49","49.90","","2.39%"
"2023-08-17","50.29","52.88","54.87","50.29","","-4.90%"
"2023-08-16","52.88","55.06","56.06","52.88","","-3.96%"
"2023-08-15","55.06","59.24","59.24","54.87","","-7.06%"
"2023-08-14","59.24","59.64","60.03","58.84","","-2.29%"
"2023-08-11","60.63","60.23","61.23","59.84","","-1.30%"
"2023-08-10","61.43","61.82","64.61","60.23","","-0.63%"
"2023-08-09","61.82","61.03","64.41","61.03","","1.29%"
"2023-08-08","61.03","64.21","64.21","58.84","","-4.95%"
"2023-08-07","64.21","61.63","64.21","61.63","","4.19%"
"2023-08-04","61.63","64.81","65.80","61.43","","-2.21%"
"2023-08-03","63.02","66.99","66.99","62.42","","-5.93%"
"2023-08-02","66.99","68.19","68.19","65.60","","-1.76%"
"2023-08-01","68.19","71.76","71.76","67.19","","-4.97%"
"2023-07-31","71.76","72.16","72.16","69.98","","2.27%"
"2023-07-28","70.17","68.98","70.97","68.38","","1.73%"
"2023-07-27","68.98","73.55","74.35","68.98","","-6.21%"
"2023-07-26","73.55","72.76","73.95","71.76","","1.09%"
"2023-07-25","72.76","73.55","73.95","72.76","","-1.07%"
"2023-07-24","73.55","74.35","74.35","72.56","","-0.27%"
"2023-07-21","73.75","72.36","73.95","71.57","","1.92%"
"2023-07-20","72.36","69.98","72.56","69.58","","3.40%"
"2023-07-19","69.98","69.58","70.17","67.99","","4.15%"
"2023-07-18","67.19","65.40","69.38","65.40","","2.74%"
"2023-07-17","65.40","66.73","66.73","65.13","","-1.99%"
"2023-07-14","66.73","69.52","69.52","65.53","","-4.01%"
"2023-07-13","69.52","68.52","69.92","67.92","","1.46%"
"2023-07-12","68.52","69.24","69.64","68.32","","1.87%"
"2023-07-11","67.26","64.88","67.46","64.88","","4.96%"
"2023-07-10","64.08","63.41","64.41","63.02","","3.32%"
"2023-07-07","62.02","60.43","64.41","60.43","","2.63%"
"2023-07-06","60.43","59.24","60.43","57.05","","-2.88%"
"2023-07-05","62.22","62.22","63.61","61.23","","-5.44%"
"2023-07-03","65.80","62.42","65.80","62.02","","4.74%"
"2023-06-30","62.82","62.02","64.41","61.03","","4.98%"
"2023-06-29","59.84","57.65","60.23","57.65","","4.16%"
"2023-06-28","57.45","56.26","57.45","56.06","","-3.35%"
"2023-06-27","59.44","56.26","59.84","55.86","","7.95%"
"2023-06-26","55.06","51.49","55.86","51.49","","5.72%"
"2023-06-23","52.08","51.09","53.87","51.09","","-6.09%"
"2023-06-22","55.46","55.26","55.46","53.87","","-4.46%"
"2023-06-21","58.05","55.26","58.64","55.26","","2.82%"
"2023-06-20","56.46","57.65","57.85","56.06","","-7.49%"
"2023-06-16","61.03","63.02","63.61","60.63","","0.33%"
"2023-06-15","60.83","57.25","60.83","56.46","","8.51%"
"2023-06-14","56.06","59.04","59.24","55.66","","-1.39%"
"2023-06-13","56.85","57.45","58.64","56.85","","5.14%"
"2023-06-12","54.07","51.99","54.07","51.59","","2.83%"
"2023-06-09","52.58","52.39","53.98","51.39","","-2.23%"
"2023-06-08","53.78","51.99","53.98","51.59","","0.00%"
"2023-06-07","53.78","50.89","54.07","50.89","","7.37%"
"2023-06-06","50.09","47.71","50.69","47.71","","3.28%"
"2023-06-05","48.50","50.09","50.29","47.91","","-2.02%"
"2023-06-02","49.50","43.33","49.70","43.33","","20.88%"
"2023-06-01","40.95","38.56","41.35","38.56","","7.28%"
"2023-05-31","38.17","36.97","38.76","36.18","","-4.93%"
"2023-05-30","40.15","41.55","41.74","39.76","","-2.90%"
"2023-05-26","41.35","39.56","41.55","39.56","","11.25%"
"2023-05-25","37.17","36.18","38.36","34.99","","-6.04%"
"2023-05-24","39.56","43.14","43.14","38.96","","-10.76%"
"2023-05-23","44.33","47.81","48.01","44.33","","-7.67%"
"2023-05-22","48.01","47.22","49.40","46.82","","0.84%"
"2023-05-19","47.61","49.60","50.00","46.03","","-2.06%"
"2023-05-18","48.61","43.84","48.80","43.84","","7.73%"
"2023-05-17","45.12","44.33","45.92","43.14","","6.57%"
"2023-05-16","42.34","43.65","44.04","42.26","","-9.18%"
"2023-05-15","46.62","45.32","46.91","44.53","","1.08%"
"2023-05-12","46.12","47.31","47.31","43.33","","2.22%"
"2023-05-11","45.12","46.32","46.32","44.33","","-5.03%"
"2023-05-10","47.51","50.69","50.69","44.93","","-0.42%"
"2023-05-09","47.71","46.12","48.50","46.12","","-2.43%"
"2023-05-08","48.90","48.31","49.50","47.71","","1.64%"
"2023-05-05","48.11","47.11","49.10","46.91","","6.16%"
"2023-05-04","45.32","46.52","46.52","44.13","","0.00%"
"2023-05-03","45.32","49.10","50.09","45.32","","-5.80%"
"2023-05-02","48.11","50.29","50.29","45.12","","-10.36%"
"2023-05-01","53.67","54.07","55.86","53.67","","-2.19%"
"2023-04-28","54.87","49.90","55.26","49.90","","9.11%"
"2023-04-27","50.29","46.91","50.29","45.12","","9.04%"
"2023-04-26","46.12","50.29","50.29","45.72","","-9.73%"
"2023-04-25","51.09","54.27","54.27","51.09","","-8.87%"
"2023-04-24","56.06","57.25","57.65","55.26","","-0.71%"
"2023-04-21","56.46","56.46","56.85","54.67","","-1.38%"
"2023-04-20","57.25","56.85","58.05","55.86","","-1.38%"
"2023-04-19","58.05","57.05","58.84","56.46","","0.35%"
"2023-04-18","57.85","58.64","58.84","56.85","","0.35%"
"2023-04-17","57.65","55.66","57.85","55.46","","2.47%"
"2023-04-14","56.26","59.64","60.63","54.87","","-4.06%"
"2023-04-13","58.64","59.24","59.44","55.66","","4.23%"
"2023-04-12","56.26","59.24","59.44","55.66","","-3.08%"
"2023-04-11","58.05","55.66","60.03","55.66","","5.80%"
"2023-04-10","54.87","51.88","54.87","51.88","","2.62%"
"2023-04-06","53.47","52.48","53.67","52.28","","-0.74%"
"2023-04-05","53.87","53.08","54.07","52.28","","1.49%"
"2023-04-04","53.08","56.26","56.26","52.28","","-5.99%"
"2023-04-03","56.46","57.85","57.85","55.46","","2.90%"
"2023-03-31","54.87","52.88","54.87","52.48","","5.76%"
"2023-03-30","51.88","51.88","52.68","50.09","","5.66%"
"2023-03-29","49.10","46.32","49.50","46.32","","10.26%"
"2023-03-28","44.53","42.94","45.52","42.94","","2.77%"
"2023-03-27","43.33","43.53","45.32","41.94","","8.33%"
"2023-03-24","40.00","35.44","40.19","34.85","","3.60%"
"2023-03-23","38.61","41.18","43.16","37.62","","-4.88%"
"2023-03-22","40.59","46.13","46.93","40.59","","-11.99%"
"2023-03-21","46.12","47.51","47.51","44.73","","11.00%"
"2023-03-20","41.55","39.36","41.94","38.76","","11.19%"
"2023-03-17","37.37","39.16","39.36","35.18","","-10.90%"
"2023-03-16","41.94","36.77","42.54","35.78","","12.83%"
"2023-03-15","37.17","36.58","37.17","33.20","","-11.79%"
"2023-03-14","42.14","43.14","44.53","39.76","","8.72%"
"2023-03-13","38.76","39.16","41.55","38.56","","-6.26%"
"2023-03-10","41.35","43.93","48.11","40.35","","-13.33%"
"2023-03-09","47.71","53.28","53.87","47.71","","-11.43%"
"2023-03-08","53.87","53.87","54.87","52.28","","0.75%"
"2023-03-07","53.47","59.24","59.84","53.08","","-10.35%"
"2023-03-06","59.64","60.43","61.82","59.24","","-0.65%"
"2023-03-03","60.03","57.25","60.83","57.25","","7.47%"
"2023-03-02","55.86","51.09","55.86","51.09","","5.24%"
"2023-03-01","53.08","54.87","55.46","51.49","","-4.64%"
"2023-02-28","55.66","55.66","58.64","55.66","","-3.79%"
"2023-02-27","57.85","59.64","61.63","56.85","","1.05%"
"2023-02-24","57.25","56.06","57.25","54.47","","-6.80%"
"2023-02-23","61.43","62.82","62.82","57.25","","1.99%"
"2023-02-22","60.23","61.03","62.42","59.24","","-0.66%"
"2023-02-21","60.63","64.61","64.61","59.24","","-8.41%"
"2023-02-17","66.20","65.00","66.40","63.81","","0.00%"
"2023-02-16","66.20","65.80","68.38","65.80","","-4.03%"
"2023-02-15","68.98","67.19","68.98","66.79","","0.00%"
"2023-02-14","68.98","70.37","70.37","66.40","","-0.86%"
"2023-02-13","69.58","68.19","70.17","68.19","","2.04%"
"2023-02-10","68.19","65.80","68.19","65.80","","4.59%"
"2023-02-09","65.20","70.17","70.17","64.81","","-5.21%"
"2023-02-08","68.78","69.98","69.98","68.58","","-3.63%"
"2023-02-07","71.37","67.99","72.16","66.40","","3.46%"
"2023-02-06","68.98","70.17","70.17","68.19","","-3.08%"
"2023-02-03","71.17","73.16","73.16","70.57","","-6.28%"
"2023-02-02","75.94","74.35","76.14","73.16","","6.11%"
"2023-02-01","71.57","67.39","73.35","67.39","","4.06%"
"2023-01-31","68.78","64.41","68.78","64.21","","8.79%"
"2023-01-30","63.22","64.61","66.60","63.22","","-5.08%"
"2023-01-27","66.60","64.41","66.60","64.41","","2.15%"
"2023-01-26","65.20","62.82","65.20","62.82","","3.13%"
"2023-01-25","63.22","59.64","63.22","59.64","","0.96%"
"2023-01-24","62.62","63.02","63.61","62.42","","-1.56%"
"2023-01-23","63.61","59.24","65.20","59.24","","8.85%"
"2023-01-20","58.44","53.87","58.44","53.67","","11.36%"
"2023-01-19","52.48","54.87","54.87","52.48","","-8.01%"
"2023-01-18","57.05","63.22","63.61","57.05","","-8.01%"
"2023-01-17","62.02","62.89","63.88","61.70","","-1.70%"
"2023-01-13","63.09","58.92","63.29","58.92","","1.27%"
"2023-01-12","62.30","62.69","63.88","58.92","","1.95%"
"2023-01-11","61.11","58.13","61.11","58.13","","8.08%"
"2023-01-10","56.54","54.16","56.54","52.77","","4.39%"
"2023-01-09","54.16","54.47","58.64","53.37","","0.54%"
"2023-01-06","53.87","51.49","54.67","51.49","","14.35%"
"2023-01-05","47.11","47.31","48.11","46.12","","-5.95%"
"2023-01-04","50.09","48.90","52.28","47.11","","5.43%"
"2023-01-03","47.51","48.50","48.50","45.52","","-0.42%"
"2022-12-30","47.71","47.91","47.91","45.72","","-3.62%"
"2022-12-29","49.50","48.31","50.89","48.31","","8.74%"
"2022-12-28","45.52","50.29","50.29","45.52","","-8.78%"
"2022-12-27","49.90","48.41","50.19","48.01","","3.08%"
"2022-12-23","48.41","46.82","48.41","45.23","","4.29%"
"2022-12-22","46.42","46.42","46.42","42.65","","-4.51%"
"2022-12-21","48.61","47.02","49.00","47.02","","7.00%"
"2022-12-20","45.43","45.23","46.23","44.24","","0.44%"
"2022-12-19","45.23","47.01","47.01","44.02","","-3.79%"
"2022-12-16","47.01","47.80","49.00","45.21","","-7.08%"
"2022-12-15","50.59","52.68","52.68","49.90","","-11.94%"
"2022-12-14","57.45","62.42","62.62","55.66","","-6.78%"
"2022-12-13","61.63","65.20","65.20","59.24","","6.17%"
"2022-12-12","58.05","54.07","58.05","53.87","","7.76%"
"2022-12-09","53.87","55.26","56.26","53.87","","-2.16%"
"2022-12-08","55.06","54.07","56.85","54.07","","1.83%"
"2022-12-07","54.07","55.66","56.06","53.67","","-2.86%"
"2022-12-06","55.66","57.25","57.25","53.28","","-2.78%"
"2022-12-05","57.25","61.03","61.03","56.46","","-8.58%"
"2022-12-02","62.62","59.64","62.82","59.64","","0.00%"
"2022-12-01","62.62","64.81","64.81","62.42","","-0.95%"
"2022-11-30","63.22","56.66","63.22","55.46","","12.37%"
"2022-11-29","56.26","56.66","57.45","55.26","","0.00%"
"2022-11-28","56.26","60.23","60.23","54.67","","-8.12%"
"2022-11-25","61.23","59.84","61.23","59.84","","2.67%"
"2022-11-23","59.64","56.66","59.84","56.66","","5.26%"
"2022-11-22","56.66","55.66","57.45","55.06","","5.57%"
"2022-11-21","53.67","54.27","54.27","52.08","","-0.37%"
"2022-11-18","53.87","53.08","53.87","51.29","","9.71%"
"2022-11-17","49.10","47.31","49.10","45.32","","-3.90%"
"2022-11-16","51.09","51.49","52.28","50.69","","-1.90%"
"2022-11-15","52.08","54.27","54.67","51.29","","7.80%"
"2022-11-14","48.31","51.88","55.26","48.31","","-8.30%"
"2022-11-11","52.68","51.29","53.28","49.50","","4.54%"
"2022-11-10","50.39","43.42","50.39","43.42","","40.56%"
"2022-11-09","35.85","37.45","40.23","35.65","","-10.89%"
"2022-11-08","40.23","39.36","41.55","37.57","","4.87%"
"2022-11-07","38.36","36.58","38.76","34.99","","10.68%"
"2022-11-04","34.66","33.86","36.05","31.27","","10.14%"
"2022-11-03","31.47","30.47","33.26","30.47","","-1.87%"
"2022-11-02","32.07","35.85","37.45","32.07","","-12.50%"
"2022-11-01","36.65","38.84","38.84","35.45","","2.23%"
"2022-10-31","35.85","35.25","37.64","35.25","","-2.50%"
"2022-10-28","36.77","31.61","36.77","31.01","","19.34%"
"2022-10-27","30.81","32.00","33.39","30.21","","4.02%"
"2022-10-26","29.62","29.62","31.41","29.62","","2.78%"
"2022-10-25","28.82","24.65","28.82","24.65","","21.86%"
"2022-10-24","23.65","23.26","24.25","22.66","","7.21%"
"2022-10-21","22.06","18.09","22.06","18.09","","29.08%"
"2022-10-20","17.09","19.28","20.07","16.89","","-14.03%"
"2022-10-19","19.88","20.67","20.67","18.48","","-4.74%"
"2022-10-18","20.87","21.07","21.47","18.88","","17.98%"
"2022-10-17","17.69","16.93","18.72","16.73","","21.66%"
"2022-10-14","14.54","19.12","19.12","14.54","","-16.10%"
"2022-10-13","17.33","12.52","18.09","12.52","","7.64%"
"2022-10-12","16.10","16.30","16.89","15.90","","-1.23%"
"2022-10-11","16.30","16.30","17.69","15.70","","1.24%"
"2022-10-10","16.10","16.89","16.89","14.91","","-1.23%"
"2022-10-07","16.30","17.29","17.29","15.50","","-16.67%"
"2022-10-06","19.56","21.15","21.15","18.96","","-6.63%"
"2022-10-05","20.95","20.35","22.35","18.76","","0.96%"
"2022-10-04","20.75","19.32","20.75","19.32","","33.61%"
"2022-10-03","15.53","12.52","16.10","12.52","","39.53%"
"2022-09-30","11.13","12.32","13.71","11.13","","-5.03%"
"2022-09-29","11.72","13.91","13.91","11.13","","-20.33%"
"2022-09-28","14.71","10.93","15.30","10.93","","39.70%"
"2022-09-27","10.53","13.12","13.32","10.13","","-5.39%"
"2022-09-26","11.13","13.32","13.91","11.13","","-17.62%"
"2022-09-23","13.51","13.71","13.91","11.53","","-24.48%"
"2022-09-22","17.89","17.69","19.88","17.29","","-11.74%"
"2022-09-21","20.27","26.64","27.43","20.27","","-16.41%"
"2022-09-20","24.25","25.84","25.84","23.06","","-12.23%"
"2022-09-19","27.63","22.86","27.63","22.86","","9.47%"
"2022-09-16","25.24","24.85","25.44","22.46","","-9.95%"
"2022-09-15","28.03","29.02","30.01","28.03","","-5.37%"
"2022-09-14","29.62","28.82","30.81","27.43","","0.68%"
"2022-09-13","29.42","35.38","35.38","28.82","","-25.63%"
"2022-09-12","39.56","39.36","39.56","38.76","","7.59%"
"2022-09-09","36.77","34.99","37.37","34.99","","8.18%"
"2022-09-08","33.99","31.21","33.99","31.01","","6.89%"
"2022-09-07","31.80","25.44","32.00","25.44","","27.00%"
"2022-09-06","25.04","26.44","26.44","24.85","","-2.34%"
"2022-09-02","25.64","28.82","30.81","25.44","","-5.84%"
"2022-09-01","27.23","24.85","27.23","24.25","","2.99%"
"2022-08-31","26.44","28.23","29.82","26.44","","-4.99%"
"2022-08-30","27.83","31.21","31.21","27.63","","-11.96%"
"2022-08-29","31.61","31.41","33.20","30.61","","-7.00%"
"2022-08-26","33.99","42.14","42.14","33.99","","-18.96%"
"2022-08-25","41.94","37.37","41.94","37.37","","14.06%"
"2022-08-24","36.77","35.98","37.37","35.98","","1.63%"
"2022-08-23","36.18","37.37","37.77","35.78","","-1.60%"
"2022-08-22","36.77","39.36","39.36","36.77","","-15.14%"
"2022-08-19","43.33","44.93","44.93","42.94","","-7.63%"
"2022-08-18","46.91","45.92","47.31","45.52","","3.05%"
"2022-08-17","45.52","44.53","47.31","43.73","","-4.19%"
"2022-08-16","47.51","45.32","50.09","45.32","","3.92%"
"2022-08-15","45.72","43.53","46.12","43.53","","2.21%"
"2022-08-12","44.73","41.55","44.73","41.55","","10.86%"
"2022-08-11","40.35","41.94","44.33","40.15","","1.48%"
"2022-08-10","39.76","37.77","39.76","37.77","","19.76%"
"2022-08-09","33.20","33.99","35.18","32.60","","-3.46%"
"2022-08-08","34.39","36.18","36.77","34.19","","-2.25%"
"2022-08-05","35.18","31.01","35.18","31.01","","5.96%"
"2022-08-04","33.20","34.19","34.59","33.20","","-2.32%"
"2022-08-03","33.99","32.80","35.18","32.80","","5.56%"
"2022-08-02","32.20","33.20","34.99","31.61","","-4.14%"
"2022-08-01","33.59","32.80","34.79","32.80","","-2.33%"
"2022-07-29","34.39","32.20","35.58","32.00","","7.47%"
"2022-07-28","32.00","26.04","32.20","25.44","","23.84%"
"2022-07-27","25.84","22.86","26.83","22.86","","16.08%"
"2022-07-26","22.26","22.06","23.26","21.66","","-3.47%"
"2022-07-25","23.06","20.27","23.65","20.27","","14.90%"
"2022-07-22","20.07","21.86","22.46","19.08","","-1.95%"
"2022-07-21","20.47","18.09","20.47","17.49","","9.58%"
"2022-07-20","18.68","18.68","19.08","17.69","","-5.08%"
"2022-07-19","19.68","17.29","19.68","17.29","","25.35%"
"2022-07-18","15.70","18.68","18.68","15.70","","-13.21%"
"2022-07-15","18.09","18.29","18.68","17.49","","8.39%"
"2022-07-14","16.69","15.70","16.89","14.91","","-6.71%"
"2022-07-13","17.89","19.28","19.88","17.49","","-4.23%"
"2022-07-12","18.68","20.27","20.87","18.09","","-9.63%"
"2022-07-11","20.67","20.67","22.06","19.08","","-0.96%"
"2022-07-08","20.87","19.88","22.66","19.88","","-3.65%"
"2022-07-07","21.66","21.07","22.06","21.07","","6.86%"
"2022-07-06","20.27","20.27","20.47","17.89","","8.51%"
"2022-07-05","18.68","21.07","21.07","15.70","","-22.33%"
"2022-07-01","24.05","20.27","24.05","20.27","","17.49%"
"2022-06-30","20.47","19.68","22.06","19.68","","-6.36%"
"2022-06-29","21.86","22.26","22.66","21.47","","0.92%"
"2022-06-28","21.66","25.00","25.00","21.66","","-8.26%"
"2022-06-27","23.61","21.78","24.15","21.78","","6.50%"
"2022-06-24","22.17","19.80","22.77","19.80","","31.73%"
"2022-06-23","16.83","17.02","17.22","14.45","","6.25%"
"2022-06-22","15.84","15.04","16.63","15.04","","-1.19%"
"2022-06-21","16.03","15.64","16.63","15.64","","39.63%"
"2022-06-17","11.48","13.26","13.26","10.69","","-6.44%"
"2022-06-16","12.27","12.87","12.87","11.48","","-25.32%"
"2022-06-15","16.43","16.23","18.81","14.85","","6.41%"
"2022-06-14","15.44","18.01","18.01","13.86","","-8.26%"
"2022-06-13","16.83","21.03","21.03","16.46","","-31.02%"
"2022-06-10","24.40","23.96","25.14","23.96","","-11.98%"
"2022-06-09","27.72","32.27","32.67","27.72","","-14.10%"
"2022-06-08","32.27","34.25","35.44","32.27","","-12.38%"
"2022-06-07","36.83","33.06","36.83","33.06","","6.91%"
"2022-06-06","34.45","35.04","36.03","34.25","","4.81%"
"2022-06-03","32.87","33.86","34.25","32.87","","-8.29%"
"2022-06-02","35.84","32.27","35.84","31.68","","8.41%"
"2022-06-01","33.06","36.43","36.43","30.69","","-8.24%"
"2022-05-31","36.03","35.44","36.83","34.65","","-3.71%"
"2022-05-27","37.42","34.45","37.42","34.45","","14.54%"
"2022-05-26","32.67","31.48","33.26","31.28","","10.00%"
"2022-05-25","29.70","29.30","30.69","28.71","","1.37%"
"2022-05-24","29.30","27.32","29.30","25.94","","5.70%"
"2022-05-23","27.72","27.32","28.91","26.13","","13.84%"
"2022-05-20","24.35","26.93","26.93","22.77","","-3.91%"
"2022-05-19","25.34","25.34","27.52","23.56","","-6.56%"
"2022-05-18","27.12","32.67","32.67","27.12","","-22.60%"
"2022-05-17","35.04","33.46","35.04","33.06","","11.31%"
"2022-05-16","31.48","30.89","32.47","30.49","","0.64%"
"2022-05-13","31.28","30.29","31.68","29.10","","12.03%"
"2022-05-12","27.92","27.97","28.96","25.39","","-0.89%"
"2022-05-11","28.17","29.36","32.34","27.97","","-2.73%"
"2022-05-10","28.96","32.47","32.47","26.93","","-5.64%"
"2022-05-09","30.69","31.48","32.87","30.29","","-11.94%"
"2022-05-06","34.85","33.66","35.04","33.26","","-3.28%"
"2022-05-05","36.03","39.80","39.80","34.85","","-12.51%"
"2022-05-04","41.18","36.43","41.38","35.84","","14.29%"
"2022-05-03","36.03","34.65","38.01","34.25","","7.68%"
"2022-05-02","33.46","34.45","36.63","29.70","","-2.31%"
"2022-04-29","34.25","42.77","42.77","34.25","","-22.09%"
"2022-04-28","43.96","42.57","44.35","40.59","","6.23%"
"2022-04-27","41.38","42.57","43.16","40.99","","-0.96%"
"2022-04-26","41.78","44.75","44.75","41.78","","-6.22%"
"2022-04-25","44.55","43.16","44.75","41.38","","1.81%"
"2022-04-22","43.76","46.53","46.53","43.56","","-9.04%"
"2022-04-21","48.11","52.67","52.67","48.11","","-5.81%"
"2022-04-20","51.08","50.89","51.48","50.49","","4.03%"
"2022-04-19","49.10","47.42","49.10","47.42","","5.32%"
"2022-04-18","46.62","47.22","47.42","45.63","","-0.85%"
"2022-04-14","47.02","48.21","48.61","47.02","","-1.24%"
"2022-04-13","47.61","47.22","47.81","46.62","","2.99%"
"2022-04-12","46.23","46.73","47.52","45.54","","-1.28%"
"2022-04-11","46.83","47.22","47.82","46.64","","-2.46%"
"2022-04-08","48.01","48.01","49.40","47.61","","0.00%"
"2022-04-07","48.01","47.02","48.80","46.03","","0.84%"
"2022-04-06","47.61","45.34","48.11","45.34","","-1.45%"
"2022-04-05","48.31","52.07","52.07","48.11","","-7.22%"
"2022-04-04","52.07","50.89","52.07","49.50","","1.54%"
"2022-04-01","51.28","52.07","52.27","49.10","","0.00%"
"2022-03-31","51.28","55.24","56.03","51.28","","-8.48%"
"2022-03-30","56.03","58.61","58.61","55.44","","-5.35%"
"2022-03-29","59.20","57.22","59.40","55.04","","13.69%"
"2022-03-28","52.07","49.70","52.07","48.11","","2.72%"
"2022-03-25","50.69","49.30","50.89","48.91","","2.82%"
"2022-03-24","49.30","45.74","49.30","45.74","","8.26%"
"2022-03-23","45.54","48.51","48.51","45.54","","-8.00%"
"2022-03-22","49.50","48.31","51.28","48.31","","4.17%"
"2022-03-21","47.52","49.70","49.70","45.54","","-3.22%"
"2022-03-18","49.10","44.75","49.30","44.55","","7.82%"
"2022-03-17","45.54","42.17","45.54","42.17","","5.98%"
"2022-03-16","42.97","40.79","42.97","38.21","","9.62%"
"2022-03-15","39.20","37.22","40.19","36.83","","7.60%"
"2022-03-14","36.43","37.22","38.61","35.24","","3.97%"
"2022-03-11","35.04","38.81","39.00","35.04","","-6.36%"
"2022-03-10","37.42","36.23","37.82","34.65","","-0.53%"
"2022-03-09","37.62","38.01","39.20","37.02","","16.58%"
"2022-03-08","32.27","36.11","38.29","32.27","","-5.97%"
"2022-03-07","34.32","41.07","41.07","34.32","","-21.37%"
"2022-03-04","43.65","40.87","43.65","40.07","","-2.22%"
"2022-03-03","44.64","45.83","45.83","43.25","","0.45%"
"2022-03-02","44.44","40.27","45.03","40.27","","18.51%"
"2022-03-01","37.50","40.59","40.59","35.24","","-15.45%"
"2022-02-28","44.35","44.15","44.35","44.15","","-3.46%"
"2022-02-25","45.94","39.40","46.13","38.21","","28.90%"
"2022-02-24","35.64","30.09","35.84","29.50","","2.27%"
"2022-02-23","34.85","40.79","40.79","34.85","","-12.88%"
"2022-02-22","40.00","40.95","43.73","38.76","","-7.28%"
"2022-02-18","43.14","44.13","44.93","41.94","","-1.35%"
"2022-02-17","43.73","45.43","47.22","43.05","","-11.12%"
"2022-02-16","49.20","47.52","49.30","46.33","","2.27%"
"2022-02-15","48.11","47.72","49.10","47.32","","13.01%"
"2022-02-14","42.57","44.75","45.54","40.99","","-6.11%"
"2022-02-11","45.34","52.27","53.06","43.76","","-10.55%"
"2022-02-10","50.69","54.65","57.82","49.90","","-12.62%"
"2022-02-09","58.01","57.42","58.81","57.02","","9.72%"
"2022-02-08","52.87","48.91","53.06","48.91","","8.99%"
"2022-02-07","48.51","49.30","51.88","47.52","","0.41%"
"2022-02-04","48.31","50.49","51.88","46.13","","-4.32%"
"2022-02-03","50.49","53.06","54.05","50.49","","-10.84%"
"2022-02-02","56.63","53.06","57.02","53.06","","7.11%"
"2022-02-01","52.87","50.69","52.87","48.71","","4.30%"
"2022-01-31","50.69","42.77","50.69","42.77","","10.34%"
"2022-01-28","45.94","37.02","45.94","36.03","","17.19%"
"2022-01-27","39.20","48.11","48.51","37.42","","-7.04%"
"2022-01-26","42.17","47.52","51.48","38.81","","-9.37%"
"2022-01-25","46.53","44.15","49.30","38.41","","-9.26%"
"2022-01-24","51.28","43.16","51.28","36.03","","3.18%"
"2022-01-21","49.70","52.07","55.64","49.30","","-6.68%"
"2022-01-20","53.26","59.20","61.98","53.26","","-6.59%"
"2022-01-19","57.02","60.59","61.98","57.02","","-5.27%"
"2022-01-18","60.19","62.37","62.37","58.81","","-8.72%"
"2022-01-14","65.94","64.95","65.94","63.16","","-5.67%"
"2022-01-13","69.90","71.48","72.67","69.90","","-2.75%"
"2022-01-12","71.88","72.47","72.67","69.90","","1.40%"
"2022-01-11","70.89","68.91","70.89","66.73","","2.87%"
"2022-01-10","68.91","68.71","69.10","65.14","","-1.42%"
"2022-01-07","69.90","70.69","71.68","69.50","","-0.27%"
"2022-01-06","70.09","70.69","71.88","69.90","","-1.39%"
"2022-01-05","71.08","75.24","75.44","71.08","","-4.78%"
"2022-01-04","74.65","75.24","75.44","73.66","","1.62%"
"2022-01-03","73.46","72.67","73.66","71.48","","2.20%"
"2021-12-31","71.88","71.28","72.47","71.28","","0.84%"
"2021-12-30","71.28","72.47","73.06","71.28","","-0.56%"
"2021-12-29","71.68","72.27","72.47","71.28","","0.28%"
"2021-12-28","71.48","71.08","72.07","70.89","","0.83%"
"2021-12-27","70.89","68.11","70.89","67.52","","4.68%"
"2021-12-23","67.72","66.33","68.71","66.33","","3.64%"
"2021-12-22","65.34","63.96","65.54","63.96","","1.54%"
"2021-12-21","64.35","60.99","64.35","60.99","","10.93%"
"2021-12-20","58.01","58.13","58.13","55.15","","-7.18%"
"2021-12-17","62.50","64.28","65.27","62.30","","-7.35%"
"2021-12-16","67.46","67.26","69.84","66.66","","1.20%"
"2021-12-15","66.66","65.54","67.32","62.37","","2.02%"
"2021-12-14","65.34","67.12","67.12","64.35","","-1.79%"
"2021-12-13","66.53","66.93","67.72","65.14","","-0.88%"
"2021-12-10","67.12","68.31","69.30","66.13","","-0.89%"
"2021-12-09","67.72","66.53","68.51","66.53","","-1.44%"
"2021-12-08","68.71","68.71","69.50","67.92","","0.29%"
"2021-12-07","68.51","66.93","70.09","66.93","","6.13%"
"2021-12-06","64.55","62.84","66.73","62.84","","12.26%"
"2021-12-03","57.50","60.27","60.27","55.13","","-3.00%"
"2021-12-02","59.28","52.76","59.88","52.76","","14.07%"
"2021-12-01","51.97","58.69","61.46","51.97","","-6.75%"
"2021-11-30","55.73","61.26","61.26","54.74","","-14.54%"
"2021-11-29","65.21","65.21","65.81","63.83","","2.16%"
"2021-11-26","63.83","65.01","65.21","61.85","","-10.02%"
"2021-11-24","70.94","71.34","71.54","69.76","","-1.38%"
"2021-11-23","71.93","70.35","72.33","70.15","","1.96%"
"2021-11-22","70.55","69.30","72.07","68.71","","2.98%"
"2021-11-19","68.51","68.71","70.09","67.92","","-1.99%"
"2021-11-18","69.90","70.89","70.89","68.71","","-2.21%"
"2021-11-17","71.48","71.48","71.68","69.90","","-1.37%"
"2021-11-16","72.47","74.45","75.24","72.47","","-2.40%"
"2021-11-15","74.25","74.11","74.70","73.06","","0.73%"
"2021-11-12","73.71","74.30","74.70","72.92","","0.53%"
"2021-11-11","73.32","74.90","74.90","73.32","","-1.58%"
"2021-11-10","74.50","75.69","75.88","74.11","","0.27%"
"2021-11-09","74.30","73.51","74.30","72.72","","1.07%"
"2021-11-08","73.51","75.84","75.84","72.52","","-2.04%"
"2021-11-05","75.04","75.24","76.23","73.66","","5.27%"
"2021-11-04","71.28","74.45","74.45","70.49","","-3.49%"
"2021-11-03","73.86","70.69","73.86","70.29","","4.48%"
"2021-11-02","70.69","71.88","71.88","69.30","","-1.66%"
"2021-11-01","71.88","70.69","72.27","70.49","","2.26%"
"2021-10-29","70.29","71.48","72.07","68.71","","-2.47%"
"2021-10-28","72.07","69.70","72.67","69.70","","3.70%"
"2021-10-27","69.50","72.07","72.07","69.50","","-5.13%"
"2021-10-26","73.26","73.66","74.65","72.87","","-0.81%"
"2021-10-25","73.86","73.26","75.24","73.26","","-1.06%"
"2021-10-22","74.65","74.85","76.03","74.45","","0.54%"
"2021-10-21","74.25","72.87","74.25","72.87","","-0.54%"
"2021-10-20","74.65","71.88","74.65","71.88","","3.29%"
"2021-10-19","72.27","71.28","72.27","70.29","","3.39%"
"2021-10-18","69.90","69.50","70.29","69.50","","-1.12%"
"2021-10-15","70.69","72.87","74.05","70.69","","0.00%"
"2021-10-14","70.69","66.73","70.69","66.13","","11.57%"
"2021-10-13","63.36","62.17","64.15","59.80","","1.26%"
"2021-10-12","62.57","62.97","64.95","62.37","","-0.32%"
"2021-10-11","62.77","65.47","67.06","62.57","","-2.65%"
"2021-10-08","64.48","66.26","67.46","64.48","","-3.56%"
"2021-10-07","66.86","70.23","72.02","66.26","","0.30%"
"2021-10-06","66.66","62.69","66.66","59.32","","2.13%"
"2021-10-05","65.27","64.68","67.65","64.08","","2.48%"
"2021-10-04","63.69","63.16","64.95","62.17","","-2.23%"
"2021-10-01","65.14","63.16","67.32","60.39","","7.16%"
"2021-09-30","60.79","67.52","67.72","60.79","","-10.75%"
"2021-09-29","68.11","67.72","69.70","67.32","","1.76%"
"2021-09-28","66.93","70.29","70.69","66.13","","-6.89%"
"2021-09-27","71.88","71.88","71.88","71.88","","-0.81%"
"2021-09-24","72.47","70.89","73.46","70.89","","0.82%"
"2021-09-23","71.88","69.30","73.66","69.30","","8.69%"
"2021-09-22","66.13","65.14","67.72","65.14","","5.69%"
"2021-09-21","62.57","66.33","66.33","62.37","","-3.37%"
"2021-09-20","64.75","63.96","64.75","60.19","","-6.04%"
"2021-09-17","68.91","71.28","71.68","68.51","","-4.38%"
"2021-09-16","72.07","74.65","74.65","71.68","","-2.94%"
"2021-09-15","74.25","71.68","74.65","71.68","","3.59%"
"2021-09-14","71.68","74.65","74.65","71.28","","-3.98%"
"2021-09-13","74.65","73.06","74.65","73.06","","3.85%"
"2021-09-10","71.88","74.05","74.05","71.88","","-2.42%"
"2021-09-09","73.66","73.66","75.44","73.66","","0.00%"
"2021-09-08","73.66","74.65","76.63","73.26","","-2.87%"
"2021-09-07","75.84","77.82","78.41","75.84","","-3.52%"
"2021-09-03","78.61","80.19","80.19","78.21","","-2.21%"
"2021-09-02","80.39","79.80","81.18","79.60","","2.00%"
"2021-09-01","78.81","78.76","79.36","78.17","","-1.44%"
"2021-08-31","79.96","78.96","80.35","78.96","","0.76%"
"2021-08-30","79.36","81.18","81.18","79.36","","-2.96%"
"2021-08-27","81.78","80.00","81.98","80.00","","3.77%"
"2021-08-26","78.81","80.99","81.18","78.01","","-3.87%"
"2021-08-25","81.98","79.60","83.16","79.60","","1.22%"
"2021-08-24","80.99","80.39","81.98","79.80","","2.00%"
"2021-08-23","79.40","78.81","80.00","77.82","","4.97%"
"2021-08-20","75.64","73.86","76.23","73.86","","1.60%"
"2021-08-19","74.45","75.24","76.63","73.66","","-4.56%"
"2021-08-18","78.01","79.80","81.18","78.01","","-3.90%"
"2021-08-17","81.18","80.79","81.38","79.20","","-3.08%"
"2021-08-16","83.76","82.21","84.15","82.21","","-0.50%"
"2021-08-13","84.18","83.99","84.78","83.59","","-0.24%"
"2021-08-12","84.38","84.58","84.58","83.00","","-1.16%"
"2021-08-11","85.37","83.79","85.57","83.59","","1.64%"
"2021-08-10","83.99","83.20","84.38","83.20","","1.68%"
"2021-08-09","82.60","82.93","83.39","82.14","","-0.88%"
"2021-08-06","83.33","83.53","84.32","83.33","","1.20%"
"2021-08-05","82.34","82.53","83.13","81.94","","0.98%"
"2021-08-04","81.54","83.73","83.92","81.34","","-5.52%"
"2021-08-03","86.30","84.55","86.33","83.76","","1.12%"
"2021-08-02","85.34","87.72","88.91","85.34","","-1.60%"
"2021-07-30","86.73","87.92","88.71","85.94","","-2.23%"
"2021-07-29","88.71","88.71","89.90","88.31","","0.23%"
"2021-07-28","88.51","89.50","89.50","87.12","","0.00%"
"2021-07-27","88.51","86.93","88.71","86.13","","1.60%"
"2021-07-26","87.12","86.93","87.92","86.33","","0.92%"
"2021-07-23","86.33","84.35","86.53","84.15","","2.59%"
"2021-07-22","84.15","83.36","84.35","82.97","","-2.53%"
"2021-07-21","86.33","86.33","86.93","85.14","","2.35%"
"2021-07-20","84.35","79.20","85.34","79.20","","7.03%"
"2021-07-19","78.81","81.98","81.98","76.43","","-8.50%"
"2021-07-16","86.13","89.30","89.30","85.94","","-2.47%"
"2021-07-15","88.31","86.93","88.71","86.93","","-0.23%"
"2021-07-14","88.51","88.91","89.30","87.32","","-0.66%"
"2021-07-13","89.10","90.29","90.49","88.11","","-1.10%"
"2021-07-12","90.09","89.30","90.49","89.30","","-0.44%"
"2021-07-09","90.49","89.30","90.49","89.30","","3.39%"
"2021-07-08","87.52","87.92","88.91","86.53","","-3.07%"
"2021-07-07","90.29","89.50","91.08","89.30","","1.11%"
"2021-07-06","89.30","90.49","90.49","88.31","","-2.17%"
"2021-07-02","91.28","90.89","91.28","90.29","","0.87%"
"2021-07-01","90.49","90.09","90.89","90.09","","1.11%"
"2021-06-30","89.50","89.50","89.90","88.91","","0.45%"
"2021-06-29","89.10","90.49","90.89","88.91","","-1.10%"
"2021-06-28","90.09","90.29","90.69","89.50","","0.00%"
"2021-06-25","90.09","89.10","90.29","88.71","","2.02%"
"2021-06-24","88.31","88.31","88.91","88.11","","1.13%"
"2021-06-23","87.32","88.11","88.51","87.32","","-1.12%"
"2021-06-22","88.31","87.72","89.10","87.52","","0.23%"
"2021-06-21","88.11","87.32","88.51","87.12","","2.53%"
"2021-06-18","85.94","87.52","87.52","85.94","","-4.19%"
"2021-06-17","89.70","89.30","90.09","88.71","","0.45%"
"2021-06-16","89.30","90.89","91.08","88.71","","-1.75%"
"2021-06-15","90.89","91.28","91.68","90.29","","-0.64%"
"2021-06-14","91.48","91.08","91.48","90.29","","0.65%"
"2021-06-11","90.89","90.09","90.89","90.09","","0.44%"
"2021-06-10","90.49","89.50","90.89","89.50","","1.11%"
"2021-06-09","89.50","89.90","90.49","89.10","","-0.65%"
"2021-06-08","90.09","90.69","90.69","88.31","","0.21%"
"2021-06-07","89.90","90.89","90.89","89.70","","-0.87%"
"2021-06-04","90.69","90.09","90.89","90.09","","1.56%"
"2021-06-03","89.30","88.91","89.50","87.52","","-1.32%"
"2021-06-02","90.49","90.89","91.08","89.70","","-0.44%"
"2021-06-01","90.89","91.88","91.88","90.49","","-1.08%"
"2021-05-28","91.88","92.07","92.67","91.48","","0.88%"
"2021-05-27","91.08","91.08","91.88","91.08","","0.00%"
"2021-05-26","91.08","91.28","91.88","90.89","","-0.44%"
"2021-05-25","91.48","91.28","91.48","90.69","","0.22%"
"2021-05-24","91.28","91.88","92.07","91.28","","0.22%"
"2021-05-21","91.08","92.27","92.87","91.08","","-0.87%"
"2021-05-20","91.88","90.09","92.27","90.09","","3.12%"
"2021-05-19","89.10","87.92","89.10","87.32","","0.00%"
"2021-05-18","89.10","90.51","90.71","89.10","","-1.34%"
"2021-05-17","90.31","91.08","91.28","90.11","","-1.49%"
"2021-05-14","91.68","90.09","91.68","90.09","","2.67%"
"2021-05-13","89.30","88.51","90.09","88.51","","0.44%"
"2021-05-12","88.91","90.09","90.49","88.71","","-3.43%"
"2021-05-11","92.07","90.89","92.47","90.49","","0.64%"
"2021-05-10","91.48","92.47","93.46","91.48","","-0.86%"
"2021-05-07","92.27","92.67","93.86","92.07","","-0.22%"
"2021-05-06","92.47","92.47","92.47","91.48","","-0.85%"
"2021-05-05","93.26","93.06","93.46","92.67","","0.00%"
"2021-05-04","93.26","94.25","94.25","92.67","","-0.43%"
"2021-05-03","93.66","94.25","95.24","93.66","","-0.41%"
"2021-04-30","94.05","93.66","94.65","93.66","","-0.21%"
"2021-04-29","94.25","94.25","94.65","94.05","","-0.41%"
"2021-04-28","94.64","94.64","95.03","94.04","","-0.62%"
"2021-04-27","95.23","95.83","95.83","95.03","","-0.21%"
"2021-04-26","95.43","95.23","95.83","95.23","","-0.42%"
"2021-04-23","95.83","96.03","96.23","95.63","","-0.42%"
"2021-04-22","96.23","96.42","96.42","95.63","","-0.61%"
"2021-04-21","96.82","96.42","96.82","96.42","","0.00%"
"2021-04-20","96.82","96.42","97.02","96.42","","0.61%"
"2021-04-19","96.23","96.62","96.62","95.83","","-0.40%"
"2021-04-16","96.62","96.03","96.63","95.84","","0.41%"
"2021-04-15","96.23","95.64","96.23","95.64","","1.25%"
"2021-04-14","95.04","95.04","95.84","94.85","","-0.21%"
"2021-04-13","95.24","93.86","95.44","93.86","","0.84%"
"2021-04-12","94.45","94.05","94.85","94.05","","0.43%"
"2021-04-09","94.05","93.86","94.05","92.67","","0.20%"
"2021-04-08","93.86","94.65","94.65","93.66","","-0.41%"
"2021-04-07","94.25","94.85","95.04","94.05","","-1.04%"
"2021-04-06","95.24","94.85","95.44","94.65","","0.41%"
"2021-04-05","94.85","93.86","95.24","93.86","","1.48%"
"2021-04-01","93.47","92.29","93.67","91.69","","0.64%"
"2021-03-31","92.88","91.50","92.88","91.50","","1.73%"
"2021-03-30","91.30","92.49","92.49","90.90","","-2.74%"
"2021-03-29","93.87","92.27","94.46","90.89","","2.17%"
"2021-03-26","91.88","88.51","91.88","87.32","","4.50%"
"2021-03-25","87.92","86.53","88.11","85.74","","0.92%"
"2021-03-24","87.12","87.72","89.10","87.12","","-1.12%"
"2021-03-23","88.11","87.92","89.10","87.52","","0.22%"
"2021-03-22","87.92","85.34","88.11","85.34","","2.08%"
"2021-03-19","86.13","86.53","86.93","85.54","","0.00%"
"2021-03-18","86.13","86.53","86.73","86.13","","-1.36%"
"2021-03-17","87.32","86.93","87.92","86.53","","-0.90%"
"2021-03-16","88.11","87.52","88.51","86.93","","1.59%"
"2021-03-15","86.73","85.94","86.73","85.74","","1.39%"
"2021-03-12","85.54","84.15","85.94","84.15","","0.93%"
"2021-03-11","84.75","84.55","85.74","84.35","","1.18%"
"2021-03-10","83.76","83.96","84.95","83.56","","0.24%"
"2021-03-09","83.56","83.16","84.95","83.16","","4.20%"
"2021-03-08","80.19","83.56","83.96","80.19","","-1.46%"
"2021-03-05","81.38","77.62","81.98","75.44","","5.66%"
"2021-03-04","77.02","79.20","80.99","75.64","","-3.00%"
"2021-03-03","79.40","81.38","81.38","79.40","","-2.91%"
"2021-03-02","81.78","82.97","83.16","80.99","","-1.43%"
"2021-03-01","82.97","81.58","83.96","81.38","","5.03%"
"2021-02-26","79.00","81.98","82.37","79.00","","-3.40%"
"2021-02-25","81.78","84.95","84.95","81.38","","-3.05%"
"2021-02-24","84.35","84.15","85.14","83.96","","0.70%"
"2021-02-23","83.76","83.16","84.35","82.77","","-1.40%"
"2021-02-22","84.95","85.54","85.74","84.55","","-1.37%"
"2021-02-19","86.13","87.72","87.72","86.13","","-1.36%"
"2021-02-18","87.32","87.12","87.72","86.33","","0.45%"
"2021-02-17","86.93","85.54","87.12","85.54","","0.70%"
"2021-02-16","86.33","87.52","87.72","86.13","","-0.91%"
"2021-02-12","87.12","87.52","87.72","86.73","","-0.91%"
"2021-02-11","87.92","89.50","89.50","87.52","","-1.32%"
"2021-02-10","89.10","89.70","89.70","88.51","","0.21%"
"2021-02-09","88.91","88.11","89.30","88.11","","0.68%"
"2021-02-08","88.31","88.91","88.91","87.52","","0.23%"
"2021-02-05","88.11","88.91","88.91","88.11","","-0.90%"
"2021-02-04","88.91","87.92","88.91","87.52","","1.59%"
"2021-02-03","87.52","87.52","88.31","86.53","","-0.67%"
"2021-02-02","88.11","87.12","88.91","87.12","","2.06%"
"2021-02-01","86.33","85.34","86.93","84.95","","3.07%"
"2021-01-29","83.76","86.53","87.52","83.76","","-3.65%"
"2021-01-28","86.93","87.92","89.10","86.93","","0.23%"
"2021-01-27","86.73","87.92","89.10","86.33","","-4.16%"
"2021-01-26","90.49","89.50","90.49","88.91","","0.44%"
"2021-01-25","90.09","88.29","90.09","88.29","","1.36%"
"2021-01-22","88.88","89.08","89.28","88.29","","-0.22%"
"2021-01-21","89.08","89.68","89.88","88.88","","-0.67%"
"2021-01-20","89.68","89.70","89.90","88.91","","-0.02%"
"2021-01-19","89.70","89.70","90.09","89.30","","0.22%"
"2021-01-15","89.50","88.91","90.29","88.91","","0.45%"
"2021-01-14","89.10","89.30","89.90","88.51","","-0.67%"
"2021-01-13","89.70","89.50","89.90","89.10","","0.45%"
"2021-01-12","89.30","89.10","89.90","89.10","","-0.67%"
"2021-01-11","89.90","88.88","89.90","88.88","","-0.19%"
"2021-01-08","90.07","89.70","90.29","88.51","","0.64%"
"2021-01-07","89.50","90.09","90.49","89.50","","-1.09%"
"2021-01-06","90.49","88.71","91.48","88.71","","2.01%"
"2021-01-05","88.71","89.30","89.70","87.72","","0.00%"
"2021-01-04","88.71","90.29","90.29","87.52","","-2.40%"
"2020-12-31","90.89","89.50","90.89","88.71","","1.55%"
"2020-12-30","89.50","89.50","90.09","89.50","","0.22%"
"2020-12-29","89.30","89.90","90.09","89.10","","-0.45%"
"2020-12-28","89.70","89.90","90.29","89.30","","0.45%"
"2020-12-24","89.30","88.31","89.30","88.31","","1.35%"
"2020-12-23","88.11","88.53","89.30","88.11","","0.42%"
"2020-12-22","87.74","88.14","88.14","87.35","","-1.12%"
"2020-12-21","88.73","87.92","88.73","87.12","","-1.30%"
"2020-12-18","89.90","91.48","91.48","89.70","","-1.51%"
"2020-12-17","91.28","91.48","92.07","91.28","","0.87%"
"2020-12-16","90.49","92.07","92.07","90.49","","-1.08%"
"2020-12-15","91.48","90.09","91.48","90.09","","1.09%"
"2020-12-14","90.49","91.48","91.88","90.29","","-0.44%"
"2020-12-11","90.89","90.89","90.89","90.49","","0.22%"
"2020-12-10","90.69","90.89","91.08","90.29","","-0.65%"
"2020-12-09","91.28","91.28","91.48","91.08","","-0.44%"
"2020-12-08","91.68","90.49","91.88","90.49","","0.87%"
"2020-12-07","90.89","91.48","91.88","90.69","","-0.21%"
"2020-12-04","91.08","91.88","92.07","90.89","","-0.65%"
"2020-12-03","91.68","91.68","91.88","91.48","","-0.22%"
"2020-12-02","91.88","90.49","91.88","90.49","","0.44%"
"2020-12-01","91.48","90.69","91.48","90.69","","2.21%"
"2020-11-30","89.50","89.90","90.29","88.31","","-0.44%"
"2020-11-27","89.90","90.29","90.89","89.50","","-0.21%"
"2020-11-25","90.09","90.09","90.29","89.30","","0.00%"
"2020-11-24","90.09","89.30","90.49","89.30","","1.79%"
"2020-11-23","88.51","86.73","88.51","86.73","","2.76%"
"2020-11-20","86.13","87.12","87.12","85.34","","-0.46%"
"2020-11-19","86.53","85.34","86.73","83.96","","0.46%"
"2020-11-18","86.13","88.51","89.30","86.13","","-2.25%"
"2020-11-17","88.11","86.13","88.31","86.13","","0.00%"
"2020-11-16","88.11","87.12","88.51","86.33","","3.25%"
"2020-11-13","85.34","81.78","85.54","81.78","","6.42%"
"2020-11-12","80.19","81.58","81.98","79.40","","-3.57%"
"2020-11-11","83.16","83.96","83.96","82.37","","-0.48%"
"2020-11-10","83.56","81.38","83.56","80.39","","3.17%"
"2020-11-09","80.99","84.35","84.35","80.99","","14.90%"
"2020-11-06","70.49","73.66","73.86","70.29","","-3.52%"
"2020-11-05","73.06","72.87","74.85","71.68","","5.43%"
"2020-11-04","69.30","68.31","73.26","68.31","","0.00%"
"2020-11-03","69.30","68.91","70.29","67.92","","7.69%"
"2020-11-02","64.35","61.18","64.35","58.81","","12.86%"
"2020-10-30","57.02","58.81","58.81","55.44","","-1.71%"
"2020-10-29","58.01","55.64","59.20","53.86","","4.64%"
"2020-10-28","55.44","59.40","60.19","55.44","","-12.50%"
"2020-10-27","63.36","66.53","66.93","63.36","","-4.76%"
"2020-10-26","66.53","69.30","69.30","64.95","","-8.20%"
"2020-10-23","72.47","73.66","74.05","71.48","","0.00%"
"2020-10-22","72.47","68.31","72.67","68.11","","5.78%"
"2020-10-21","68.51","69.30","70.29","68.51","","-0.58%"
"2020-10-20","68.91","69.10","71.88","68.71","","2.96%"
"2020-10-19","66.93","72.16","72.56","66.53","","-5.69%"
"2020-10-16","70.97","71.96","72.56","70.97","","0.28%"
"2020-10-15","70.77","67.79","70.97","67.79","","0.57%"
"2020-10-14","70.37","71.37","72.16","70.17","","-0.28%"
"2020-10-13","70.57","71.76","72.36","69.58","","-3.54%"
"2020-10-12","73.16","71.96","73.55","71.96","","1.39%"
"2020-10-09","72.16","73.35","73.75","70.77","","1.68%"
"2020-10-08","70.97","69.58","71.17","69.38","","5.94%"
"2020-10-07","66.99","65.27","68.45","65.27","","7.87%"
"2020-10-06","62.10","64.95","68.91","61.18","","-3.50%"
"2020-10-05","64.35","62.77","64.75","61.58","","6.91%"
"2020-10-02","60.19","57.02","61.58","57.02","","1.67%"
"2020-10-01","59.20","59.60","59.80","57.02","","1.01%"
"2020-09-30","58.61","58.41","60.00","57.62","","3.13%"
"2020-09-29","56.83","58.81","58.81","56.23","","-3.04%"
"2020-09-28","58.61","58.41","59.20","57.62","","5.34%"
"2020-09-25","55.64","50.09","56.03","49.50","","8.08%"
"2020-09-24","51.48","47.92","55.24","47.12","","1.16%"
"2020-09-23","50.89","56.83","56.83","50.69","","-7.22%"
"2020-09-22","54.85","54.85","55.44","53.26","","1.48%"
"2020-09-21","54.05","54.36","54.36","51.19","","-8.58%"
"2020-09-18","59.12","62.37","62.37","58.41","","-5.81%"
"2020-09-17","62.77","60.79","62.97","60.00","","-1.86%"
"2020-09-16","63.96","63.36","65.34","63.16","","3.19%"
"2020-09-15","61.98","62.97","63.36","61.98","","0.32%"
"2020-09-14","61.78","60.00","62.37","60.00","","7.59%"
"2020-09-11","57.42","57.22","59.00","56.03","","0.70%"
"2020-09-10","57.02","60.99","61.78","56.83","","-4.65%"
"2020-09-09","59.80","58.81","60.79","58.81","","4.88%"
"2020-09-08","57.02","58.01","60.19","56.43","","-7.70%"
"2020-09-04","61.78","63.16","63.16","59.00","","0.00%"
"2020-09-03","61.78","64.95","66.53","60.00","","-3.69%"
"2020-09-02","64.15","61.38","64.55","61.38","","5.18%"
"2020-09-01","60.99","60.86","61.18","60.27","","-0.44%"
"2020-08-31","61.26","61.46","61.66","61.06","","-1.27%"
"2020-08-28","62.05","61.06","62.05","60.86","","1.62%"
"2020-08-27","61.06","59.68","61.46","59.48","","4.04%"
"2020-08-26","58.69","59.09","59.68","57.31","","-1.99%"
"2020-08-25","59.88","60.27","60.27","58.89","","0.34%"
"2020-08-24","59.68","57.90","59.68","57.31","","4.50%"
"2020-08-21","57.11","57.70","57.70","56.52","","-0.35%"
"2020-08-20","57.31","58.30","58.49","57.11","","-2.68%"
"2020-08-19","58.89","58.69","59.28","58.69","","0.00%"
"2020-08-18","58.89","59.48","59.68","58.89","","0.34%"
"2020-08-17","58.69","59.88","60.07","58.69","","-1.33%"
"2020-08-14","59.48","57.90","60.27","57.90","","0.00%"
"2020-08-13","59.48","58.69","59.88","58.49","","-1.64%"
"2020-08-12","60.47","61.66","62.05","59.68","","2.01%"
"2020-08-11","59.28","63.24","63.24","58.89","","0.32%"
"2020-08-10","59.09","58.49","59.68","58.10","","3.11%"
"2020-08-07","57.31","54.54","57.31","54.54","","5.08%"
"2020-08-06","54.54","54.74","54.94","53.55","","-0.73%"
"2020-08-05","54.94","53.75","55.53","53.75","","4.13%"
"2020-08-04","52.76","51.97","52.76","51.58","","1.13%"
"2020-08-03","52.17","52.17","52.37","50.98","","0.00%"
"2020-07-31","52.17","52.47","52.47","49.30","","-3.14%"
"2020-07-30","53.86","53.06","54.25","51.48","","-1.45%"
"2020-07-29","54.65","53.46","54.65","53.26","","5.34%"
"2020-07-28","51.88","53.06","53.06","51.88","","-1.87%"
"2020-07-27","52.87","51.88","52.87","51.88","","1.15%"
"2020-07-24","52.27","53.06","53.46","52.07","","-2.59%"
"2020-07-23","53.66","54.25","55.04","53.46","","-1.81%"
"2020-07-22","54.65","51.88","54.65","51.88","","5.75%"
"2020-07-21","51.68","50.89","52.47","50.89","","3.57%"
"2020-07-20","49.90","51.08","51.08","49.50","","-3.07%"
"2020-07-17","51.48","50.69","51.68","49.90","","3.17%"
"2020-07-16","49.90","48.51","50.29","48.51","","1.22%"
"2020-07-15","49.30","48.31","49.90","47.52","","10.66%"
"2020-07-14","44.55","41.38","44.55","40.59","","8.18%"
"2020-07-13","41.18","40.79","43.36","40.59","","1.96%"
"2020-07-10","40.39","38.01","40.59","37.02","","6.26%"
"2020-07-09","38.01","38.81","39.20","36.03","","-5.89%"
"2020-07-08","40.39","40.99","41.58","38.01","","-0.49%"
"2020-07-07","40.59","40.79","42.17","40.19","","-6.39%"
"2020-07-06","43.36","43.76","44.35","42.17","","4.78%"
"2020-07-02","41.38","43.76","43.76","40.39","","3.97%"
"2020-07-01","39.80","40.99","40.99","38.41","","1.02%"
"2020-06-30","39.40","35.84","40.99","35.64","","8.15%"
"2020-06-29","36.43","32.87","36.43","32.87","","12.20%"
"2020-06-26","32.47","36.23","36.43","32.07","","-9.88%"
"2020-06-25","36.03","32.47","36.43","32.47","","3.98%"
"2020-06-24","34.65","39.20","39.20","33.66","","-15.86%"
"2020-06-23","41.18","41.78","41.98","40.79","","1.96%"
"2020-06-22","40.39","38.61","40.59","38.61","","0.97%"
"2020-06-19","40.00","42.77","42.97","39.40","","-3.33%"
"2020-06-18","41.38","41.38","41.58","40.19","","-0.96%"
"2020-06-17","41.78","42.17","43.16","41.58","","-0.92%"
"2020-06-16","42.17","43.96","44.35","40.59","","8.66%"
"2020-06-15","38.81","31.28","39.80","31.28","","6.53%"
"2020-06-12","36.43","40.59","40.59","31.68","","8.88%"
"2020-06-11","33.46","40.59","41.58","33.46","","-31.59%"
"2020-06-10","48.91","51.68","51.68","48.31","","-9.84%"
"2020-06-09","54.25","56.23","56.23","53.46","","-12.47%"
"2020-06-08","61.98","59.40","61.98","59.00","","11.80%"
"2020-06-05","55.44","56.03","59.60","55.04","","15.24%"
"2020-06-04","48.11","47.12","48.91","46.73","","-1.64%"
"2020-06-03","48.91","46.73","49.30","46.53","","11.26%"
"2020-06-02","43.96","42.37","44.55","42.17","","5.22%"
"2020-06-01","41.78","40.99","43.16","40.99","","-0.48%"
"2020-05-29","41.98","40.39","42.37","39.60","","0.00%"
"2020-05-28","41.98","41.38","43.76","41.18","","0.96%"
"2020-05-27","41.58","38.81","41.58","36.63","","19.31%"
"2020-05-26","34.85","35.44","37.22","34.65","","11.41%"
"2020-05-22","31.28","29.70","31.28","29.70","","6.03%"
"2020-05-21","29.50","32.07","32.07","28.91","","-11.30%"
"2020-05-20","33.26","31.88","34.65","31.88","","13.52%"
"2020-05-19","29.30","30.29","31.68","29.30","","-6.33%"
"2020-05-18","31.28","30.35","33.26","29.56","","24.18%"
"2020-05-15","25.19","24.20","25.79","23.80","","0.76%"
"2020-05-14","25.00","21.82","25.00","20.83","","5.04%"
"2020-05-13","23.80","24.40","25.59","21.82","","-4.80%"
"2020-05-12","25.00","28.91","29.10","25.00","","-13.52%"
"2020-05-11","28.91","27.52","29.70","26.53","","5.82%"
"2020-05-08","27.32","24.75","28.31","24.75","","10.38%"
"2020-05-07","24.75","25.14","25.94","24.55","","4.17%"
"2020-05-06","23.76","23.76","25.34","23.76","","0.00%"
"2020-05-05","23.76","23.96","26.13","23.76","","13.20%"
"2020-05-04","20.99","18.81","21.58","18.81","","3.96%"
"2020-05-01","20.19","20.79","20.99","19.40","","-16.40%"
"2020-04-30","24.15","25.74","26.73","23.96","","-14.69%"
"2020-04-29","28.31","26.53","30.89","26.53","","19.15%"
"2020-04-28","23.76","27.92","28.31","23.76","","-0.83%"
"2020-04-27","23.96","23.36","24.95","22.57","","10.01%"
"2020-04-24","21.78","19.60","21.78","19.00","","13.44%"
"2020-04-23","19.20","20.39","21.78","19.00","","-1.03%"
"2020-04-22","19.40","18.81","20.00","18.41","","13.98%"
"2020-04-21","17.02","18.41","18.81","16.63","","-20.39%"
"2020-04-20","21.38","21.98","23.36","21.38","","-12.91%"
"2020-04-17","24.55","23.96","24.95","21.98","","15.91%"
"2020-04-16","21.18","18.61","21.18","17.62","","17.60%"
"2020-04-15","18.01","18.01","19.00","16.83","","-16.54%"
"2020-04-14","21.58","19.20","21.98","18.61","","37.98%"
"2020-04-13","15.64","16.63","16.63","14.25","","-13.16%"
"2020-04-09","18.01","18.21","20.59","16.83","","15.15%"
"2020-04-08","15.64","11.85","16.23","11.66","","27.67%"
"2020-04-07","12.25","13.04","15.61","12.25","","-6.06%"
"2020-04-06","13.04","9.72","13.04","9.72","","60.39%"
"2020-04-03","8.13","8.51","8.51","7.32","","2.65%"
"2020-04-02","7.92","5.94","7.92","5.94","","25.12%"
"2020-04-01","6.33","5.94","7.32","5.74","","-27.32%"
"2020-03-31","8.71","8.91","10.29","8.31","","-12.02%"
"2020-03-30","9.90","6.93","10.29","6.93","","66.67%"
"2020-03-27","5.94","5.94","7.52","5.54","","-28.52%"
"2020-03-26","8.31","5.14","8.31","4.95","","121.01%"
"2020-03-25","3.76","4.95","5.54","3.76","","-17.36%"
"2020-03-24","4.55","4.35","4.75","3.56","","53.20%"
"2020-03-23","2.97","3.16","3.56","1.98","","0.00%"
"2020-03-20","2.97","4.75","6.33","2.57","","-40.00%"
"2020-03-19","4.95","5.34","6.93","4.95","","-26.45%"
"2020-03-18","6.73","5.94","8.91","5.34","","-34.60%"
"2020-03-17","10.29","3.56","10.69","3.56","","189.04%"
"2020-03-16","3.56","7.72","8.11","3.56","","-68.99%"
"2020-03-13","11.48","5.74","11.48","5.14","","131.92%"
"2020-03-12","4.95","4.95","8.71","4.55","","-58.99%"
"2020-03-11","12.07","15.64","16.63","11.08","","-51.23%"
"2020-03-10","24.75","19.20","24.95","12.67","","62.40%"
"2020-03-09","15.24","17.22","20.19","13.86","","-53.35%"
"2020-03-06","32.67","28.51","32.87","24.35","","-10.81%"
"2020-03-05","36.63","39.00","40.59","35.04","","-18.85%"
"2020-03-04","45.14","39.20","45.14","38.01","","34.11%"
"2020-03-03","33.66","37.82","46.33","31.28","","-18.26%"
"2020-03-02","41.18","24.35","41.18","23.96","","71.87%"
"2020-02-28","23.96","20.39","24.15","16.83","","-26.21%"
"2020-02-27","32.47","39.40","45.14","32.47","","-30.52%"
"2020-02-26","46.73","53.66","55.04","46.53","","-7.08%"
"2020-02-25","50.29","61.78","61.78","50.09","","-17.80%"
"2020-02-24","61.18","64.75","64.95","60.79","","-16.94%"
"2020-02-21","73.66","72.47","74.25","72.27","","-3.12%"
"2020-02-20","76.03","74.45","77.02","74.25","","1.32%"
"2020-02-19","75.04","74.85","76.23","74.05","","2.15%"
"2020-02-18","73.46","75.24","75.24","72.27","","-4.39%"
"2020-02-14","76.83","77.42","77.42","75.64","","-0.76%"
"2020-02-13","77.42","77.02","77.62","75.84","","-0.76%"
"2020-02-12","78.01","79.00","79.00","76.63","","2.86%"
"2020-02-11","75.84","75.84","76.43","75.44","","2.42%"
"2020-02-10","74.05","72.07","74.05","71.88","","1.62%"
"2020-02-07","72.87","74.85","75.04","72.47","","-3.15%"
"2020-02-06","75.24","76.83","77.22","75.24","","-2.07%"
"2020-02-05","76.83","75.84","77.22","75.04","","7.79%"
"2020-02-04","71.28","72.47","73.46","71.28","","3.44%"
"2020-02-03","68.91","70.49","70.69","68.51","","1.17%"
"2020-01-31","68.11","71.68","71.68","67.32","","-6.53%"
"2020-01-30","72.87","70.29","72.87","69.10","","0.55%"
"2020-01-29","72.47","73.86","74.05","71.68","","-0.81%"
"2020-01-28","73.06","72.02","74.60","72.02","","1.44%"
"2020-01-27","72.02","73.06","73.86","72.02","","-7.45%"
"2020-01-24","77.82","80.19","80.19","76.23","","-3.91%"
"2020-01-23","80.99","77.62","81.58","77.62","","0.00%"
"2020-01-22","80.99","82.57","83.16","80.99","","-1.21%"
"2020-01-21","81.98","82.77","83.16","81.58","","-2.58%"
"2020-01-17","84.15","84.15","84.55","83.16","","-0.24%"
"2020-01-16","84.35","83.56","84.35","83.36","","3.90%"
"2020-01-15","81.18","81.18","82.17","80.00","","1.23%"
"2020-01-14","80.19","80.00","81.18","78.41","","-0.25%"
"2020-01-13","80.39","78.61","80.39","78.61","","2.79%"
"2020-01-10","78.21","78.21","79.00","78.01","","-0.51%"
"2020-01-09","78.61","78.81","79.40","77.82","","-0.74%"
"2020-01-08","79.20","79.20","80.19","77.62","","1.53%"
"2020-01-07","78.01","78.61","79.60","77.42","","-2.72%"
"2020-01-06","80.19","80.79","80.79","79.20","","-0.74%"
"2020-01-03","80.79","79.60","80.99","79.40","","-0.25%"
"2020-01-02","80.99","81.98","81.98","79.00","","1.00%"
"2019-12-31","80.19","79.00","80.19","78.21","","1.75%"
"2019-12-30","78.81","79.80","80.39","78.21","","-2.45%"
"2019-12-27","80.79","81.58","81.58","80.19","","-0.25%"
"2019-12-26","80.99","80.79","80.99","79.20","","0.25%"
"2019-12-24","80.79","80.79","80.99","80.00","","0.00%"
"2019-12-23","80.79","78.61","80.79","78.61","","2.27%"
"2019-12-20","79.00","79.00","79.80","78.41","","1.52%"
"2019-12-19","77.82","76.83","78.81","76.43","","0.78%"
"2019-12-18","77.22","77.22","78.01","76.63","","0.77%"
"2019-12-17","76.63","77.22","77.62","76.43","","-1.28%"
"2019-12-16","77.62","76.09","77.68","75.49","","4.19%"
"2019-12-13","74.50","74.90","75.09","73.30","","0.27%"
"2019-12-12","74.30","74.10","75.69","73.50","","1.36%"
"2019-12-11","73.30","73.16","73.35","72.56","","0.47%"
"2019-12-10","72.96","73.61","74.40","72.61","","-0.88%"
"2019-12-09","73.61","75.24","75.44","73.61","","-2.68%"
"2019-12-06","75.64","74.90","75.88","74.70","","4.87%"
"2019-12-05","72.13","71.14","72.13","70.55","","1.39%"
"2019-12-04","71.14","70.35","71.93","70.35","","5.88%"
"2019-12-03","67.19","66.79","67.58","65.41","","-5.82%"
"2019-12-02","71.34","72.90","72.90","71.11","","-2.94%"
"2019-11-29","73.50","74.70","75.29","73.30","","-2.89%"
"2019-11-27","75.69","74.70","75.89","74.70","","3.26%"
"2019-11-26","73.30","72.50","74.30","72.50","","-1.61%"
"2019-11-25","74.50","72.70","74.50","72.11","","3.03%"
"2019-11-22","72.31","71.57","72.76","71.37","","4.22%"
"2019-11-21","69.38","70.37","70.97","68.78","","-1.96%"
"2019-11-20","70.77","72.16","73.16","69.18","","-2.74%"
"2019-11-19","72.76","72.76","73.35","71.37","","-0.27%"
"2019-11-18","72.96","73.16","73.75","72.16","","-1.87%"
"2019-11-15","74.35","72.96","74.35","72.56","","3.32%"
"2019-11-14","71.96","71.57","72.16","71.17","","0.83%"
"2019-11-13","71.37","69.98","72.56","69.98","","1.71%"
"2019-11-12","70.17","71.57","72.36","69.38","","-1.96%"
"2019-11-11","71.57","70.77","72.16","70.77","","-0.82%"
"2019-11-08","72.16","72.76","72.76","71.57","","-0.55%"
"2019-11-07","72.56","74.95","75.54","71.96","","-1.08%"
"2019-11-06","73.35","72.96","73.55","72.36","","1.37%"
"2019-11-05","72.36","74.05","74.25","72.07","","-2.03%"
"2019-11-04","73.86","72.67","74.05","72.67","","3.33%"
"2019-11-01","71.48","69.90","71.68","69.50","","5.55%"
"2019-10-31","67.72","69.10","69.10","65.34","","-3.38%"
"2019-10-30","70.09","69.50","70.69","67.52","","0.00%"
"2019-10-29","70.09","70.29","71.28","69.90","","-0.28%"
"2019-10-28","70.29","70.49","71.08","69.90","","1.43%"
"2019-10-25","69.30","68.84","70.03","68.25","","0.09%"
"2019-10-24","69.24","69.64","69.84","68.65","","0.00%"
"2019-10-23","69.24","69.44","70.03","68.84","","0.00%"
"2019-10-22","69.24","67.85","70.03","67.85","","0.58%"
"2019-10-21","68.84","67.85","69.04","67.46","","3.27%"
"2019-10-18","66.66","65.14","67.32","64.95","","2.95%"
"2019-10-17","64.75","65.54","66.33","64.75","","0.31%"
"2019-10-16","64.55","65.54","66.33","64.55","","-2.11%"
"2019-10-15","65.94","63.16","66.33","62.77","","6.06%"
"2019-10-14","62.17","62.57","62.77","61.78","","-0.64%"
"2019-10-11","62.57","62.57","64.75","62.57","","7.86%"
"2019-10-10","58.01","55.84","59.60","55.84","","3.89%"
"2019-10-09","55.84","55.04","56.43","54.85","","5.24%"
"2019-10-08","53.06","56.63","56.63","53.06","","-11.27%"
"2019-10-07","59.80","60.39","62.57","59.60","","-4.12%"
"2019-10-04","62.37","60.19","62.37","58.81","","6.05%"
"2019-10-03","58.81","55.95","58.81","52.67","","4.01%"
"2019-10-02","56.54","59.72","59.72","54.36","","-12.31%"
"2019-10-01","64.48","68.45","69.84","63.69","","-4.13%"
"2019-09-30","67.26","68.05","68.84","66.86","","0.00%"
"2019-09-27","67.26","68.65","70.03","65.87","","-0.30%"
"2019-09-26","67.46","68.05","68.25","66.26","","-2.29%"
"2019-09-25","69.04","67.65","69.24","66.86","","1.16%"
"2019-09-24","68.25","69.84","70.43","67.06","","-2.28%"
"2019-09-23","69.84","69.24","70.43","68.45","","-0.84%"
"2019-09-20","70.43","72.61","72.61","70.43","","-1.39%"
"2019-09-19","71.42","72.67","72.67","70.49","","-0.64%"
"2019-09-18","71.88","71.28","71.88","69.50","","-1.36%"
"2019-09-17","72.87","73.06","73.26","70.49","","-2.12%"
"2019-09-16","74.45","73.46","74.65","73.06","","-0.79%"
"2019-09-13","75.04","75.24","75.44","74.25","","2.43%"
"2019-09-12","73.26","73.66","74.25","72.67","","-0.54%"
"2019-09-11","73.66","70.29","73.66","70.29","","3.63%"
"2019-09-10","71.08","67.72","71.08","66.33","","5.27%"
"2019-09-09","67.52","64.75","67.72","64.75","","4.60%"
"2019-09-06","64.55","63.76","65.34","63.16","","2.51%"
"2019-09-05","62.97","60.79","64.95","60.79","","11.20%"
"2019-09-04","56.63","57.02","57.02","55.64","","2.15%"
"2019-09-03","55.44","55.04","55.64","54.05","","-2.77%"
"2019-08-30","57.02","58.21","58.21","56.63","","1.05%"
"2019-08-29","56.43","56.23","57.42","55.44","","3.64%"
"2019-08-28","54.45","50.89","54.45","50.89","","3.77%"
"2019-08-27","52.47","54.25","54.25","52.07","","-2.22%"
"2019-08-26","53.66","53.46","53.66","52.07","","5.05%"
"2019-08-23","51.08","55.64","57.22","50.69","","-11.04%"
"2019-08-22","57.42","57.82","58.41","56.43","","-0.35%"
"2019-08-21","57.62","57.42","57.82","57.02","","3.56%"
"2019-08-20","55.64","55.84","57.02","55.64","","-2.76%"
"2019-08-19","57.22","57.22","57.82","56.63","","5.09%"
"2019-08-16","54.45","53.06","55.24","53.06","","4.57%"
"2019-08-15","52.07","52.67","53.06","51.28","","-0.76%"
"2019-08-14","52.47","56.23","56.23","51.88","","-11.07%"
"2019-08-13","59.00","55.86","60.63","55.86","","3.78%"
"2019-08-12","56.85","57.93","58.13","55.35","","-4.81%"
"2019-08-09","59.72","60.79","60.79","57.82","","-3.94%"
"2019-08-08","62.17","59.40","62.37","58.81","","8.65%"
"2019-08-07","57.22","52.87","58.41","51.48","","-0.69%"
"2019-08-06","57.62","57.02","57.62","53.46","","7.78%"
"2019-08-05","53.46","58.01","58.81","51.08","","-17.69%"
"2019-08-02","64.95","66.33","66.33","62.97","","-2.67%"
"2019-08-01","66.73","71.08","72.67","66.53","","-6.12%"
"2019-07-31","71.08","73.66","74.05","70.69","","-3.76%"
"2019-07-30","73.86","72.07","73.86","71.28","","0.00%"
"2019-07-29","73.86","73.65","73.86","72.85","","-0.79%"
"2019-07-26","74.45","72.85","74.65","72.85","","2.48%"
"2019-07-25","72.65","74.25","74.45","72.25","","-3.44%"
"2019-07-24","75.24","72.05","75.24","72.05","","3.28%"
"2019-07-23","72.85","71.45","72.85","71.45","","2.53%"
"2019-07-22","71.05","71.45","71.65","70.65","","0.00%"
"2019-07-19","71.05","72.65","73.05","71.05","","0.85%"
"2019-07-18","70.45","70.45","71.05","69.06","","-0.56%"
"2019-07-17","70.85","71.65","72.45","70.85","","-2.21%"
"2019-07-16","72.45","72.65","73.65","72.45","","0.00%"
"2019-07-15","72.45","72.85","73.45","72.25","","-0.55%"
"2019-07-12","72.85","72.25","73.05","72.05","","1.96%"
"2019-07-11","71.45","71.25","71.85","70.25","","0.00%"
"2019-07-10","71.45","73.10","73.10","70.91","","-0.08%"
"2019-07-09","71.51","71.31","71.71","70.71","","-0.28%"
"2019-07-08","71.71","72.70","73.30","71.31","","-2.70%"
"2019-07-05","73.70","73.50","73.70","71.71","","-0.27%"
"2019-07-03","73.90","72.50","73.90","72.50","","2.77%"
"2019-07-02","71.91","71.82","72.42","71.23","","-0.43%"
"2019-07-01","72.22","74.00","74.00","71.42","","1.12%"
"2019-06-28","71.42","70.03","71.82","69.04","","5.57%"
"2019-06-27","67.65","66.86","68.25","66.86","","2.10%"
"2019-06-26","66.26","67.85","67.85","65.87","","-2.05%"
"2019-06-25","67.65","68.45","68.45","66.86","","-1.46%"
"2019-06-24","68.65","67.85","69.04","67.85","","1.18%"
"2019-06-21","67.85","69.04","69.24","67.65","","-1.72%"
"2019-06-20","69.04","68.65","69.44","66.26","","4.20%"
"2019-06-19","66.26","66.07","67.26","65.67","","1.52%"
"2019-06-18","65.27","62.50","66.07","62.50","","6.81%"
"2019-06-17","61.11","61.50","62.10","61.11","","0.00%"
"2019-06-14","61.11","61.30","61.50","60.71","","-1.59%"
"2019-06-13","62.10","61.50","62.30","61.50","","2.29%"
"2019-06-12","60.71","62.30","62.30","60.31","","-0.65%"
"2019-06-11","61.11","62.30","62.89","60.91","","-0.96%"
"2019-06-10","61.70","63.29","63.29","61.30","","1.30%"
"2019-06-07","60.91","59.92","61.90","59.72","","2.68%"
"2019-06-06","59.32","59.12","59.92","58.53","","1.35%"
"2019-06-05","58.53","56.94","58.53","55.15","","4.99%"
"2019-06-04","55.75","52.77","55.75","51.58","","13.78%"
"2019-06-03","49.00","49.10","50.69","47.52","","1.43%"
"2019-05-31","48.31","48.11","49.70","47.12","","-5.42%"
"2019-05-30","51.08","52.07","52.47","50.49","","0.37%"
"2019-05-29","50.89","50.09","51.88","49.30","","-1.91%"
"2019-05-28","51.88","55.44","56.83","51.88","","-5.41%"
"2019-05-24","54.85","56.63","56.63","54.05","","0.00%"
"2019-05-23","54.85","53.46","55.04","52.47","","-6.73%"
"2019-05-22","58.81","59.40","59.80","58.21","","-2.62%"
"2019-05-21","60.39","58.81","60.59","58.81","","5.91%"
"2019-05-20","57.02","57.22","58.41","55.44","","-1.71%"
"2019-05-17","58.01","57.62","60.59","57.42","","-1.68%"
"2019-05-16","59.00","59.00","60.79","58.81","","1.36%"
"2019-05-15","58.21","55.44","58.61","55.44","","1.38%"
"2019-05-14","57.42","56.83","59.20","56.63","","2.83%"
"2019-05-13","55.84","58.81","59.00","54.65","","-13.22%"
"2019-05-10","64.35","62.97","64.35","59.20","","0.61%"
"2019-05-09","63.96","62.17","63.96","60.39","","0.31%"
"2019-05-08","63.76","64.35","65.74","63.76","","-3.58%"
"2019-05-07","66.13","67.12","67.12","64.35","","-3.75%"
"2019-05-06","68.71","67.72","69.30","67.12","","-0.85%"
"2019-05-03","69.30","69.10","69.90","68.71","","2.03%"
"2019-05-02","67.92","68.11","68.51","66.93","","-0.28%"
"2019-05-01","68.11","71.08","71.08","68.11","","-3.92%"
"2019-04-30","70.89","71.08","71.08","70.09","","0.85%"
"2019-04-29","70.29","70.69","71.88","70.29","","-0.57%"
"2019-04-26","70.69","70.09","70.89","69.70","","-0.28%"
"2019-04-25","70.89","70.09","71.68","68.51","","-1.38%"
"2019-04-24","71.88","72.47","72.67","71.68","","-0.81%"
"2019-04-23","72.47","70.29","72.87","70.29","","4.27%"
"2019-04-22","69.50","68.71","69.70","68.71","","-1.40%"
"2019-04-18","70.49","70.09","71.28","68.91","","1.13%"
"2019-04-17","69.70","69.90","70.29","69.30","","-0.84%"
"2019-04-16","70.29","70.49","70.89","69.30","","0.85%"
"2019-04-15","69.70","70.89","70.89","68.91","","-1.94%"
"2019-04-12","71.08","69.30","71.48","68.91","","5.59%"
"2019-04-11","67.32","67.52","68.51","66.53","","0.30%"
"2019-04-10","67.12","66.73","67.12","64.55","","3.34%"
"2019-04-09","64.95","65.54","65.94","63.96","","-4.37%"
"2019-04-08","67.92","66.93","67.92","66.53","","0.89%"
"2019-04-05","67.32","66.93","67.72","66.33","","3.03%"
"2019-04-04","65.34","63.96","65.94","63.76","","3.76%"
"2019-04-03","62.97","64.55","65.14","62.97","","0.64%"
"2019-04-02","62.57","62.37","63.36","61.78","","1.28%"
"2019-04-01","61.78","58.41","61.78","58.21","","8.35%"
"2019-03-29","57.02","55.64","57.02","55.44","","3.60%"
"2019-03-28","55.04","54.65","56.03","54.25","","2.19%"
"2019-03-27","53.86","54.45","54.85","51.88","","0.37%"
"2019-03-26","53.66","53.86","55.44","52.27","","3.05%"
"2019-03-25","52.07","51.48","52.27","50.89","","0.37%"
"2019-03-22","51.88","56.23","56.23","51.88","","-9.96%"
"2019-03-21","57.62","53.66","58.21","53.46","","8.19%"
"2019-03-20","53.26","54.65","55.44","51.88","","-4.62%"
"2019-03-19","55.84","59.20","60.00","55.04","","-5.36%"
"2019-03-18","59.00","56.83","59.00","56.83","","5.30%"
"2019-03-15","56.03","56.23","56.63","55.04","","1.80%"
"2019-03-14","55.04","55.44","55.64","54.45","","-2.12%"
"2019-03-13","56.23","55.64","57.42","55.04","","2.52%"
"2019-03-12","54.85","55.24","56.23","53.06","","1.84%"
"2019-03-11","53.86","52.27","54.45","52.27","","9.25%"
"2019-03-08","49.30","47.72","49.30","47.72","","-2.36%"
"2019-03-07","50.49","53.46","53.46","49.90","","-7.27%"
"2019-03-06","54.45","58.21","58.21","54.05","","-4.51%"
"2019-03-05","57.02","58.61","58.61","57.02","","-2.71%"
"2019-03-04","58.61","59.80","60.79","55.64","","0.14%"
"2019-03-01","58.53","59.92","60.31","57.34","","2.79%"
"2019-02-28","56.94","56.74","58.33","56.34","","-1.71%"
"2019-02-27","57.93","57.34","59.32","56.15","","0.35%"
"2019-02-26","57.73","58.53","59.12","57.53","","-2.35%"
"2019-02-25","59.12","61.90","62.89","59.12","","-0.67%"
"2019-02-22","59.52","58.73","60.11","57.93","","2.04%"
"2019-02-21","58.33","58.53","59.72","56.54","","-2.65%"
"2019-02-20","59.92","58.53","59.92","58.13","","2.03%"
"2019-02-19","58.73","57.34","59.92","56.94","","2.09%"
"2019-02-15","57.53","56.43","58.61","56.03","","6.81%"
"2019-02-14","53.86","51.88","54.65","51.28","","-2.50%"
"2019-02-13","55.24","55.04","55.84","53.26","","5.68%"
"2019-02-12","52.27","49.10","53.46","49.10","","10.46%"
"2019-02-11","47.32","47.12","47.32","45.74","","0.83%"
"2019-02-08","46.93","44.55","46.93","43.16","","2.15%"
"2019-02-07","45.94","46.73","48.11","42.77","","-7.19%"
"2019-02-06","49.50","50.49","50.49","47.92","","0.00%"
"2019-02-05","49.50","48.71","49.70","48.11","","3.30%"
"2019-02-04","47.92","44.95","47.92","44.15","","6.16%"
"2019-02-01","45.14","43.76","46.33","42.77","","5.54%"
"2019-01-31","42.77","41.18","44.15","40.39","","0.94%"
"2019-01-30","42.37","36.43","42.77","36.03","","18.65%"
"2019-01-29","35.71","36.50","37.10","34.92","","1.13%"
"2019-01-28","35.31","32.73","35.31","32.14","","-4.31%"
"2019-01-25","36.90","37.10","37.89","35.91","","9.40%"
"2019-01-24","33.73","31.74","34.32","31.74","","3.06%"
"2019-01-23","32.73","34.72","35.31","30.55","","-1.80%"
"2019-01-22","33.33","34.92","34.92","30.15","","-11.57%"
"2019-01-18","37.69","34.72","38.29","33.33","","18.75%"
"2019-01-17","31.74","30.15","32.14","29.96","","7.37%"
"2019-01-16","29.56","30.55","30.75","29.56","","-1.34%"
"2019-01-15","29.96","29.96","29.96","29.96","","11.05%"
"2019-01-14","26.98","25.99","28.17","25.99","","-7.48%"
"2019-01-11","29.16","27.77","29.16","27.38","","4.25%"
"2019-01-10","27.97","25.39","28.17","24.20","","4.44%"
"2019-01-09","26.78","27.18","27.77","25.99","","3.04%"
"2019-01-08","25.99","24.00","25.99","22.22","","16.97%"
"2019-01-07","22.22","19.64","24.20","18.84","","14.30%"
"2019-01-04","19.44","14.88","20.03","14.88","","55.52%"
"2019-01-03","12.50","16.03","18.01","12.50","","-26.56%"
"2019-01-02","17.02","16.33","17.33","15.53","","-16.20%"
"2018-12-31","20.31","19.32","20.31","16.53","","17.20%"
"2018-12-28","17.33","18.52","20.71","16.13","","-1.08%"
"2018-12-27","17.52","13.74","17.52","11.55","","15.80%"
"2018-12-26","15.13","10.95","15.13","9.16","","58.26%"
"2018-12-24","9.56","14.31","14.31","9.56","","-34.11%"
"2018-12-21","14.51","17.29","19.28","14.51","","-12.06%"
"2018-12-20","16.50","18.68","20.07","15.30","","-20.94%"
"2018-12-19","20.87","25.44","27.23","19.68","","-18.60%"
"2018-12-18","25.64","26.24","26.64","23.26","","5.73%"
"2018-12-17","24.25","29.02","29.62","23.85","","-22.80%"
"2018-12-14","31.41","33.39","33.99","30.81","","-11.72%"
"2018-12-13","35.58","37.57","37.57","34.59","","-2.73%"
"2018-12-12","36.58","38.76","39.16","36.58","","3.39%"
"2018-12-11","35.38","38.56","39.96","34.59","","-2.75%"
"2018-12-10","36.38","35.58","36.58","31.41","","4.57%"
"2018-12-07","34.79","39.56","40.35","33.79","","-11.61%"
"2018-12-06","39.36","36.58","39.36","34.99","","-3.88%"
"2018-12-05","40.95","40.95","40.95","40.95","","0.00%"
"2018-12-04","40.95","48.70","48.70","40.35","","-17.94%"
"2018-12-03","49.90","50.69","50.69","47.91","","9.14%"
"2018-11-30","45.72","43.62","45.92","43.02","","4.81%"
"2018-11-29","43.62","44.22","45.81","41.43","","-2.24%"
"2018-11-28","44.62","38.76","44.73","38.17","","18.14%"
"2018-11-27","37.77","37.77","38.17","36.58","","-0.53%"
"2018-11-26","37.97","36.77","39.36","35.98","","8.52%"
"2018-11-23","34.99","33.00","36.38","33.00","","1.16%"
"2018-11-21","34.59","35.78","37.57","34.39","","1.17%"
"2018-11-20","34.19","36.77","37.57","33.39","","-12.69%"
"2018-11-19","39.16","42.74","43.93","38.56","","-10.04%"
"2018-11-16","43.53","40.95","44.33","40.95","","1.37%"
"2018-11-15","42.94","37.97","43.33","37.77","","6.42%"
"2018-11-14","40.35","45.12","45.92","40.15","","-6.47%"
"2018-11-13","43.14","44.53","46.12","41.94","","0.47%"
"2018-11-12","42.94","47.91","47.91","42.74","","-9.62%"
"2018-11-09","47.51","48.11","48.31","46.32","","-4.79%"
"2018-11-08","49.90","49.10","50.49","48.50","","0.40%"
"2018-11-07","49.70","47.81","50.59","46.82","","8.44%"
"2018-11-06","45.83","45.03","45.83","44.44","","2.21%"
"2018-11-05","44.84","43.84","45.43","41.66","","5.61%"
"2018-11-02","42.46","46.03","46.03","39.68","","-2.73%"
"2018-11-01","43.65","40.07","43.65","39.48","","10.56%"
"2018-10-31","39.48","41.26","42.65","39.48","","0.00%"
"2018-10-30","39.48","33.13","39.48","33.13","","21.36%"
"2018-10-29","32.53","37.89","38.09","29.56","","1.21%"
"2018-10-26","32.14","32.73","35.51","29.56","","-10.99%"
"2018-10-25","36.11","33.73","38.49","33.53","","11.66%"
"2018-10-24","32.34","40.07","41.07","32.34","","-19.29%"
"2018-10-23","40.07","37.10","41.66","33.73","","-3.35%"
"2018-10-22","41.46","44.24","44.24","40.87","","-5.43%"
"2018-10-19","43.84","44.64","46.82","43.84","","0.44%"
"2018-10-18","43.65","46.62","48.61","42.46","","-9.46%"
"2018-10-17","48.21","49.80","49.80","46.23","","-4.70%"
"2018-10-16","50.59","44.04","50.59","44.04","","19.15%"
"2018-10-15","42.46","41.86","46.42","41.66","","1.43%"
"2018-10-12","41.86","43.56","44.35","38.01","","12.47%"
"2018-10-11","37.22","48.11","48.71","37.22","","-25.41%"
"2018-10-10","49.90","57.22","57.62","49.90","","-17.91%"
"2018-10-09","60.79","61.98","62.17","60.19","","-3.15%"
"2018-10-08","62.77","60.19","63.36","59.80","","2.92%"
"2018-10-05","60.99","62.77","63.16","59.00","","-2.21%"
"2018-10-04","62.37","61.98","63.16","59.80","","0.32%"
"2018-10-03","62.17","63.36","63.96","61.78","","0.63%"
"2018-10-02","61.78","62.25","63.24","61.46","","-0.44%"
"2018-10-01","62.05","63.69","64.28","61.46","","-0.40%"
"2018-09-28","62.30","61.90","63.09","61.70","","0.00%"
"2018-09-27","62.30","62.10","63.29","61.90","","0.32%"
"2018-09-26","62.10","64.88","65.07","61.90","","-3.69%"
"2018-09-25","64.48","65.47","66.07","64.48","","-2.11%"
"2018-09-24","65.87","70.03","70.03","65.67","","-5.94%"
"2018-09-21","70.03","70.23","71.03","70.03","","0.85%"
"2018-09-20","69.44","69.24","70.23","67.85","","5.10%"
"2018-09-19","66.07","65.47","68.25","65.47","","3.74%"
"2018-09-18","63.69","63.29","64.28","62.50","","0.95%"
"2018-09-17","63.09","63.88","64.28","62.89","","-0.32%"
"2018-09-14","63.29","63.49","63.88","62.89","","0.32%"
"2018-09-13","63.09","64.15","64.15","62.77","","-1.05%"
"2018-09-12","63.76","63.36","64.15","62.37","","0.31%"
"2018-09-11","63.56","62.17","64.15","62.17","","0.00%"
"2018-09-10","63.56","64.55","64.55","63.36","","0.63%"
"2018-09-07","63.16","62.17","64.35","62.17","","-1.25%"
"2018-09-06","63.96","65.34","65.74","62.17","","-1.52%"
"2018-09-05","64.95","64.35","65.54","63.76","","-0.60%"
"2018-09-04","65.34","65.34","65.54","63.76","","-0.80%"
"2018-08-31","65.87","65.47","66.26","64.08","","0.00%"
"2018-08-30","65.87","66.66","67.65","65.47","","-2.63%"
"2018-08-29","67.65","66.33","68.11","66.33","","1.99%"
"2018-08-28","66.33","67.32","67.72","65.94","","0.30%"
"2018-08-27","66.13","65.54","66.93","65.54","","1.82%"
"2018-08-24","64.95","63.36","65.34","62.97","","1.87%"
"2018-08-23","63.76","64.55","64.55","62.97","","-1.83%"
"2018-08-22","64.95","65.94","65.94","64.35","","-0.90%"
"2018-08-21","65.54","66.13","66.53","65.54","","0.00%"
"2018-08-20","65.54","65.34","65.74","65.14","","1.53%"
"2018-08-17","64.55","63.76","65.14","63.76","","0.31%"
"2018-08-16","64.35","63.56","64.75","63.56","","4.16%"
"2018-08-15","61.78","61.78","61.78","61.78","","-2.80%"
"2018-08-14","63.56","61.78","64.55","61.58","","7.00%"
"2018-08-13","59.40","62.17","62.57","58.21","","-3.23%"
"2018-08-10","61.38","63.16","63.16","60.79","","-5.50%"
"2018-08-09","64.95","65.34","66.33","64.55","","-1.20%"
"2018-08-08","65.74","65.94","66.93","64.95","","0.00%"
"2018-08-07","65.74","65.94","66.53","65.54","","0.00%"
"2018-08-06","65.74","64.75","66.53","64.55","","1.22%"
"2018-08-03","64.95","63.76","65.54","63.56","","3.14%"
"2018-08-02","62.97","60.00","63.16","59.40","","1.60%"
"2018-08-01","61.98","63.16","63.96","61.98","","-3.98%"
"2018-07-31","64.55","62.77","64.75","62.77","","5.63%"
"2018-07-30","61.11","62.50","63.88","60.51","","-1.59%"
"2018-07-27","62.10","64.08","64.28","61.90","","-2.79%"
"2018-07-26","63.88","63.49","64.68","63.29","","4.21%"
"2018-07-25","61.30","58.73","61.30","58.73","","4.73%"
"2018-07-24","58.53","57.93","59.72","57.53","","0.34%"
"2018-07-23","58.33","59.92","59.92","56.94","","-2.65%"
"2018-07-20","59.92","59.72","61.30","59.72","","-1.95%"
"2018-07-19","61.11","60.71","61.50","59.12","","-1.28%"
"2018-07-18","61.90","60.11","62.10","59.32","","1.63%"
"2018-07-17","60.91","59.72","61.90","59.12","","2.68%"
"2018-07-16","59.32","59.92","60.31","57.34","","-1.31%"
"2018-07-13","60.11","59.72","60.11","59.32","","0.65%"
"2018-07-12","59.72","60.11","60.11","57.93","","1.36%"
"2018-07-11","58.92","59.92","60.71","58.53","","-4.20%"
"2018-07-10","61.50","60.99","62.17","59.60","","1.84%"
"2018-07-09","60.39","58.41","60.79","58.41","","4.81%"
"2018-07-06","57.62","55.24","58.41","55.24","","3.56%"
"2018-07-05","55.64","53.26","55.84","52.47","","5.24%"
"2018-07-03","52.87","53.86","54.85","52.27","","1.15%"
"2018-07-02","52.27","52.07","52.27","49.90","","-1.13%"
"2018-06-29","52.87","52.38","55.24","52.38","","0.94%"
"2018-06-28","52.38","50.59","53.17","49.20","","3.13%"
"2018-06-27","50.79","55.35","56.54","50.59","","-4.48%"
"2018-06-26","53.17","53.17","55.15","52.77","","-1.83%"
"2018-06-25","54.16","56.54","56.54","51.78","","-6.18%"
"2018-06-22","57.73","56.94","58.33","56.94","","4.68%"
"2018-06-21","55.15","55.75","55.95","53.96","","-1.78%"
"2018-06-20","56.15","55.95","57.34","55.15","","0.72%"
"2018-06-19","55.75","55.06","56.46","53.67","","-7.13%"
"2018-06-18","60.03","57.53","60.11","56.74","","-0.46%"
"2018-06-15","60.31","59.32","60.31","57.53","","-0.99%"
"2018-06-14","60.91","60.91","61.70","60.31","","0.33%"
"2018-06-13","60.71","63.29","63.49","60.71","","-4.68%"
"2018-06-12","63.69","63.29","64.08","62.30","","0.95%"
"2018-06-11","63.09","62.10","63.49","62.10","","1.92%"
"2018-06-08","61.90","61.18","62.17","60.39","","0.52%"
"2018-06-07","61.58","60.79","61.78","60.39","","2.31%"
"2018-06-06","60.19","58.81","60.39","58.21","","3.76%"
"2018-06-05","58.01","56.83","58.61","56.83","","2.80%"
"2018-06-04","56.43","56.26","57.65","55.66","","0.30%"
"2018-06-01","56.26","55.15","56.74","54.76","","7.41%"
"2018-05-31","52.38","56.15","56.34","51.98","","-8.01%"
"2018-05-30","56.94","54.56","58.13","53.76","","11.67%"
"2018-05-29","50.99","54.16","54.56","49.00","","-11.37%"
"2018-05-25","57.53","57.73","58.53","55.95","","-3.02%"
"2018-05-24","59.32","58.61","59.60","57.82","","0.20%"
"2018-05-23","59.20","57.02","59.20","57.02","","1.35%"
"2018-05-22","58.41","60.39","60.79","57.62","","-3.28%"
"2018-05-21","60.39","59.80","60.59","58.81","","3.75%"
"2018-05-18","58.21","57.22","58.41","57.02","","2.09%"
"2018-05-17","57.02","57.22","58.21","56.63","","-1.38%"
"2018-05-16","57.82","58.01","59.00","56.83","","1.74%"
"2018-05-15","56.83","58.01","58.01","55.44","","-4.00%"
"2018-05-14","59.20","60.19","60.79","58.81","","-1.33%"
"2018-05-11","60.00","58.41","60.59","58.41","","2.72%"
"2018-05-10","58.41","56.43","59.40","56.03","","6.88%"
"2018-05-09","54.65","52.67","55.44","52.27","","4.55%"
"2018-05-08","52.27","53.06","53.46","50.49","","-2.23%"
"2018-05-07","53.46","53.66","54.45","52.87","","0.38%"
"2018-05-04","53.26","44.55","54.85","44.55","","11.61%"
"2018-05-03","47.72","45.43","48.41","41.86","","-1.02%"
"2018-05-02","48.21","50.79","52.77","47.61","","-7.96%"
"2018-05-01","52.38","50.59","52.38","48.41","","3.95%"
"2018-04-30","50.39","56.15","56.54","50.39","","-7.30%"
"2018-04-27","54.36","55.15","55.95","53.37","","-2.49%"
"2018-04-26","55.75","52.77","56.54","52.77","","5.65%"
"2018-04-25","52.77","52.18","54.36","49.80","","1.52%"
"2018-04-24","51.98","57.93","58.13","50.59","","-8.39%"
"2018-04-23","56.74","55.75","57.14","55.15","","3.24%"
"2018-04-20","54.96","56.94","56.94","53.96","","-3.82%"
"2018-04-19","57.14","59.52","59.52","55.55","","-4.94%"
"2018-04-18","60.11","60.71","61.30","59.92","","0.65%"
"2018-04-17","59.72","59.32","61.70","58.13","","4.15%"
"2018-04-16","57.34","55.15","58.33","55.15","","6.26%"
"2018-04-13","53.96","56.94","56.94","53.17","","-3.21%"
"2018-04-12","55.75","55.15","56.34","55.15","","6.05%"
"2018-04-11","52.57","52.38","54.96","52.18","","-4.00%"
"2018-04-10","54.76","53.96","55.95","53.17","","8.24%"
"2018-04-09","50.59","52.77","55.15","50.59","","2.83%"
"2018-04-06","49.20","55.95","57.14","47.22","","-13.90%"
"2018-04-05","57.14","58.01","58.41","56.63","","0.21%"
"2018-04-04","57.02","47.32","57.42","47.32","","10.76%"
"2018-04-03","51.48","48.51","51.88","47.52","","10.21%"
"2018-04-02","46.71","55.26","55.26","42.94","","-16.97%"
"2018-03-29","56.26","54.47","57.65","53.67","","7.61%"
"2018-03-28","52.28","53.08","54.67","51.09","","0.38%"
"2018-03-27","52.08","55.46","58.44","51.09","","-7.10%"
"2018-03-26","56.06","53.87","56.26","50.69","","16.52%"
"2018-03-23","48.11","56.26","56.26","46.91","","-12.00%"
"2018-03-22","54.67","60.03","60.83","54.67","","-12.42%"
"2018-03-21","62.42","61.63","63.81","61.43","","0.00%"
"2018-03-20","62.42","63.49","63.49","62.10","","-0.43%"
"2018-03-19","62.69","64.68","65.07","61.11","","-3.95%"
"2018-03-16","65.27","65.27","66.26","65.07","","1.54%"
"2018-03-15","64.28","66.07","66.46","64.08","","-2.12%"
"2018-03-14","65.67","67.65","67.65","64.68","","-1.78%"
"2018-03-13","66.86","68.84","69.44","66.46","","-2.61%"
"2018-03-12","68.65","69.44","70.03","68.45","","-0.56%"
"2018-03-09","69.04","66.07","69.04","65.67","","7.07%"
"2018-03-08","64.48","65.54","65.54","63.76","","0.81%"
"2018-03-07","63.96","63.16","64.95","62.17","","0.00%"
"2018-03-06","63.96","63.76","65.14","62.97","","0.95%"
"2018-03-05","63.36","59.20","64.35","59.20","","4.16%"
"2018-03-02","60.83","58.44","61.23","56.46","","1.33%"
"2018-03-01","60.03","63.02","64.61","57.85","","-5.63%"
"2018-02-28","63.61","67.65","68.84","63.49","","-4.58%"
"2018-02-27","66.66","70.69","71.08","66.66","","-4.89%"
"2018-02-26","70.09","68.71","70.89","68.11","","2.31%"
"2018-02-23","68.51","67.32","68.51","65.94","","5.48%"
"2018-02-22","64.95","65.74","67.92","64.95","","-1.20%"
"2018-02-21","65.74","68.51","68.91","65.74","","-2.06%"
"2018-02-20","67.12","68.11","69.90","66.53","","-3.15%"
"2018-02-16","69.30","68.31","70.89","68.11","","0.86%"
"2018-02-15","68.71","66.93","68.71","64.75","","4.20%"
"2018-02-14","65.94","60.39","66.93","59.80","","7.78%"
"2018-02-13","61.18","60.39","61.58","58.81","","0.31%"
"2018-02-12","60.99","59.60","63.56","57.42","","6.96%"
"2018-02-09","57.02","55.24","58.41","47.32","","9.91%"
"2018-02-08","51.88","64.95","64.95","51.88","","-19.88%"
"2018-02-07","64.75","66.33","69.30","64.75","","-2.68%"
"2018-02-06","66.53","56.43","67.12","56.43","","8.74%"
"2018-02-05","61.18","73.06","74.05","60.99","","-18.04%"
"2018-02-02","74.65","76.83","77.42","74.65","","-4.07%"
"2018-02-01","77.82","78.61","79.20","77.82","","-1.99%"
"2018-01-31","79.40","79.60","79.80","78.61","","0.00%"
"2018-01-30","79.40","80.19","80.19","78.81","","-1.72%"
"2018-01-29","80.79","81.38","81.58","80.79","","-1.68%"
"2018-01-26","82.17","80.79","82.17","80.59","","1.46%"
"2018-01-25","80.99","80.99","81.18","80.39","","0.25%"
"2018-01-24","80.79","81.38","81.58","80.00","","-0.25%"
"2018-01-23","80.99","80.00","80.99","79.60","","1.49%"
"2018-01-22","79.80","79.40","79.80","79.00","","1.77%"
"2018-01-19","78.41","78.21","78.61","78.01","","0.76%"
"2018-01-18","77.82","78.21","78.41","77.02","","-0.75%"
"2018-01-17","78.41","77.82","78.81","77.62","","1.54%"
"2018-01-16","77.22","78.41","79.40","77.22","","-0.52%"
"2018-01-12","77.62","77.22","77.62","77.02","","0.78%"
"2018-01-11","77.02","76.43","77.22","76.03","","0.25%"
"2018-01-10","76.83","77.42","77.42","76.03","","-1.02%"
"2018-01-09","77.62","78.41","78.61","77.62","","-1.51%"
"2018-01-08","78.81","77.82","78.81","77.82","","1.03%"
"2018-01-05","78.01","77.18","78.17","76.78","","1.60%"
"2018-01-04","76.78","76.58","77.77","76.38","","0.77%"
"2018-01-03","76.19","76.19","77.57","75.79","","-0.51%"
"2018-01-02","76.58","76.78","77.38","75.99","","-0.07%"
"2017-12-29","76.63","77.42","77.42","76.63","","-0.26%"
"2017-12-28","76.83","76.63","76.83","76.03","","0.52%"
"2017-12-27","76.43","76.23","77.22","76.03","","0.26%"
"2017-12-26","76.23","76.43","77.42","75.64","","-0.26%"
"2017-12-22","76.43","76.43","77.02","75.64","","0.53%"
"2017-12-21","76.03","76.43","76.43","75.44","","0.00%"
"2017-12-20","76.03","75.64","76.63","75.24","","1.32%"
"2017-12-19","75.04","78.41","78.41","75.04","","-2.57%"
"2017-12-18","77.02","77.82","78.61","77.02","","-0.26%"
"2017-12-15","77.22","76.43","77.62","75.84","","3.72%"
"2017-12-14","74.45","74.65","76.23","74.45","","-1.57%"
"2017-12-13","75.64","77.22","77.42","75.44","","-1.79%"
"2017-12-12","77.02","76.43","77.22","75.84","","1.04%"
"2017-12-11","76.23","74.25","76.23","74.25","","2.39%"
"2017-12-08","74.45","74.45","75.24","74.05","","-0.27%"
"2017-12-07","74.65","73.66","74.85","73.66","","1.34%"
"2017-12-06","73.66","74.25","75.04","72.67","","-0.79%"
"2017-12-05","74.25","75.84","75.84","73.86","","-2.85%"
"2017-12-04","76.43","76.83","78.21","76.43","","3.01%"
"2017-12-01","74.20","74.00","74.60","72.22","","3.31%"
"2017-11-30","71.82","73.41","74.80","71.82","","-0.55%"
"2017-11-29","72.22","70.63","73.21","70.63","","2.25%"
"2017-11-28","70.63","67.46","70.63","67.26","","5.32%"
"2017-11-27","67.06","68.25","68.65","67.06","","-1.45%"
"2017-11-24","68.05","68.84","68.84","67.65","","-0.58%"
"2017-11-22","68.45","69.04","69.44","68.05","","-0.85%"
"2017-11-21","69.04","68.45","69.44","68.45","","2.65%"
"2017-11-20","67.26","66.86","67.46","65.87","","1.20%"
"2017-11-17","66.46","67.06","67.46","66.46","","-2.05%"
"2017-11-16","67.85","65.87","68.84","65.87","","3.64%"
"2017-11-15","65.47","65.14","66.73","64.95","","-3.04%"
"2017-11-14","67.52","67.52","68.31","67.32","","-0.30%"
"2017-11-13","67.72","67.72","68.51","67.12","","0.00%"
"2017-11-10","67.72","68.31","68.71","67.32","","-0.57%"
"2017-11-09","68.11","67.12","68.71","66.53","","0.58%"
"2017-11-08","67.72","67.32","68.51","67.32","","0.00%"
"2017-11-07","67.72","68.58","69.78","67.52","","-0.40%"
"2017-11-06","67.99","67.79","68.98","67.79","","0.89%"
"2017-11-03","67.39","67.39","67.59","66.99","","-0.30%"
"2017-11-02","67.59","68.25","68.25","66.26","","-0.97%"
"2017-11-01","68.25","68.65","68.65","67.46","","1.17%"
"2017-10-31","67.46","68.91","69.10","67.12","","-1.53%"
"2017-10-30","68.51","69.10","69.70","67.92","","-1.42%"
"2017-10-27","69.50","68.91","69.90","68.91","","0.29%"
"2017-10-26","69.30","70.49","70.49","69.30","","-1.97%"
"2017-10-25","70.69","71.68","71.68","68.91","","-2.19%"
"2017-10-24","72.27","73.26","73.26","72.27","","-1.62%"
"2017-10-23","73.46","74.25","74.25","73.26","","0.00%"
"2017-10-20","73.46","72.67","73.66","72.67","","1.37%"
"2017-10-19","72.47","70.89","72.47","70.89","","0.56%"
"2017-10-18","72.07","71.88","72.07","71.68","","0.26%"
"2017-10-17","71.88","71.08","71.88","71.08","","0.56%"
"2017-10-16","71.48","71.68","72.27","71.48","","-0.28%"
"2017-10-13","71.68","71.48","72.87","71.28","","-0.54%"
"2017-10-12","72.07","71.68","72.67","71.28","","0.00%"
"2017-10-11","72.07","71.48","72.07","71.08","","1.66%"
"2017-10-10","70.89","70.69","71.68","70.69","","1.14%"
"2017-10-09","70.09","70.89","70.89","69.90","","-1.94%"
"2017-10-06","71.48","70.89","71.48","70.29","","-1.37%"
"2017-10-05","72.47","71.23","73.01","71.23","","1.74%"
"2017-10-04","71.23","70.03","71.42","70.03","","1.99%"
"2017-10-03","69.84","70.23","70.43","69.44","","-1.95%"
"2017-10-02","71.23","70.03","71.23","70.03","","1.71%"
"2017-09-29","70.03","69.44","70.03","68.84","","0.85%"
"2017-09-28","69.44","68.65","70.03","68.05","","0.29%"
"2017-09-27","69.24","69.84","70.03","68.45","","0.86%"
"2017-09-26","68.65","68.65","69.44","68.65","","-0.56%"
"2017-09-25","69.04","68.25","69.24","67.65","","2.95%"
"2017-09-22","67.06","66.86","67.46","66.66","","-0.30%"
"2017-09-21","67.26","68.45","68.45","67.06","","-0.87%"
"2017-09-20","67.85","67.26","67.85","66.46","","0.30%"
"2017-09-19","67.65","66.26","67.65","66.26","","2.10%"
"2017-09-18","66.26","66.07","67.26","66.07","","0.00%"
"2017-09-15","66.26","64.88","66.46","64.88","","2.44%"
"2017-09-14","64.68","64.95","65.54","64.68","","-1.31%"
"2017-09-13","65.54","65.74","66.33","64.75","","-1.19%"
"2017-09-12","66.33","65.54","66.93","65.14","","3.71%"
"2017-09-11","63.96","64.35","64.55","63.56","","2.88%"
"2017-09-08","62.17","60.19","62.17","60.19","","1.29%"
"2017-09-07","61.38","61.98","61.98","60.19","","-1.59%"
"2017-09-06","62.37","60.99","62.77","60.99","","3.95%"
"2017-09-05","60.00","62.77","62.97","59.00","","-6.07%"
"2017-09-01","63.88","63.96","64.55","63.56","","1.14%"
"2017-08-31","63.16","62.77","63.56","62.17","","1.90%"
"2017-08-30","61.98","60.79","62.37","60.39","","1.62%"
"2017-08-29","60.99","59.00","61.38","59.00","","-0.96%"
"2017-08-28","61.58","63.36","63.36","60.99","","-2.21%"
"2017-08-25","62.97","62.77","63.36","62.17","","2.59%"
"2017-08-24","61.38","62.57","63.16","61.38","","-0.65%"
"2017-08-23","61.78","61.98","62.97","61.78","","-1.58%"
"2017-08-22","62.77","60.59","63.16","60.59","","5.67%"
"2017-08-21","59.40","60.00","60.39","58.81","","-1.64%"
"2017-08-18","60.39","60.00","61.78","60.00","","-0.66%"
"2017-08-17","60.79","66.53","66.93","60.79","","-9.70%"
"2017-08-16","67.32","67.92","68.71","66.93","","0.30%"
"2017-08-15","67.12","67.92","68.31","67.12","","-0.89%"
"2017-08-14","67.72","67.32","68.91","67.32","","3.64%"
"2017-08-11","65.34","64.08","65.34","63.88","","2.29%"
"2017-08-10","63.88","68.05","68.05","63.88","","-6.68%"
"2017-08-09","68.45","68.25","68.84","67.65","","-1.43%"
"2017-08-08","69.44","70.03","70.83","69.24","","-0.29%"
"2017-08-07","69.64","69.04","70.03","69.04","","-0.56%"
"2017-08-04","70.03","69.44","70.43","69.44","","0.85%"
"2017-08-03","69.44","69.64","70.63","69.24","","-0.84%"
"2017-08-02","70.03","70.23","70.83","69.84","","-1.95%"
"2017-08-01","71.42","72.27","72.27","71.08","","-0.36%"
"2017-07-31","71.68","71.68","72.47","71.28","","0.84%"
"2017-07-28","71.08","71.68","71.88","70.29","","-2.71%"
"2017-07-27","73.06","71.88","73.06","71.28","","0.54%"
"2017-07-26","72.67","72.92","73.12","72.13","","-1.94%"
"2017-07-25","74.11","73.12","74.50","73.12","","2.46%"
"2017-07-24","72.33","73.32","73.32","72.33","","-1.87%"
"2017-07-21","73.71","73.51","73.71","72.52","","1.15%"
"2017-07-20","72.87","74.25","74.25","72.87","","-1.07%"
"2017-07-19","73.66","72.47","73.66","72.47","","2.48%"
"2017-07-18","71.88","72.07","72.07","71.08","","-1.09%"
"2017-07-17","72.67","71.68","73.46","71.68","","0.83%"
"2017-07-14","72.07","71.68","72.47","71.28","","2.24%"
"2017-07-13","70.49","70.29","71.08","70.09","","-0.56%"
"2017-07-12","70.89","70.49","71.08","70.49","","2.00%"
"2017-07-11","69.50","69.90","69.90","68.71","","-0.29%"
"2017-07-10","69.70","69.90","70.29","69.70","","-0.56%"
"2017-07-07","70.09","69.50","70.29","69.30","","1.14%"
"2017-07-06","69.30","70.49","70.69","69.30","","-2.24%"
"2017-07-05","70.89","73.06","73.06","70.89","","-2.97%"
"2017-07-03","73.06","72.67","73.46","72.67","","3.65%"
"2017-06-30","70.49","71.08","71.28","70.29","","0.09%"
"2017-06-29","70.43","72.61","72.61","69.64","","-2.75%"
"2017-06-28","72.42","71.03","73.41","71.03","","4.29%"
"2017-06-27","69.44","71.42","72.42","69.44","","-3.85%"
"2017-06-26","72.22","70.83","72.42","70.83","","3.13%"
"2017-06-23","70.03","70.43","71.03","70.03","","0.00%"
"2017-06-22","70.03","69.84","71.23","69.64","","-0.28%"
"2017-06-21","70.23","70.03","70.63","69.64","","0.00%"
"2017-06-20","70.23","71.62","71.62","70.03","","-2.49%"
"2017-06-19","72.02","71.82","72.42","71.42","","0.28%"
"2017-06-16","71.82","71.68","71.88","70.69","","-0.08%"
"2017-06-15","71.88","70.69","72.07","70.69","","0.84%"
"2017-06-14","71.28","72.67","72.67","70.69","","-2.44%"
"2017-06-13","73.06","71.88","73.66","71.48","","1.37%"
"2017-06-12","72.07","71.48","72.47","71.48","","3.10%"
"2017-06-09","69.90","69.50","70.29","69.30","","0.87%"
"2017-06-08","69.30","68.71","69.70","68.51","","-0.57%"
"2017-06-07","69.70","68.51","69.70","68.51","","1.15%"
"2017-06-06","68.91","69.10","69.50","68.51","","-1.42%"
"2017-06-05","69.90","70.69","70.69","69.70","","-1.40%"
"2017-06-02","70.89","70.69","71.48","70.09","","0.28%"
"2017-06-01","70.69","67.52","70.69","67.52","","4.08%"
"2017-05-31","67.92","68.51","68.51","66.93","","0.59%"
"2017-05-30","67.52","67.52","68.91","67.52","","-2.02%"
"2017-05-26","68.91","68.91","69.10","68.51","","0.00%"
"2017-05-25","68.91","68.51","69.90","68.51","","0.00%"
"2017-05-24","68.91","69.10","69.10","67.52","","0.00%"
"2017-05-23","68.91","68.51","69.10","67.72","","0.88%"
"2017-05-22","68.31","68.31","68.71","66.53","","2.06%"
"2017-05-19","66.93","64.55","68.11","64.35","","4.33%"
"2017-05-18","64.15","64.35","65.34","63.76","","0.30%"
"2017-05-17","63.96","67.32","67.52","63.96","","-5.55%"
"2017-05-16","67.72","69.70","69.70","67.32","","-2.56%"
"2017-05-15","69.50","69.90","70.49","69.50","","1.15%"
"2017-05-12","68.71","68.91","69.30","68.11","","-1.70%"
"2017-05-11","69.90","70.09","70.09","68.51","","-1.40%"
"2017-05-10","70.89","70.69","71.68","70.69","","-0.83%"
"2017-05-09","71.48","71.68","72.07","71.08","","0.28%"
"2017-05-08","71.28","71.68","72.07","70.69","","0.00%"
"2017-05-05","71.28","70.69","71.28","70.49","","0.83%"
"2017-05-04","70.69","71.08","71.48","69.50","","-0.55%"
"2017-05-03","71.08","71.28","71.88","69.90","","-1.37%"
"2017-05-02","72.07","72.07","72.67","71.48","","0.26%"
"2017-05-01","71.88","72.87","73.86","71.48","","-1.62%"
"2017-04-28","73.06","73.86","74.25","72.47","","-2.90%"
"2017-04-27","75.24","75.64","76.23","74.85","","-1.30%"
"2017-04-26","76.23","76.23","77.42","75.84","","0.00%"
"2017-04-25","76.23","75.64","76.83","75.24","","1.32%"
"2017-04-24","75.24","75.64","75.64","74.45","","2.98%"
"2017-04-21","73.06","73.66","74.05","72.27","","-1.34%"
"2017-04-20","74.05","73.46","74.65","72.47","","3.02%"
"2017-04-19","71.88","73.46","73.46","71.48","","-0.54%"
"2017-04-18","72.27","72.07","72.87","70.69","","-2.40%"
"2017-04-17","74.05","71.48","74.05","70.29","","5.94%"
"2017-04-13","69.90","73.66","74.85","69.90","","-5.86%"
"2017-04-12","74.25","76.03","76.43","73.66","","-3.60%"
"2017-04-11","77.02","74.85","77.02","74.05","","0.51%"
"2017-04-10","76.63","75.44","77.22","75.44","","1.85%"
"2017-04-07","75.24","74.35","75.24","73.95","","1.74%"
"2017-04-06","73.95","74.15","75.74","73.75","","0.27%"
"2017-04-05","73.75","75.94","76.93","73.55","","-1.60%"
"2017-04-04","74.95","74.55","75.14","73.95","","0.81%"
"2017-04-03","74.35","75.74","75.74","73.55","","-1.84%"
"2017-03-31","75.74","75.74","76.93","75.74","","-0.53%"
"2017-03-30","76.14","75.94","76.54","75.74","","1.06%"
"2017-03-29","75.34","74.75","75.94","74.75","","0.79%"
"2017-03-28","74.75","72.36","74.95","71.17","","3.88%"
"2017-03-27","71.96","70.97","72.76","70.77","","-1.10%"
"2017-03-24","72.76","73.95","74.75","71.76","","-0.80%"
"2017-03-23","73.35","73.35","74.95","72.96","","-0.27%"
"2017-03-22","73.55","72.96","73.75","71.37","","0.27%"
"2017-03-21","73.35","76.54","76.54","72.96","","-2.13%"
"2017-03-20","74.95","75.94","75.94","74.15","","-1.30%"
"2017-03-17","75.94","75.34","76.93","75.34","","1.86%"
"2017-03-16","74.55","75.74","76.14","74.35","","-2.09%"
"2017-03-15","76.14","73.16","77.13","73.16","","4.65%"
"2017-03-14","72.76","72.47","73.26","71.68","","-0.95%"
"2017-03-13","73.46","73.06","73.46","72.27","","0.00%"
"2017-03-10","73.46","74.35","74.75","72.27","","0.67%"
"2017-03-09","72.97","73.57","73.96","72.38","","-0.27%"
"2017-03-08","73.17","74.75","75.54","73.17","","-1.33%"
"2017-03-07","74.16","75.34","75.34","73.76","","-3.08%"
"2017-03-06","76.52","76.72","77.12","75.54","","-1.77%"
"2017-03-03","77.90","78.50","78.69","76.72","","-1.00%"
"2017-03-02","78.69","79.09","80.07","78.50","","-1.49%"
"2017-03-01","79.88","78.89","80.67","78.89","","3.58%"
"2017-02-28","77.12","77.75","78.34","76.96","","-2.29%"
"2017-02-27","78.93","77.36","79.52","77.36","","0.50%"
"2017-02-24","78.54","76.37","78.54","76.18","","2.84%"
"2017-02-23","76.37","77.55","77.95","76.37","","-0.77%"
"2017-02-22","76.96","77.16","77.36","76.18","","-1.02%"
"2017-02-21","77.75","76.18","78.34","76.18","","2.06%"
"2017-02-17","76.18","74.21","76.18","73.81","","0.78%"
"2017-02-16","75.59","75.98","75.98","74.01","","0.27%"
"2017-02-15","75.39","73.22","75.78","72.63","","2.14%"
"2017-02-14","73.81","73.81","74.01","72.63","","0.00%"
"2017-02-13","73.81","72.63","74.01","72.44","","1.35%"
"2017-02-10","72.83","71.85","73.03","71.85","","1.36%"
"2017-02-09","71.85","69.68","71.85","69.68","","4.30%"
"2017-02-08","68.89","66.92","69.29","66.92","","2.64%"
"2017-02-07","67.12","66.92","67.91","66.73","","0.30%"
"2017-02-06","66.92","68.70","68.70","66.33","","-2.32%"
"2017-02-03","68.51","67.92","68.91","67.52","","1.17%"
"2017-02-02","67.72","65.54","67.72","65.54","","4.91%"
"2017-02-01","64.55","65.94","65.94","62.97","","-2.11%"
"2017-01-31","65.94","64.35","65.94","63.76","","2.79%"
"2017-01-30","64.15","63.76","64.35","62.37","","-0.62%"
"2017-01-27","64.55","64.95","64.95","63.56","","-2.39%"
"2017-01-26","66.13","66.93","67.52","65.94","","-2.35%"
"2017-01-25","67.72","67.52","68.51","67.12","","2.10%"
"2017-01-24","66.33","64.75","66.93","64.35","","3.08%"
"2017-01-23","64.35","66.13","66.13","62.97","","-2.99%"
"2017-01-20","66.33","65.74","66.53","64.35","","2.44%"
"2017-01-19","64.75","65.34","66.13","63.96","","-4.10%"
"2017-01-18","67.52","66.93","67.92","66.93","","-0.59%"
"2017-01-17","67.92","66.86","68.31","66.53","","2.51%"
"2017-01-13","66.26","66.79","67.39","66.26","","0.09%"
"2017-01-12","66.20","64.62","66.20","63.63","","0.90%"
"2017-01-11","65.61","65.41","65.61","64.03","","-0.30%"
"2017-01-10","65.81","65.41","66.79","65.21","","1.84%"
"2017-01-09","64.62","65.41","66.20","64.62","","-3.25%"
"2017-01-06","66.79","65.28","67.45","64.69","","2.93%"
"2017-01-05","64.89","64.29","65.08","63.51","","-1.79%"
"2017-01-04","66.07","63.70","66.46","63.70","","6.68%"
"2017-01-03","61.93","61.14","63.31","60.15","","2.62%"
"2016-12-30","60.35","61.14","61.73","59.96","","-2.55%"
"2016-12-29","61.93","61.53","62.32","61.14","","0.96%"
"2016-12-28","61.34","63.11","63.11","61.34","","-4.31%"
"2016-12-27","64.10","65.08","65.08","63.70","","0.63%"
"2016-12-23","63.70","63.70","63.70","62.72","","1.26%"
"2016-12-22","62.91","63.90","64.10","62.13","","-3.33%"
"2016-12-21","65.08","66.27","67.06","65.08","","-1.50%"
"2016-12-20","66.07","66.86","66.86","65.28","","1.52%"
"2016-12-19","65.08","65.87","66.27","64.49","","0.29%"
"2016-12-16","64.89","66.86","66.86","63.31","","-1.49%"
"2016-12-15","65.87","65.08","67.85","65.08","","0.00%"
"2016-12-14","65.87","69.23","69.62","65.87","","-5.40%"
"2016-12-13","69.63","69.63","69.63","69.63","","3.23%"
"2016-12-12","67.45","67.65","68.04","67.06","","-0.78%"
"2016-12-09","67.98","67.78","68.18","67.39","","0.59%"
"2016-12-08","67.58","66.99","68.37","66.60","","0.88%"
"2016-12-07","66.99","63.11","66.99","62.52","","7.82%"
"2016-12-06","62.13","61.34","62.13","59.96","","1.95%"
"2016-12-05","60.94","60.15","61.53","60.15","","2.99%"
"2016-12-02","59.17","60.55","60.94","58.57","","-2.28%"
"2016-12-01","60.55","61.73","62.52","60.15","","-1.59%"
"2016-11-30","61.53","65.08","65.28","61.34","","-4.59%"
"2016-11-29","64.49","64.49","65.68","63.31","","-0.91%"
"2016-11-28","65.08","66.46","66.46","64.89","","-2.95%"
"2016-11-25","67.06","66.27","67.25","66.07","","5.27%"
"2016-11-23","63.70","63.90","64.29","63.31","","-2.42%"
"2016-11-22","65.28","64.49","65.68","63.31","","3.44%"
"2016-11-21","63.11","63.11","64.49","62.52","","1.91%"
"2016-11-18","61.93","63.11","63.51","61.93","","-2.78%"
"2016-11-17","63.70","62.13","63.90","61.73","","3.85%"
"2016-11-16","61.34","62.32","62.72","60.74","","-3.42%"
"2016-11-15","63.51","60.94","63.70","60.55","","4.89%"
"2016-11-14","60.55","59.56","61.14","57.79","","3.03%"
"2016-11-11","58.77","59.76","59.76","56.80","","-2.94%"
"2016-11-10","60.55","62.13","62.72","58.18","","0.33%"
"2016-11-09","60.35","54.24","61.53","53.25","","3.37%"
"2016-11-08","58.38","57.59","59.76","56.80","","2.78%"
"2016-11-07","56.80","54.83","57.00","54.43","","13.83%"
"2016-11-04","49.90","51.67","52.66","49.70","","-1.93%"
"2016-11-03","50.88","52.26","52.46","50.29","","-1.15%"
"2016-11-02","51.47","53.05","53.25","50.88","","-4.05%"
"2016-11-01","53.64","57.19","57.98","52.85","","-8.73%"
"2016-10-31","58.77","57.00","59.76","56.41","","2.40%"
"2016-10-28","57.39","57.19","59.76","56.21","","1.74%"
"2016-10-27","56.41","57.59","57.98","54.63","","-4.97%"
"2016-10-26","59.36","57.19","60.35","57.19","","-0.34%"
"2016-10-25","59.56","60.94","60.94","58.97","","-5.04%"
"2016-10-24","62.72","64.29","64.29","61.14","","2.25%"
"2016-10-21","61.34","59.17","62.13","59.17","","-0.95%"
"2016-10-20","61.93","61.34","62.32","59.96","","-0.63%"
"2016-10-19","62.32","60.74","63.31","60.35","","0.96%"
"2016-10-18","61.73","62.13","62.91","60.35","","3.99%"
"2016-10-17","59.36","60.15","61.14","58.97","","-1.64%"
"2016-10-14","60.35","64.10","65.08","60.35","","-1.92%"
"2016-10-13","61.53","58.38","62.52","57.98","","0.31%"
"2016-10-12","61.34","59.36","61.73","59.36","","1.30%"
"2016-10-11","60.55","64.29","64.29","58.97","","-8.35%"
"2016-10-10","66.07","68.44","68.44","65.87","","2.77%"
"2016-10-07","64.29","66.86","66.86","63.11","","-2.99%"
"2016-10-06","66.27","64.69","66.86","64.29","","0.90%"
"2016-10-05","65.68","67.85","68.04","65.68","","-0.29%"
"2016-10-04","65.87","69.06","70.05","65.28","","-6.23%"
"2016-10-03","70.25","71.05","71.05","68.66","","-3.30%"
"2016-09-30","72.65","72.25","73.85","70.65","","2.25%"
"2016-09-29","71.05","72.85","74.25","70.25","","-2.20%"
"2016-09-28","72.65","71.85","72.65","69.66","","1.68%"
"2016-09-27","71.45","68.66","72.05","68.66","","3.16%"
"2016-09-26","69.26","71.91","71.91","69.26","","-4.73%"
"2016-09-23","72.70","73.70","74.10","72.70","","-2.94%"
"2016-09-22","74.90","74.50","74.90","73.10","","4.45%"
"2016-09-21","71.71","68.92","71.71","67.72","","6.21%"
"2016-09-20","67.52","68.92","69.92","67.52","","-1.46%"
"2016-09-19","68.52","70.11","71.51","67.52","","0.88%"
"2016-09-16","67.92","65.33","68.52","65.33","","-2.58%"
"2016-09-15","69.72","66.13","70.91","66.13","","4.17%"
"2016-09-14","66.93","67.92","69.32","65.33","","-1.46%"
"2016-09-13","67.92","71.31","71.31","65.53","","-8.83%"
"2016-09-12","74.50","67.92","74.90","67.92","","10.65%"
"2016-09-09","67.33","76.29","76.29","67.33","","-13.32%"
"2016-09-08","77.68","77.93","78.33","77.33","","-1.07%"
"2016-09-07","78.52","78.72","78.72","77.53","","0.50%"
"2016-09-06","78.13","77.77","78.37","76.98","","0.97%"
"2016-09-02","77.38","77.57","78.17","76.78","","0.52%"
"2016-09-01","76.98","77.38","77.77","75.39","","0.52%"
"2016-08-31","76.58","77.18","77.57","75.39","","-1.53%"
"2016-08-30","77.77","78.76","79.16","77.57","","-1.26%"
"2016-08-29","78.76","78.37","78.96","78.37","","2.05%"
"2016-08-26","77.18","79.36","79.96","75.99","","-1.01%"
"2016-08-25","77.97","78.57","79.16","77.57","","-1.25%"
"2016-08-24","78.96","79.76","80.35","78.76","","-0.75%"
"2016-08-23","79.56","80.15","80.75","79.36","","0.25%"
"2016-08-22","79.36","79.16","79.76","78.57","","-0.75%"
"2016-08-19","79.96","77.97","80.15","77.97","","1.52%"
"2016-08-18","78.76","77.77","78.76","77.57","","2.05%"
"2016-08-17","77.18","76.98","77.57","75.39","","-0.26%"
"2016-08-16","77.38","77.77","77.77","77.18","","-1.75%"
"2016-08-15","78.76","78.57","79.36","78.57","","1.78%"
"2016-08-12","77.38","76.98","77.97","76.78","","-1.01%"
"2016-08-11","78.17","76.38","78.17","75.79","","4.51%"
"2016-08-10","74.80","75.79","76.78","74.80","","-1.31%"
"2016-08-09","75.79","75.99","77.38","75.39","","-1.80%"
"2016-08-08","77.18","77.18","77.18","77.18","","0.78%"
"2016-08-05","76.58","75.19","76.98","75.19","","4.89%"
"2016-08-04","73.01","73.80","74.20","72.81","","-0.27%"
"2016-08-03","73.21","71.03","73.21","71.03","","3.65%"
"2016-08-02","70.63","73.80","73.80","69.44","","-4.05%"
"2016-08-01","73.61","74.80","75.00","73.41","","-2.10%"
"2016-07-29","75.19","75.00","75.19","74.00","","0.25%"
"2016-07-28","75.00","73.61","76.38","73.61","","-0.78%"
"2016-07-27","75.59","76.98","77.18","74.40","","-2.31%"
"2016-07-26","77.38","76.98","78.37","75.99","","0.26%"
"2016-07-25","77.18","77.57","77.57","76.38","","0.00%"
"2016-07-22","77.18","76.38","77.18","76.19","","1.30%"
"2016-07-21","76.19","76.38","76.98","75.39","","0.26%"
"2016-07-20","75.99","74.80","76.38","74.80","","1.32%"
"2016-07-19","75.00","75.00","75.59","74.20","","-1.04%"
"2016-07-18","75.79","75.00","75.79","75.00","","0.80%"
"2016-07-15","75.19","75.19","75.59","74.60","","0.00%"
"2016-07-14","75.19","74.80","75.59","74.60","","3.55%"
"2016-07-13","72.61","72.61","73.01","71.82","","0.26%"
"2016-07-12","72.42","72.61","73.01","71.82","","2.83%"
"2016-07-11","70.43","70.63","70.63","70.03","","2.01%"
"2016-07-08","69.04","68.05","69.64","67.65","","6.74%"
"2016-07-07","64.68","64.88","65.47","63.69","","1.25%"
"2016-07-06","63.88","61.11","63.88","60.71","","0.30%"
"2016-07-05","63.69","63.74","63.74","61.75","","-3.98%"
"2016-07-01","66.33","67.52","68.51","65.54","","-1.76%"
"2016-06-30","67.52","62.37","67.52","61.58","","7.91%"
"2016-06-29","62.57","58.81","62.57","58.81","","10.10%"
"2016-06-28","56.83","54.85","56.83","53.06","","11.26%"
"2016-06-27","51.08","53.66","53.66","49.30","","-13.42%"
"2016-06-24","59.00","64.15","64.95","58.61","","-19.03%"
"2016-06-23","72.87","71.28","72.87","70.89","","6.36%"
"2016-06-22","68.51","69.16","70.35","68.51","","-0.67%"
"2016-06-21","68.97","68.97","69.76","68.77","","0.00%"
"2016-06-20","68.97","70.55","71.14","68.97","","2.34%"
"2016-06-17","67.39","66.99","67.58","66.20","","-0.58%"
"2016-06-16","67.78","64.62","67.78","62.84","","2.08%"
"2016-06-15","66.40","66.60","68.37","66.40","","-0.58%"
"2016-06-14","66.79","67.98","67.98","65.61","","-2.31%"
"2016-06-13","68.37","69.16","70.15","68.37","","-2.27%"
"2016-06-10","69.96","70.55","71.54","69.36","","-3.80%"
"2016-06-09","72.72","72.13","73.12","71.73","","-3.16%"
"2016-06-08","75.09","74.30","75.09","74.11","","2.15%"
"2016-06-07","73.51","73.51","74.30","73.32","","0.26%"
"2016-06-06","73.32","72.52","74.11","72.33","","3.35%"
"2016-06-03","70.94","69.80","71.73","68.80","","-2.55%"
"2016-06-02","72.80","71.80","72.80","71.40","","1.39%"
"2016-06-01","71.80","70.19","72.40","69.59","","-0.83%"
"2016-05-31","72.40","72.59","73.00","70.80","","0.29%"
"2016-05-27","72.19","71.59","72.40","71.40","","1.68%"
"2016-05-26","71.00","72.00","72.19","70.40","","-0.27%"
"2016-05-25","71.19","70.59","72.00","70.40","","3.79%"
"2016-05-24","68.59","65.19","68.59","65.19","","8.19%"
"2016-05-23","63.40","64.00","64.40","63.20","","-0.61%"
"2016-05-20","63.79","64.59","65.80","63.20","","5.28%"
"2016-05-19","60.59","60.27","61.07","57.48","","-1.11%"
"2016-05-18","61.27","61.27","63.87","58.68","","-0.65%"
"2016-05-17","61.67","62.27","64.67","60.87","","-2.22%"
"2016-05-16","63.07","62.54","64.14","62.15","","1.81%"
"2016-05-13","61.95","64.74","64.74","61.55","","-3.71%"
"2016-05-12","64.34","65.13","65.13","63.34","","0.31%"
"2016-05-11","64.14","65.93","66.13","64.14","","-4.74%"
"2016-05-10","67.33","64.34","67.72","64.34","","5.63%"
"2016-05-09","63.74","64.74","64.94","63.14","","0.31%"
"2016-05-06","63.54","62.35","63.94","61.55","","3.23%"
"2016-05-05","61.55","61.55","63.74","61.55","","0.00%"
"2016-05-04","61.55","62.74","64.34","60.95","","-3.74%"
"2016-05-03","63.94","65.40","65.40","63.22","","-7.57%"
"2016-05-02","69.18","67.59","69.58","66.79","","3.27%"
"2016-04-29","66.99","67.79","68.19","65.00","","-3.17%"
"2016-04-28","69.18","71.03","73.21","69.04","","-7.99%"
"2016-04-27","75.19","74.20","75.59","71.03","","2.99%"
"2016-04-26","73.01","70.83","73.21","70.43","","4.54%"
"2016-04-25","69.84","70.23","70.63","69.04","","-2.21%"
"2016-04-22","71.42","71.42","71.42","69.64","","3.45%"
"2016-04-21","69.04","70.83","71.82","69.04","","-1.41%"
"2016-04-20","70.03","68.84","70.63","68.05","","2.61%"
"2016-04-19","68.25","67.65","68.25","66.46","","3.30%"
"2016-04-18","66.07","64.48","66.46","64.48","","2.47%"
"2016-04-15","64.48","64.88","64.88","64.08","","-0.62%"
"2016-04-14","64.88","65.27","65.47","64.48","","-0.29%"
"2016-04-13","65.07","63.69","65.27","63.09","","5.80%"
"2016-04-12","61.50","59.32","61.70","58.73","","6.53%"
"2016-04-11","57.73","60.51","60.91","57.53","","-1.03%"
"2016-04-08","58.33","59.12","59.92","57.34","","3.53%"
"2016-04-07","56.34","58.53","58.53","54.96","","-6.27%"
"2016-04-06","60.11","56.66","60.23","56.46","","6.46%"
"2016-04-05","56.46","56.54","58.13","56.15","","-6.07%"
"2016-04-04","60.11","61.11","61.90","59.72","","-0.66%"
"2016-04-01","60.51","56.74","60.71","56.74","","2.35%"
"2016-03-31","59.12","58.53","59.72","57.93","","1.70%"
"2016-03-30","58.13","59.72","59.92","57.14","","2.09%"
"2016-03-29","56.94","54.56","56.94","54.56","","2.87%"
"2016-03-28","55.35","54.36","55.55","54.36","","2.03%"
"2016-03-24","54.25","53.06","54.65","52.67","","-0.37%"
"2016-03-23","54.45","55.44","55.84","54.25","","-3.85%"
"2016-03-22","56.63","56.03","58.01","55.44","","-1.38%"
"2016-03-21","57.42","58.61","58.61","55.84","","-0.40%"
"2016-03-18","57.65","58.44","58.84","56.26","","1.75%"
"2016-03-17","56.66","53.87","57.05","53.08","","5.18%"
"2016-03-16","53.87","51.09","54.47","50.69","","5.86%"
"2016-03-15","50.89","49.10","50.89","48.90","","-1.91%"
"2016-03-14","51.88","53.08","53.08","50.69","","0.00%"
"2016-03-11","51.88","49.10","52.08","48.70","","17.03%"
"2016-03-10","44.33","45.72","47.51","39.76","","-1.34%"
"2016-03-09","44.93","43.93","45.32","42.94","","7.64%"
"2016-03-08","41.74","43.73","44.73","41.74","","-9.50%"
"2016-03-07","46.12","43.84","47.02","43.65","","3.78%"
"2016-03-04","44.44","42.85","47.22","42.85","","0.91%"
"2016-03-03","44.04","40.47","44.04","40.07","","5.21%"
"2016-03-02","41.86","40.07","41.86","38.69","","3.43%"
"2016-03-01","40.47","35.71","40.47","35.71","","17.24%"
"2016-02-29","34.52","35.71","36.90","34.52","","-4.06%"
"2016-02-26","35.98","35.98","37.37","35.78","","1.12%"
"2016-02-25","35.58","33.00","35.58","32.80","","6.56%"
"2016-02-24","33.39","30.21","33.39","29.22","","3.06%"
"2016-02-23","32.40","32.93","32.93","31.34","","-3.37%"
"2016-02-22","33.53","33.73","33.73","32.14","","11.92%"
"2016-02-19","29.96","27.97","29.96","27.97","","2.04%"
"2016-02-18","29.36","29.96","30.55","28.96","","-2.62%"
"2016-02-17","30.15","27.57","30.35","27.38","","13.43%"
"2016-02-16","26.58","25.79","26.78","24.40","","11.68%"
"2016-02-12","23.80","20.23","23.80","20.03","","25.00%"
"2016-02-11","19.04","19.44","19.84","18.45","","-12.74%"
"2016-02-10","21.82","23.01","23.80","21.82","","0.93%"
"2016-02-09","21.62","21.23","23.01","20.23","","0.93%"
"2016-02-08","21.42","21.42","21.62","18.65","","-12.21%"
"2016-02-05","24.40","27.57","27.57","23.01","","-12.14%"
"2016-02-04","27.77","27.18","29.16","27.18","","0.73%"
"2016-02-03","27.57","27.72","27.72","25.34","","3.92%"
"2016-02-02","26.53","27.07","27.66","26.48","","-10.49%"
"2016-02-01","29.64","26.64","30.21","26.44","","2.14%"
"2016-01-29","29.02","24.05","29.02","24.05","","25.85%"
"2016-01-28","23.06","23.65","24.05","22.26","","2.67%"
"2016-01-27","22.46","23.26","25.44","21.47","","-1.75%"
"2016-01-26","22.86","22.66","23.85","20.87","","13.90%"
"2016-01-25","20.07","21.27","22.86","20.07","","-14.41%"
"2016-01-22","23.45","21.27","23.45","21.07","","31.08%"
"2016-01-21","17.89","18.29","20.47","17.49","","-3.19%"
"2016-01-20","18.48","19.08","20.07","13.71","","-12.29%"
"2016-01-19","21.07","21.66","22.26","20.07","","2.93%"
"2016-01-15","20.47","19.64","21.03","17.26","","-11.04%"
"2016-01-14","23.01","22.02","24.20","20.23","","6.43%"
"2016-01-13","21.62","26.58","26.58","21.42","","-17.45%"
"2016-01-12","26.19","25.59","26.58","23.01","","8.22%"
"2016-01-11","24.20","24.60","24.80","23.01","","5.17%"
"2016-01-08","23.01","28.76","28.76","23.01","","-17.73%"
"2016-01-07","27.97","30.15","32.14","26.58","","-22.11%"
"2016-01-06","35.91","34.32","36.30","33.73","","-7.64%"
"2016-01-05","38.88","39.08","39.48","37.50","","2.61%"
"2016-01-04","37.89","37.89","37.89","34.32","","-11.99%"
"2015-12-31","43.05","44.24","45.83","43.05","","-4.40%"
"2015-12-30","45.03","46.73","48.11","44.95","","-6.79%"
"2015-12-29","48.31","47.52","48.51","46.73","","9.42%"
"2015-12-28","44.15","43.96","44.15","43.16","","-1.34%"
"2015-12-24","44.75","45.14","46.73","44.55","","-0.86%"
"2015-12-23","45.14","42.97","45.34","42.97","","7.53%"
"2015-12-22","41.98","40.59","41.98","39.80","","4.95%"
"2015-12-21","40.00","38.61","40.00","37.22","","7.47%"
"2015-12-18","37.22","39.80","40.19","37.22","","-14.16%"
"2015-12-17","43.36","46.13","46.33","43.36","","-7.98%"
"2015-12-16","47.12","46.53","47.72","43.36","","11.21%"
"2015-12-15","42.37","40.51","44.07","40.51","","14.67%"
"2015-12-14","36.95","35.96","36.95","33.00","","5.06%"
"2015-12-11","35.17","38.14","38.33","34.78","","-14.84%"
"2015-12-10","41.30","42.29","45.05","40.71","","-0.48%"
"2015-12-09","41.50","46.24","47.23","39.32","","-8.69%"
"2015-12-08","45.45","45.45","47.23","43.08","","-6.50%"
"2015-12-07","48.61","49.01","49.01","47.43","","-3.91%"
"2015-12-04","50.59","44.26","50.59","44.26","","20.19%"
"2015-12-03","42.09","46.71","46.71","40.35","","-11.78%"
"2015-12-02","47.71","52.88","52.88","46.91","","-9.43%"
"2015-12-01","52.68","52.88","52.88","51.29","","4.75%"
"2015-11-30","50.29","49.90","51.49","49.50","","-2.33%"
"2015-11-27","51.49","49.90","51.49","49.30","","1.58%"
"2015-11-25","50.69","49.30","50.89","49.30","","2.82%"
"2015-11-24","49.30","48.31","49.90","46.52","","-0.40%"
"2015-11-23","49.50","50.09","51.88","49.10","","-1.57%"
"2015-11-20","50.29","50.19","50.99","48.80","","4.31%"
"2015-11-19","48.21","48.01","48.80","47.42","","1.67%"
"2015-11-18","47.42","42.65","47.42","42.46","","19.51%"
"2015-11-17","39.68","41.66","45.23","39.48","","-6.55%"
"2015-11-16","42.46","37.50","42.46","37.30","","18.90%"
"2015-11-13","35.71","39.48","39.48","35.31","","-10.01%"
"2015-11-12","39.68","43.45","45.43","39.48","","-15.61%"
"2015-11-11","47.02","48.21","48.80","46.62","","-0.42%"
"2015-11-10","47.22","46.03","47.22","45.03","","2.59%"
"2015-11-09","46.03","47.61","47.61","44.64","","-6.06%"
"2015-11-06","49.00","51.19","51.19","47.42","","-3.52%"
"2015-11-05","50.79","50.79","51.19","48.01","","0.00%"
"2015-11-04","50.79","52.18","52.97","50.19","","-3.39%"
"2015-11-03","52.57","52.67","54.25","51.48","","-1.30%"
"2015-11-02","53.26","49.50","53.46","49.50","","12.08%"
"2015-10-30","47.52","48.51","50.09","47.12","","-1.64%"
"2015-10-29","48.31","48.31","48.71","46.73","","-0.41%"
"2015-10-28","48.51","44.95","48.51","44.75","","9.38%"
"2015-10-27","44.35","43.76","44.55","42.17","","-0.89%"
"2015-10-26","44.75","44.55","44.95","43.56","","-1.73%"
"2015-10-23","45.54","44.35","45.74","43.56","","4.07%"
"2015-10-22","43.76","42.17","44.15","41.98","","15.13%"
"2015-10-21","38.01","41.38","41.38","37.42","","-5.89%"
"2015-10-20","40.39","40.59","41.78","40.39","","-0.49%"
"2015-10-19","40.59","39.60","40.59","38.61","","0.00%"
"2015-10-16","40.59","40.00","40.59","39.00","","4.08%"
"2015-10-15","39.00","36.23","39.00","35.24","","11.30%"
"2015-10-14","35.04","36.63","37.22","34.65","","-2.75%"
"2015-10-13","36.03","37.42","38.41","35.84","","-5.71%"
"2015-10-12","38.21","36.83","38.21","36.83","","4.31%"
"2015-10-09","36.63","38.21","38.41","35.64","","-3.63%"
"2015-10-08","38.01","33.46","39.00","33.46","","9.70%"
"2015-10-07","34.65","33.46","34.65","31.28","","8.69%"
"2015-10-06","31.88","34.05","34.25","31.48","","-8.52%"
"2015-10-05","34.85","32.40","34.85","32.00","","18.58%"
"2015-10-02","29.39","23.00","29.39","22.39","","13.04%"
"2015-10-01","26.00","24.20","26.00","22.60","","5.69%"
"2015-09-30","24.60","23.60","25.00","23.00","","19.42%"
"2015-09-29","20.60","19.79","21.00","19.20","","6.24%"
"2015-09-28","19.39","25.20","25.20","19.20","","-28.19%"
"2015-09-25","27.00","26.60","29.00","25.39","","2.31%"
"2015-09-24","26.39","24.79","26.39","23.00","","-0.79%"
"2015-09-23","26.60","25.39","26.79","25.39","","3.14%"
"2015-09-22","25.79","26.39","26.39","24.60","","-9.83%"
"2015-09-21","28.60","30.00","30.60","27.60","","0.74%"
"2015-09-18","28.39","28.79","30.79","28.00","","-10.70%"
"2015-09-17","31.79","33.00","36.59","31.79","","-3.05%"
"2015-09-16","32.79","30.79","33.59","30.60","","5.10%"
"2015-09-15","31.20","28.00","31.60","28.00","","12.27%"
"2015-09-14","27.79","28.39","29.00","27.20","","-3.47%"
"2015-09-11","28.79","27.00","29.00","26.39","","4.31%"
"2015-09-10","27.60","26.60","28.39","26.00","","3.76%"
"2015-09-09","26.60","30.60","31.00","26.39","","-10.14%"
"2015-09-08","29.60","28.00","29.79","26.39","","23.33%"
"2015-09-04","24.00","25.54","25.54","23.35","","-12.22%"
"2015-09-03","27.34","27.74","29.14","26.54","","4.59%"
"2015-09-02","26.14","23.15","26.14","21.95","","20.18%"
"2015-09-01","21.75","23.90","23.90","21.51","","-25.72%"
"2015-08-31","29.28","30.47","31.27","28.68","","-8.70%"
"2015-08-28","32.07","32.07","32.47","30.27","","-0.62%"
"2015-08-27","32.27","30.27","33.06","27.09","","24.64%"
"2015-08-26","25.89","21.31","26.09","17.92","","51.14%"
"2015-08-25","17.13","24.30","25.49","17.13","","-14.01%"
"2015-08-24","19.92","17.52","29.08","17.52","","-41.51%"
"2015-08-21","34.06","42.03","42.82","34.06","","-26.29%"
"2015-08-20","46.21","51.19","51.19","46.21","","-13.76%"
"2015-08-19","53.58","53.18","55.17","52.19","","-2.55%"
"2015-08-18","54.98","55.17","55.77","54.18","","-1.06%"
"2015-08-17","55.57","52.19","55.77","52.19","","2.19%"
"2015-08-14","54.38","53.18","54.38","52.98","","3.03%"
"2015-08-13","52.78","52.78","53.58","52.39","","-0.38%"
"2015-08-12","52.98","50.00","53.38","48.80","","1.13%"
"2015-08-11","52.39","52.58","54.38","52.19","","-3.30%"
"2015-08-10","54.18","53.78","55.17","53.78","","5.02%"
"2015-08-07","51.59","48.89","51.59","48.49","","3.41%"
"2015-08-06","49.89","51.50","51.50","48.28","","-2.75%"
"2015-08-05","51.30","53.11","53.11","51.10","","1.99%"
"2015-08-04","50.30","51.10","51.91","50.10","","-2.73%"
"2015-08-03","51.71","50.50","52.51","49.89","","-1.90%"
"2015-07-31","52.71","52.51","53.72","51.91","","2.75%"
"2015-07-30","51.30","50.50","51.91","50.50","","-1.93%"
"2015-07-29","52.31","50.30","52.91","50.30","","7.00%"
"2015-07-28","48.89","46.58","49.59","46.18","","7.73%"
"2015-07-27","45.38","45.78","46.98","44.57","","-6.22%"
"2015-07-24","48.39","49.79","50.00","47.38","","-4.37%"
"2015-07-23","50.60","52.00","52.81","50.00","","-1.94%"
"2015-07-22","51.60","51.80","53.01","51.00","","1.18%"
"2015-07-21","51.00","53.37","53.37","51.00","","-5.49%"
"2015-07-20","53.96","53.37","54.36","53.17","","-0.37%"
"2015-07-17","54.16","54.76","54.76","53.17","","-3.54%"
"2015-07-16","56.15","55.75","56.34","54.96","","4.45%"
"2015-07-15","53.76","53.53","54.54","52.12","","-1.07%"
"2015-07-14","54.34","53.93","54.94","53.53","","0.76%"
"2015-07-13","53.93","51.71","53.93","51.71","","8.97%"
"2015-07-10","49.49","49.69","50.10","48.28","","7.45%"
"2015-07-09","46.06","49.89","49.89","45.45","","3.18%"
"2015-07-08","44.64","49.59","49.59","44.15","","-14.83%"
"2015-07-07","52.41","48.99","53.42","45.56","","6.11%"
"2015-07-06","49.39","48.69","50.70","47.48","","-2.00%"
"2015-07-02","50.40","51.60","51.60","49.39","","0.00%"
"2015-07-01","50.40","50.30","50.50","49.29","","3.51%"
"2015-06-30","48.69","49.29","50.50","47.49","","2.53%"
"2015-06-29","47.49","52.00","53.20","47.40","","-13.01%"
"2015-06-26","54.59","55.00","55.59","53.59","","-0.75%"
"2015-06-25","55.00","56.00","56.79","54.59","","-3.15%"
"2015-06-24","56.79","59.00","59.00","56.79","","-3.75%"
"2015-06-23","59.00","58.79","59.00","58.00","","-0.34%"
"2015-06-22","59.20","59.40","60.59","59.00","","1.37%"
"2015-06-19","58.40","59.00","60.20","58.20","","-3.31%"
"2015-06-18","60.40","58.40","61.59","58.40","","6.73%"
"2015-06-17","56.59","56.40","58.00","53.59","","1.80%"
"2015-06-16","55.59","53.79","56.00","53.20","","4.10%"
"2015-06-15","53.40","52.58","54.38","51.79","","-4.93%"
"2015-06-12","56.17","56.77","57.17","55.77","","-2.75%"
"2015-06-11","57.76","59.16","59.16","57.56","","-0.35%"
"2015-06-10","57.96","55.57","58.56","55.57","","8.58%"
"2015-06-09","53.38","53.18","54.98","52.78","","-1.48%"
"2015-06-08","54.18","55.77","55.77","54.18","","-3.54%"
"2015-06-05","56.17","53.98","56.97","53.98","","-1.06%"
"2015-06-04","56.77","59.36","59.76","56.57","","-6.86%"
"2015-06-03","60.95","59.76","61.55","59.16","","1.33%"
"2015-06-02","60.15","58.16","62.15","57.96","","-0.66%"
"2015-06-01","60.55","58.31","62.54","57.51","","3.13%"
"2015-05-29","58.71","62.92","62.92","58.51","","-8.44%"
"2015-05-28","64.12","62.72","64.12","62.72","","0.00%"
"2015-05-27","64.12","63.12","64.92","63.12","","2.56%"
"2015-05-26","62.52","63.12","63.12","61.92","","-6.31%"
"2015-05-22","66.73","67.13","67.73","66.13","","-2.63%"
"2015-05-21","68.53","67.53","69.33","67.53","","1.78%"
"2015-05-20","67.33","67.53","69.33","67.13","","-0.88%"
"2015-05-19","67.93","67.53","69.13","67.53","","-1.74%"
"2015-05-18","69.13","66.93","69.13","66.73","","2.67%"
"2015-05-15","67.33","66.13","68.13","66.13","","0.90%"
"2015-05-14","66.73","66.53","66.93","65.53","","2.46%"
"2015-05-13","65.13","65.73","66.33","64.52","","0.63%"
"2015-05-12","64.72","62.92","66.13","62.32","","-2.13%"
"2015-05-11","66.13","67.13","68.13","66.13","","-1.20%"
"2015-05-08","66.93","66.93","67.73","66.13","","5.37%"
"2015-05-07","63.52","61.92","63.52","60.92","","3.93%"
"2015-05-06","61.12","61.92","63.72","58.71","","-3.17%"
"2015-05-05","63.12","69.53","69.53","62.52","","-8.96%"
"2015-05-04","69.33","69.13","70.74","69.13","","2.36%"
"2015-05-01","67.73","66.13","68.13","64.52","","7.30%"
"2015-04-30","63.12","65.53","66.33","61.32","","-8.69%"
"2015-04-29","69.13","69.93","71.14","67.33","","-1.72%"
"2015-04-28","70.34","68.13","70.34","66.33","","3.55%"
"2015-04-27","67.93","68.93","70.74","67.93","","-1.45%"
"2015-04-24","68.93","68.73","70.34","68.13","","-0.58%"
"2015-04-23","69.33","67.73","71.54","67.13","","1.17%"
"2015-04-22","68.53","66.13","69.13","64.52","","2.70%"
"2015-04-21","66.73","69.33","69.33","66.13","","-4.03%"
"2015-04-20","69.53","69.53","69.93","69.13","","5.78%"
"2015-04-17","65.73","66.13","66.53","64.12","","-5.19%"
"2015-04-16","69.33","68.93","70.74","67.73","","-1.72%"
"2015-04-15","70.54","69.33","71.14","69.13","","4.46%"
"2015-04-14","67.53","65.93","67.53","64.92","","3.68%"
"2015-04-13","65.13","66.53","67.73","65.13","","-2.40%"
"2015-04-10","66.73","66.53","67.53","66.13","","0.60%"
"2015-04-09","66.33","65.13","66.53","64.12","","1.84%"
"2015-04-08","65.13","65.53","66.13","64.52","","-0.31%"
"2015-04-07","65.33","66.93","66.93","65.33","","-2.10%"
"2015-04-06","66.73","64.72","67.93","64.72","","3.11%"
"2015-04-02","64.72","63.92","64.92","63.92","","2.21%"
"2015-04-01","63.32","61.52","64.52","61.52","","0.00%"
"2015-03-31","63.32","63.72","65.93","63.12","","-3.67%"
"2015-03-30","65.73","63.72","66.33","63.72","","7.19%"
"2015-03-27","61.32","60.92","62.12","60.92","","-0.97%"
"2015-03-26","61.92","61.72","63.12","60.32","","-0.96%"
"2015-03-25","62.52","68.73","68.73","62.52","","-7.42%"
"2015-03-24","67.53","68.93","69.33","67.53","","-2.88%"
"2015-03-23","69.53","70.14","70.74","69.53","","0.00%"
"2015-03-20","69.53","67.93","69.93","67.73","","4.51%"
"2015-03-19","66.53","67.53","67.93","65.93","","-2.92%"
"2015-03-18","68.53","63.27","69.66","62.47","","6.63%"
"2015-03-17","64.27","65.06","65.66","64.27","","-3.00%"
"2015-03-16","66.26","64.47","66.26","64.47","","4.40%"
"2015-03-13","63.47","64.74","64.74","61.55","","-4.02%"
"2015-03-12","66.13","65.33","66.13","64.34","","8.50%"
"2015-03-11","60.95","62.54","62.54","60.75","","-2.54%"
"2015-03-10","62.54","64.14","64.54","62.54","","-4.85%"
"2015-03-09","65.73","65.73","65.93","65.33","","0.61%"
"2015-03-06","65.33","69.12","69.12","64.94","","-7.08%"
"2015-03-05","70.31","69.32","70.51","69.32","","-0.57%"
"2015-03-04","70.71","70.71","71.91","70.11","","-3.53%"
"2015-03-03","73.30","73.30","73.70","72.11","","-0.27%"
"2015-03-02","73.50","72.31","73.50","72.31","","0.82%"
"2015-02-27","72.90","72.70","73.70","72.50","","-0.82%"
"2015-02-26","73.50","73.50","73.70","72.70","","0.27%"
"2015-02-25","73.30","73.70","74.30","72.70","","-0.27%"
"2015-02-24","73.50","72.94","74.50","72.54","","1.04%"
"2015-02-23","72.74","72.34","72.94","72.14","","-1.09%"
"2015-02-20","73.54","70.94","73.94","70.14","","0.82%"
"2015-02-19","72.94","71.80","74.19","71.59","","0.48%"
"2015-02-18","72.59","73.00","73.00","71.40","","-0.82%"
"2015-02-17","73.19","71.80","73.40","71.59","","0.83%"
"2015-02-13","72.59","72.19","72.80","71.00","","0.26%"
"2015-02-12","72.40","70.00","72.40","70.00","","4.04%"
"2015-02-11","69.59","68.59","69.80","67.59","","-0.30%"
"2015-02-10","69.80","68.40","69.80","67.80","","2.05%"
"2015-02-09","68.40","67.80","69.00","67.40","","-0.28%"
"2015-02-06","68.59","68.00","70.19","68.00","","1.77%"
"2015-02-05","67.40","66.80","67.40","66.19","","1.83%"
"2015-02-04","66.19","66.59","67.59","66.19","","-0.91%"
"2015-02-03","66.80","64.00","66.80","64.00","","5.70%"
"2015-02-02","63.20","59.88","63.27","57.88","","3.83%"
"2015-01-30","60.87","62.87","62.87","60.67","","-4.10%"
"2015-01-29","63.47","60.87","63.87","59.88","","3.93%"
"2015-01-28","61.07","65.33","65.33","61.07","","-5.08%"
"2015-01-27","64.34","64.54","65.93","63.14","","-4.71%"
"2015-01-26","67.52","64.94","67.52","64.94","","0.28%"
"2015-01-23","67.33","67.52","68.72","66.53","","-2.31%"
"2015-01-22","68.92","66.13","69.52","65.33","","5.50%"
"2015-01-21","65.33","63.34","65.73","63.34","","3.14%"
"2015-01-20","63.34","62.35","63.94","61.75","","0.96%"
"2015-01-16","62.74","60.35","62.74","58.76","","4.99%"
"2015-01-15","59.76","61.75","63.54","59.76","","-4.45%"
"2015-01-14","62.54","62.74","63.34","60.15","","-5.71%"
"2015-01-13","66.33","69.52","69.92","64.74","","-2.05%"
"2015-01-12","67.72","67.52","68.32","67.13","","-3.15%"
"2015-01-09","69.92","71.11","71.11","69.32","","-3.56%"
"2015-01-08","72.50","71.31","72.70","71.11","","4.89%"
"2015-01-07","69.12","68.72","69.12","67.33","","4.52%"
"2015-01-06","66.13","68.27","69.27","64.65","","-3.98%"
"2015-01-05","68.87","72.48","72.48","68.87","","-8.78%"
"2015-01-02","75.50","76.10","76.10","73.69","","0.53%"
"2014-12-31","75.10","76.35","77.15","75.10","","-1.89%"
"2014-12-30","76.55","76.75","77.15","76.35","","-1.03%"
"2014-12-29","77.35","76.75","77.75","76.75","","0.52%"
"2014-12-26","76.95","76.55","77.15","76.55","","0.79%"
"2014-12-24","76.35","76.15","76.55","76.15","","0.53%"
"2014-12-23","75.95","75.95","76.35","75.95","","0.26%"
"2014-12-22","75.75","75.35","75.75","75.15","","1.08%"
"2014-12-19","74.94","74.54","75.55","74.14","","2.46%"
"2014-12-18","73.14","71.94","73.34","71.54","","7.67%"
"2014-12-17","67.93","64.52","68.13","62.72","","7.96%"
"2014-12-16","62.92","64.72","68.33","62.92","","-3.69%"
"2014-12-15","65.33","67.33","67.33","63.72","","-0.91%"
"2014-12-12","65.93","70.14","70.14","65.93","","-7.58%"
"2014-12-11","71.34","72.34","72.54","70.94","","2.31%"
"2014-12-10","69.73","74.34","74.34","69.73","","-7.70%"
"2014-12-09","75.55","73.34","75.55","72.74","","1.08%"
"2014-12-08","74.74","76.15","76.75","74.34","","-1.59%"
"2014-12-05","75.95","76.15","76.55","75.75","","1.06%"
"2014-12-04","75.15","75.55","75.75","74.14","","-1.05%"
"2014-12-03","75.95","75.80","76.59","75.00","","1.54%"
"2014-12-02","74.80","74.59","75.59","74.40","","0.54%"
"2014-12-01","74.40","74.59","75.19","73.80","","-1.33%"
"2014-11-28","75.40","75.80","76.00","75.19","","-1.04%"
"2014-11-26","76.19","75.59","76.19","75.19","","-1.05%"
"2014-11-25","77.00","76.40","77.19","75.19","","0.79%"
"2014-11-24","76.40","76.00","76.59","75.19","","0.79%"
"2014-11-21","75.80","77.80","77.80","75.40","","1.88%"
"2014-11-20","74.40","74.00","74.80","74.00","","1.10%"
"2014-11-19","73.59","73.80","74.00","73.40","","-1.34%"
"2014-11-18","74.59","73.59","74.80","73.59","","2.46%"
"2014-11-17","72.80","71.59","73.40","71.59","","0.29%"
"2014-11-14","72.59","71.80","73.19","71.80","","0.82%"
"2014-11-13","72.00","74.00","74.80","71.80","","-3.23%"
"2014-11-12","74.40","72.80","74.40","72.80","","0.28%"
"2014-11-11","74.19","74.19","75.00","73.40","","-0.54%"
"2014-11-10","74.59","74.19","74.80","73.40","","1.07%"
"2014-11-07","73.80","73.19","74.40","73.00","","-1.34%"
"2014-11-06","74.80","72.59","74.80","72.40","","3.89%"
"2014-11-05","72.00","71.19","72.00","70.80","","2.27%"
"2014-11-04","70.40","70.19","70.40","68.80","","-0.56%"
"2014-11-03","70.80","70.19","71.80","69.80","","-0.28%"
"2014-10-31","71.00","69.19","71.00","68.59","","6.93%"
"2014-10-30","66.40","64.19","67.19","63.00","","4.73%"
"2014-10-29","63.40","66.00","66.00","62.20","","-1.55%"
"2014-10-28","64.40","60.79","64.40","60.79","","6.62%"
"2014-10-27","60.40","57.79","60.40","57.59","","1.02%"
"2014-10-24","59.79","57.20","60.00","56.00","","6.01%"
"2014-10-23","56.40","55.40","58.20","55.40","","10.16%"
"2014-10-22","51.20","54.79","57.40","51.20","","-8.23%"
"2014-10-21","55.79","50.20","56.20","50.20","","21.28%"
"2014-10-20","46.00","41.40","46.00","41.40","","12.20%"
"2014-10-17","41.00","41.00","43.20","40.59","","13.26%"
"2014-10-16","36.20","33.40","39.00","33.40","","1.15%"
"2014-10-15","35.79","34.00","37.59","29.20","","-5.29%"
"2014-10-14","37.79","40.00","42.00","37.00","","-0.55%"
"2014-10-13","38.00","44.00","44.40","38.00","","-12.04%"
"2014-10-10","43.20","51.00","51.00","43.20","","-14.29%"
"2014-10-09","50.40","57.40","57.40","50.40","","-13.70%"
"2014-10-08","58.40","50.79","58.40","48.79","","18.22%"
"2014-10-07","49.40","54.79","56.79","49.40","","-15.12%"
"2014-10-06","58.20","62.40","62.40","56.79","","-4.26%"
"2014-10-03","60.79","58.59","61.79","58.59","","8.96%"
"2014-10-02","55.79","57.20","57.20","49.40","","-1.08%"
"2014-10-01","56.40","59.00","60.20","54.79","","-9.03%"
"2014-09-30","62.00","63.20","65.59","61.20","","-2.50%"
"2014-09-29","63.59","60.20","64.00","59.59","","-1.87%"
"2014-09-26","64.80","59.40","65.80","59.40","","6.60%"
"2014-09-25","60.79","66.19","66.19","60.79","","-11.64%"
"2014-09-24","68.80","65.59","70.00","64.80","","7.18%"
"2014-09-23","64.19","67.40","69.00","64.19","","-8.55%"
"2014-09-22","70.19","70.80","72.00","69.40","","-6.16%"
"2014-09-19","74.80","77.00","78.19","73.80","","-0.80%"
"2014-09-18","75.40","76.40","76.80","74.00","","0.53%"
"2014-09-17","75.00","75.80","77.40","73.00","","1.09%"
"2014-09-16","74.19","72.80","76.19","72.40","","2.77%"
"2014-09-15","72.19","70.59","73.19","69.80","","0.54%"
"2014-09-12","71.80","75.19","75.19","70.80","","-6.98%"
"2014-09-11","77.19","74.80","77.40","74.40","","-0.52%"
"2014-09-10","77.59","73.19","77.59","73.00","","3.73%"
"2014-09-09","74.80","77.80","78.19","74.59","","-5.08%"
"2014-09-08","78.80","80.19","80.59","77.59","","-2.72%"
"2014-09-05","81.00","79.00","81.19","77.59","","1.77%"
"2014-09-04","79.59","82.80","82.80","78.40","","-1.01%"
"2014-09-03","80.40","81.80","82.19","79.40","","-0.24%"
"2014-09-02","80.59","80.19","81.40","79.40","","-0.26%"
"2014-08-29","80.80","80.19","80.80","79.19","","1.00%"
"2014-08-28","80.00","78.40","81.00","78.40","","-0.73%"
"2014-08-27","80.59","81.00","81.00","79.80","","0.74%"
"2014-08-26","80.00","81.00","82.19","80.00","","-1.23%"
"2014-08-25","81.00","80.19","81.40","80.19","","3.32%"
"2014-08-22","78.40","78.80","79.80","78.19","","-2.23%"
"2014-08-21","80.19","78.59","81.00","78.19","","2.04%"
"2014-08-20","78.59","76.80","78.59","76.19","","0.76%"
"2014-08-19","78.00","76.00","78.19","76.00","","3.45%"
"2014-08-18","75.40","74.19","75.80","74.19","","7.42%"
"2014-08-15","70.19","73.80","74.19","66.80","","-3.05%"
"2014-08-14","72.40","70.80","72.59","70.80","","4.32%"
"2014-08-13","69.40","67.80","70.80","66.19","","3.89%"
"2014-08-12","66.80","68.00","68.19","65.80","","-1.47%"
"2014-08-11","67.80","68.80","70.40","67.59","","1.19%"
"2014-08-08","67.00","60.59","67.00","59.40","","13.96%"
"2014-08-07","58.79","63.79","64.59","58.00","","-6.07%"
"2014-08-06","62.59","60.40","63.40","60.20","","1.94%"
"2014-08-05","61.40","64.19","65.40","61.00","","-7.79%"
"2014-08-04","66.59","62.79","66.80","61.40","","6.05%"
"2014-08-01","62.79","65.59","67.00","61.40","","-3.99%"
"2014-07-31","65.40","71.40","71.80","65.40","","-14.40%"
"2014-07-30","76.40","77.59","77.59","74.59","","0.28%"
"2014-07-29","76.19","78.59","80.00","76.19","","-2.82%"
"2014-07-28","78.40","78.19","79.00","75.80","","-1.00%"
"2014-07-25","79.19","81.19","82.19","78.80","","-5.50%"
"2014-07-24","83.80","83.19","84.00","82.19","","1.70%"
"2014-07-23","82.40","81.59","82.59","81.19","","-0.48%"
"2014-07-22","82.80","82.19","83.19","82.19","","2.48%"
"2014-07-21","80.80","81.59","82.00","80.40","","-3.34%"
"2014-07-18","83.59","81.80","83.59","81.19","","6.08%"
"2014-07-17","78.80","84.19","84.59","78.80","","-7.29%"
"2014-07-16","85.00","85.00","85.40","84.40","","0.24%"
"2014-07-15","84.80","85.19","85.40","83.00","","-0.46%"
"2014-07-14","85.19","85.19","86.40","84.80","","0.94%"
"2014-07-11","84.40","82.80","84.40","82.80","","0.48%"
"2014-07-10","84.00","82.80","84.80","82.59","","-2.10%"
"2014-07-09","85.80","86.40","86.40","84.80","","0.72%"
"2014-07-08","85.19","86.19","86.19","84.00","","-1.62%"
"2014-07-07","86.59","87.17","87.57","85.97","","-1.57%"
"2014-07-03","87.97","87.17","88.17","86.97","","2.57%"
"2014-07-02","85.77","86.19","86.19","85.40","","-0.95%"
"2014-07-01","86.59","85.19","87.00","85.19","","2.59%"
"2014-06-30","84.40","84.59","84.80","84.00","","-0.71%"
"2014-06-27","85.00","84.80","85.40","84.59","","0.00%"
"2014-06-26","85.00","84.40","85.00","83.80","","-0.22%"
"2014-06-25","85.19","84.40","85.19","84.40","","0.46%"
"2014-06-24","84.80","85.80","87.00","84.80","","-1.40%"
"2014-06-23","86.00","85.00","86.19","85.00","","0.48%"
"2014-06-20","85.59","84.80","86.00","84.80","","0.22%"
"2014-06-19","85.40","85.59","85.59","84.19","","-0.22%"
"2014-06-18","85.59","83.40","85.59","83.00","","1.18%"
"2014-06-17","84.59","82.00","85.40","82.00","","2.42%"
"2014-06-16","82.59","83.19","83.19","81.80","","-1.20%"
"2014-06-13","83.59","81.80","83.59","81.59","","1.70%"
"2014-06-12","82.19","83.00","83.00","81.80","","-2.84%"
"2014-06-11","84.59","84.40","84.80","83.80","","-1.17%"
"2014-06-10","85.59","85.80","86.40","85.40","","-1.39%"
"2014-06-09","86.80","87.59","87.59","86.00","","0.00%"
"2014-06-06","86.80","86.00","86.80","85.40","","3.58%"
"2014-06-05","83.80","82.19","84.80","81.19","","1.96%"
"2014-06-04","82.19","80.19","82.40","80.19","","1.99%"
"2014-06-03","80.59","80.19","81.40","79.80","","-1.00%"
"2014-06-02","81.40","80.52","81.80","80.12","","1.34%"
"2014-05-30","80.32","79.91","80.72","79.11","","-0.25%"
"2014-05-29","80.52","80.72","80.72","78.51","","1.78%"
"2014-05-28","79.11","79.31","80.52","78.31","","0.00%"
"2014-05-27","79.11","79.31","79.51","78.71","","0.76%"
"2014-05-23","78.51","77.30","78.51","77.30","","1.03%"
"2014-05-22","77.71","76.50","77.71","76.50","","2.38%"
"2014-05-21","75.90","76.10","76.50","74.89","","3.28%"
"2014-05-20","73.49","74.89","76.10","72.08","","-4.68%"
"2014-05-19","77.10","75.30","77.30","75.10","","2.66%"
"2014-05-16","75.10","73.29","75.10","72.48","","1.64%"
"2014-05-15","73.89","74.89","74.89","71.48","","-6.12%"
"2014-05-14","78.71","79.31","80.12","77.71","","-2.00%"
"2014-05-13","80.32","80.92","80.92","79.91","","-0.25%"
"2014-05-12","80.52","79.31","80.72","79.31","","2.82%"
"2014-05-09","78.31","74.89","78.31","74.49","","2.37%"
"2014-05-08","76.50","77.35","78.75","75.55","","-0.07%"
"2014-05-07","76.55","75.75","76.55","72.94","","2.70%"
"2014-05-06","74.54","75.95","77.15","74.54","","-4.13%"
"2014-05-05","77.75","74.74","78.15","74.74","","0.78%"
"2014-05-02","77.15","78.80","79.59","77.00","","-0.84%"
"2014-05-01","77.80","77.80","79.40","76.80","","-0.50%"
"2014-04-30","78.19","76.19","78.59","75.59","","2.09%"
"2014-04-29","76.59","76.19","77.00","75.19","","1.58%"
"2014-04-28","75.40","76.00","78.19","72.19","","-1.31%"
"2014-04-25","76.40","78.59","78.59","75.80","","-4.98%"
"2014-04-24","80.40","81.19","81.80","79.59","","-0.50%"
"2014-04-23","80.80","81.19","81.19","80.00","","-0.74%"
"2014-04-22","81.40","79.40","81.80","79.40","","2.27%"
"2014-04-21","79.59","78.80","79.59","77.80","","0.86%"
"2014-04-17","78.91","77.10","80.32","76.10","","2.35%"
"2014-04-16","77.10","76.30","77.10","75.50","","2.95%"
"2014-04-15","74.89","73.89","74.89","67.87","","4.19%"
"2014-04-14","71.88","70.59","71.88","67.46","","5.09%"
"2014-04-11","68.40","72.59","74.00","68.40","","-8.06%"
"2014-04-10","74.40","82.59","82.59","74.40","","-9.27%"
"2014-04-09","82.00","79.19","82.19","78.59","","3.80%"
"2014-04-08","79.00","78.40","80.19","77.00","","2.60%"
"2014-04-07","77.00","79.59","81.00","75.59","","-6.31%"
"2014-04-04","82.19","84.59","85.80","81.80","","-2.38%"
"2014-04-03","84.19","84.59","84.80","83.19","","0.00%"
"2014-04-02","84.19","83.19","84.40","82.80","","1.68%"
"2014-04-01","82.80","81.80","83.40","81.59","","2.22%"
"2014-03-31","81.00","80.59","81.19","80.19","","3.85%"
"2014-03-28","78.00","78.40","80.00","77.40","","1.56%"
"2014-03-27","76.80","75.80","78.19","75.80","","-1.29%"
"2014-03-26","77.80","80.19","80.19","77.59","","-1.27%"
"2014-03-25","78.80","79.40","79.40","78.00","","0.78%"
"2014-03-24","78.19","79.40","80.00","77.40","","-1.03%"
"2014-03-21","79.00","81.19","81.59","78.80","","0.52%"
"2014-03-20","78.59","77.59","79.59","77.19","","0.51%"
"2014-03-19","78.19","80.00","81.19","77.59","","-2.98%"
"2014-03-18","80.59","79.40","80.80","79.40","","1.50%"
"2014-03-17","79.40","79.59","80.00","78.80","","2.33%"
"2014-03-14","77.59","78.00","79.00","77.00","","0.00%"
"2014-03-13","77.59","80.40","80.59","77.19","","-2.51%"
"2014-03-12","79.59","78.59","79.59","78.59","","-0.26%"
"2014-03-11","79.80","80.19","80.40","79.19","","0.50%"
"2014-03-10","79.40","79.80","80.00","78.59","","-1.48%"
"2014-03-07","80.59","80.59","81.00","79.59","","0.74%"
"2014-03-06","80.00","79.59","81.00","79.59","","0.76%"
"2014-03-05","79.40","79.40","80.40","79.19","","-1.24%"
"2014-03-04","80.40","80.40","80.80","79.40","","3.88%"
"2014-03-03","77.40","78.47","78.47","76.45","","-3.35%"
"2014-02-28","80.08","78.87","80.68","78.26","","2.33%"
"2014-02-27","78.26","77.46","78.47","76.45","","1.03%"
"2014-02-26","77.46","77.26","78.87","76.25","","0.78%"
"2014-02-25","76.86","76.65","77.86","76.45","","-1.54%"
"2014-02-24","78.06","78.67","79.47","77.86","","2.11%"
"2014-02-21","76.45","76.86","78.47","76.45","","0.53%"
"2014-02-20","76.05","75.05","77.26","74.64","","1.33%"
"2014-02-19","75.05","76.65","78.47","74.64","","-2.86%"
"2014-02-18","77.26","77.46","77.66","76.05","","-0.26%"
"2014-02-14","77.46","75.85","77.86","75.85","","1.06%"
"2014-02-13","76.65","73.44","76.86","73.44","","1.59%"
"2014-02-12","75.45","76.05","76.45","74.44","","0.27%"
"2014-02-11","75.25","72.63","76.05","71.83","","5.66%"
"2014-02-10","71.22","70.22","72.23","70.02","","0.85%"
"2014-02-07","70.62","69.01","70.62","67.40","","5.72%"
"2014-02-06","66.80","63.17","67.20","63.17","","8.87%"
"2014-02-05","61.36","59.83","62.24","57.42","","-1.41%"
"2014-02-04","62.24","59.23","63.25","59.23","","5.44%"
"2014-02-03","59.03","67.46","67.46","57.83","","-14.54%"
"2014-01-31","69.07","67.26","70.28","67.06","","-1.44%"
"2014-01-30","70.08","68.47","71.08","67.67","","5.13%"
"2014-01-29","66.66","66.86","68.07","65.46","","-2.64%"
"2014-01-28","68.47","68.07","69.07","67.67","","2.72%"
"2014-01-27","66.66","69.07","69.07","64.65","","-0.60%"
"2014-01-24","67.06","70.88","71.68","67.06","","-9.00%"
"2014-01-23","73.69","75.30","75.30","72.69","","-4.42%"
"2014-01-22","77.10","77.10","77.91","76.50","","-0.53%"
"2014-01-21","77.51","78.11","78.11","74.89","","0.79%"
"2014-01-17","76.90","78.11","78.51","76.30","","-2.30%"
"2014-01-16","78.71","78.51","78.71","77.91","","-0.25%"
"2014-01-15","78.91","78.71","79.51","78.31","","0.25%"
"2014-01-14","78.71","77.71","79.11","77.51","","2.62%"
"2014-01-13","76.70","78.31","78.91","76.50","","-3.05%"
"2014-01-10","79.11","78.51","79.11","78.11","","1.80%"
"2014-01-09","77.71","78.11","78.11","77.10","","-0.51%"
"2014-01-08","78.11","78.91","79.71","78.11","","-1.51%"
"2014-01-07","79.31","79.11","79.91","78.91","","0.76%"
"2014-01-06","78.71","79.23","79.63","77.91","","-0.91%"
"2014-01-03","79.43","80.44","80.64","79.23","","-0.76%"
"2014-01-02","80.04","81.04","81.25","79.43","","-2.69%"
"2013-12-31","82.25","81.85","82.66","81.65","","0.49%"
"2013-12-30","81.85","81.65","82.05","81.45","","0.74%"
"2013-12-27","81.25","81.85","82.05","81.04","","-0.98%"
"2013-12-26","82.05","82.05","82.25","81.65","","0.24%"
"2013-12-24","81.85","80.84","81.85","80.64","","1.00%"
"2013-12-23","81.04","80.44","81.04","79.83","","1.77%"
"2013-12-20","79.63","79.23","80.04","78.42","","1.80%"
"2013-12-19","78.22","78.02","78.42","76.81","","-0.51%"
"2013-12-18","78.62","75.60","78.62","73.99","","4.27%"
"2013-12-17","75.40","75.00","76.20","74.79","","-1.05%"
"2013-12-16","76.20","76.20","77.01","75.80","","1.60%"
"2013-12-13","75.00","75.60","75.80","75.00","","0.28%"
"2013-12-12","74.79","75.80","75.80","73.99","","-2.63%"
"2013-12-11","76.81","78.26","78.26","76.65","","-2.12%"
"2013-12-10","78.47","79.27","79.47","78.26","","-2.01%"
"2013-12-09","80.08","80.08","80.48","79.47","","1.28%"
"2013-12-06","79.07","79.27","79.87","78.06","","1.29%"
"2013-12-05","78.06","77.46","78.67","77.26","","-1.03%"
"2013-12-04","78.87","78.26","80.08","76.45","","-1.00%"
"2013-12-03","79.67","79.07","79.87","78.26","","0.76%"
"2013-12-02","79.07","78.75","80.56","78.75","","-1.36%"
"2013-11-29","80.16","80.96","81.36","80.16","","-0.50%"
"2013-11-27","80.56","80.56","80.96","80.36","","-0.74%"
"2013-11-26","81.16","80.96","81.76","80.96","","-0.73%"
"2013-11-25","81.76","82.16","82.56","81.76","","-0.97%"
"2013-11-22","82.56","80.96","82.76","80.96","","1.98%"
"2013-11-21","80.96","80.56","81.76","79.95","","1.26%"
"2013-11-20","79.95","81.76","82.96","79.95","","-2.21%"
"2013-11-19","81.76","81.76","82.76","81.16","","-0.73%"
"2013-11-18","82.36","82.96","83.36","82.16","","-0.48%"
"2013-11-15","82.76","82.36","82.96","81.96","","0.49%"
"2013-11-14","82.36","81.36","83.36","81.16","","0.98%"
"2013-11-13","81.56","79.55","81.56","79.35","","1.24%"
"2013-11-12","80.56","80.36","81.16","79.35","","-0.74%"
"2013-11-11","81.16","80.36","81.36","80.16","","1.00%"
"2013-11-08","80.36","79.35","80.36","78.15","","0.00%"
"2013-11-07","80.36","83.76","83.76","79.95","","-4.29%"
"2013-11-06","83.96","83.16","84.36","82.96","","2.19%"
"2013-11-05","82.16","82.56","83.36","81.96","","-2.14%"
"2013-11-04","83.96","83.56","83.96","81.96","","1.94%"
"2013-11-01","82.36","82.96","82.96","81.16","","0.00%"
"2013-10-31","82.36","82.59","83.59","81.00","","-1.00%"
"2013-10-30","83.19","83.80","84.80","83.00","","-1.90%"
"2013-10-29","84.80","84.59","85.00","84.00","","0.95%"
"2013-10-28","84.00","83.19","85.00","83.19","","0.00%"
"2013-10-25","84.00","82.40","84.00","82.40","","0.97%"
"2013-10-24","83.19","82.19","83.40","82.19","","-0.48%"
"2013-10-23","83.59","83.40","84.19","83.19","","-1.18%"
"2013-10-22","84.59","83.19","84.80","83.19","","1.92%"
"2013-10-21","83.00","82.40","83.00","82.00","","-0.48%"
"2013-10-18","83.40","83.00","83.59","82.59","","2.22%"
"2013-10-17","81.59","79.40","82.00","78.59","","2.51%"
"2013-10-16","79.59","78.40","80.19","78.40","","4.18%"
"2013-10-15","76.40","77.59","78.40","76.40","","-2.55%"
"2013-10-14","78.40","76.80","78.59","76.40","","-0.51%"
"2013-10-11","78.80","76.40","78.80","76.40","","3.43%"
"2013-10-10","76.19","75.40","76.40","75.00","","6.71%"
"2013-10-09","71.40","70.34","72.80","68.59","","0.65%"
"2013-10-08","70.94","75.35","75.55","70.94","","-6.10%"
"2013-10-07","75.55","74.94","76.55","74.94","","-1.82%"
"2013-10-04","76.95","74.74","77.15","74.74","","2.68%"
"2013-10-03","74.94","76.75","76.75","73.74","","-3.37%"
"2013-10-02","77.55","75.50","77.55","74.29","","-0.21%"
"2013-10-01","77.71","76.70","78.51","76.70","","2.66%"
"2013-09-30","75.70","75.55","76.15","74.94","","-1.88%"
"2013-09-27","77.15","78.35","78.55","76.75","","-3.50%"
"2013-09-26","79.95","79.75","80.36","78.75","","0.76%"
"2013-09-25","79.35","80.16","81.16","78.95","","-1.50%"
"2013-09-24","80.56","79.95","82.36","79.35","","-0.98%"
"2013-09-23","81.36","81.76","81.96","80.36","","-1.21%"
"2013-09-20","82.36","84.16","84.76","82.36","","-3.30%"
"2013-09-19","85.17","86.17","86.77","85.17","","-1.39%"
"2013-09-18","86.37","81.76","86.77","80.76","","5.64%"
"2013-09-17","81.76","81.36","82.16","80.76","","0.99%"
"2013-09-16","80.96","81.36","81.96","80.76","","1.77%"
"2013-09-13","79.55","78.75","79.75","78.35","","1.27%"
"2013-09-12","78.55","80.59","80.59","78.19","","-2.53%"
"2013-09-11","80.59","79.80","80.80","79.40","","1.77%"
"2013-09-10","79.19","78.40","79.19","77.80","","2.06%"
"2013-09-09","77.59","75.40","77.80","75.40","","5.14%"
"2013-09-06","73.80","73.59","76.19","73.00","","-2.12%"
"2013-09-05","75.40","75.00","76.00","74.80","","1.63%"
"2013-09-04","74.19","72.19","75.19","72.19","","1.63%"
"2013-09-03","73.00","75.40","75.40","71.19","","-0.54%"
"2013-08-30","73.40","74.19","74.59","71.80","","-1.06%"
"2013-08-29","74.19","73.40","75.19","73.40","","0.53%"
"2013-08-28","73.80","73.59","74.80","72.40","","-0.27%"
"2013-08-27","74.00","75.40","76.40","73.59","","-5.36%"
"2013-08-26","78.19","79.19","79.59","78.19","","-1.03%"
"2013-08-23","79.00","79.00","79.19","78.40","","0.00%"
"2013-08-22","79.00","77.40","79.19","77.40","","3.95%"
"2013-08-21","76.00","77.40","78.59","75.80","","-3.55%"
"2013-08-20","78.80","77.00","79.80","77.00","","3.14%"
"2013-08-19","76.40","78.40","79.00","76.40","","-3.52%"
"2013-08-16","79.19","80.19","81.00","78.40","","-2.23%"
"2013-08-15","81.00","81.80","81.80","80.40","","-4.92%"
"2013-08-14","85.19","85.40","85.80","84.59","","-0.71%"
"2013-08-13","85.80","86.00","86.19","85.00","","-0.23%"
"2013-08-12","86.00","86.19","86.40","85.59","","-1.36%"
"2013-08-09","87.19","86.40","88.19","86.40","","1.16%"
"2013-08-08","86.19","87.00","87.19","85.40","","-0.46%"
"2013-08-07","86.59","86.59","86.59","86.00","","0.00%"
"2013-08-06","86.59","87.80","87.80","86.00","","-0.93%"
"2013-08-05","87.40","88.19","88.40","87.19","","-0.90%"
"2013-08-02","88.19","88.59","88.80","88.00","","-0.45%"
"2013-08-01","88.59","88.00","88.59","87.59","","2.78%"
"2013-07-31","86.19","86.40","87.59","86.00","","-1.38%"
"2013-07-30","87.40","86.80","87.80","86.80","","-0.22%"
"2013-07-29","87.59","87.59","87.80","86.40","","-0.68%"
"2013-07-26","88.19","87.59","88.19","85.80","","-0.91%"
"2013-07-25","89.00","88.40","89.19","87.80","","1.37%"
"2013-07-24","87.80","88.59","89.00","87.59","","-2.00%"
"2013-07-23","89.59","89.59","90.19","89.40","","0.45%"
"2013-07-22","89.19","89.00","89.59","89.00","","-0.45%"
"2013-07-19","89.59","89.19","89.59","88.80","","0.21%"
"2013-07-18","89.40","89.80","90.00","89.19","","-0.21%"
"2013-07-17","89.59","90.00","90.40","89.40","","-0.67%"
"2013-07-16","90.19","90.00","90.40","89.59","","0.00%"
"2013-07-15","90.19","90.00","90.59","89.19","","-0.23%"
"2013-07-12","90.40","89.19","90.40","89.00","","0.44%"
"2013-07-11","90.00","88.40","90.00","88.40","","5.65%"
"2013-07-10","85.19","84.40","85.80","84.00","","0.00%"
"2013-07-09","85.19","83.80","86.00","83.80","","2.15%"
"2013-07-08","83.40","82.80","83.80","82.80","","0.72%"
"2013-07-05","82.80","81.80","82.80","79.40","","2.74%"
"2013-07-03","80.59","80.59","81.40","79.00","","-1.95%"
"2013-07-02","82.19","82.59","83.00","81.40","","0.23%"
"2013-07-01","82.00","82.53","83.93","81.59","","0.59%"
"2013-06-28","81.52","80.32","83.33","79.91","","-0.97%"
"2013-06-27","82.32","81.32","83.13","81.32","","4.06%"
"2013-06-26","79.11","79.91","79.91","77.51","","3.96%"
"2013-06-25","76.10","75.90","76.30","74.49","","5.87%"
"2013-06-24","71.88","70.28","76.10","68.47","","-5.55%"
"2013-06-21","76.10","77.10","77.30","73.49","","1.33%"
"2013-06-20","75.10","79.51","79.51","74.29","","-10.52%"
"2013-06-19","83.93","88.95","89.35","83.93","","-6.07%"
"2013-06-18","89.35","88.55","89.55","88.55","","1.59%"
"2013-06-17","87.95","88.55","89.35","87.55","","1.16%"
"2013-06-14","86.94","87.34","88.15","86.34","","-0.23%"
"2013-06-13","87.14","81.32","87.14","81.32","","7.16%"
"2013-06-12","81.32","86.34","86.34","80.92","","-3.80%"
"2013-06-11","84.53","85.77","87.77","84.53","","-4.56%"
"2013-06-10","88.57","88.37","89.17","88.17","","-0.90%"
"2013-06-07","89.37","86.57","89.77","86.57","","2.06%"
"2013-06-06","87.57","85.37","87.57","83.56","","3.32%"
"2013-06-05","84.76","86.77","87.17","84.76","","-2.32%"
"2013-06-04","86.77","88.57","89.37","86.57","","-1.81%"
"2013-06-03","88.37","87.37","88.37","86.97","","0.45%"
"2013-05-31","87.97","90.38","90.38","87.97","","-2.45%"
"2013-05-30","90.18","90.98","91.18","90.18","","-0.22%"
"2013-05-29","90.38","90.58","90.98","89.57","","-1.74%"
"2013-05-28","91.98","92.38","92.38","91.38","","0.44%"
"2013-05-24","91.58","91.58","91.78","90.78","","-1.08%"
"2013-05-23","92.58","92.18","92.58","91.58","","-0.22%"
"2013-05-22","92.78","93.38","93.78","92.78","","-0.64%"
"2013-05-21","93.38","93.78","93.98","93.18","","0.21%"
"2013-05-20","93.18","92.98","93.78","92.98","","-0.21%"
"2013-05-17","93.38","92.98","93.38","92.98","","0.43%"
"2013-05-16","92.98","93.38","93.58","92.98","","-0.43%"
"2013-05-15","93.38","92.78","93.38","92.78","","0.43%"
"2013-05-14","92.98","92.19","93.40","92.19","","1.07%"
"2013-05-13","92.00","92.40","92.40","91.40","","-0.64%"
"2013-05-10","92.59","91.59","92.59","91.59","","1.09%"
"2013-05-09","91.59","91.80","92.00","91.19","","-0.45%"
"2013-05-08","92.00","91.18","92.00","91.18","","1.12%"
"2013-05-07","90.98","90.38","90.98","90.18","","1.57%"
"2013-05-06","89.57","89.37","90.38","89.17","","0.22%"
"2013-05-03","89.37","89.17","89.77","88.97","","2.76%"
"2013-05-02","86.97","85.57","87.37","85.57","","1.87%"
"2013-05-01","85.37","85.80","86.40","84.80","","-1.87%"
"2013-04-30","87.00","85.00","87.00","84.59","","1.40%"
"2013-04-29","85.80","85.00","86.59","85.00","","0.72%"
"2013-04-26","85.19","85.19","85.59","83.59","","-1.62%"
"2013-04-25","86.59","85.40","86.80","85.19","","0.69%"
"2013-04-24","86.00","85.40","86.40","85.00","","2.88%"
"2013-04-23","83.59","82.59","83.80","82.00","","2.19%"
"2013-04-22","81.80","80.40","82.59","80.00","","0.00%"
"2013-04-19","81.80","79.40","81.80","79.40","","0.99%"
"2013-04-18","81.00","80.80","81.80","79.80","","-0.49%"
"2013-04-17","81.40","82.80","83.00","80.80","","-4.45%"
"2013-04-16","85.19","84.59","85.19","83.40","","3.15%"
"2013-04-15","82.59","86.59","86.59","82.59","","-6.99%"
"2013-04-12","88.80","88.40","88.80","87.19","","-0.22%"
"2013-04-11","89.00","88.80","89.59","88.59","","0.68%"
"2013-04-10","88.40","87.40","88.59","87.40","","1.61%"
"2013-04-09","87.00","85.19","87.59","85.19","","2.12%"
"2013-04-08","85.19","84.00","85.40","83.80","","0.94%"
"2013-04-05","84.40","82.80","84.40","82.59","","0.25%"
"2013-04-04","84.19","84.19","84.59","83.40","","0.47%"
"2013-04-03","83.80","86.00","86.00","83.40","","-3.01%"
"2013-04-02","86.40","87.59","87.59","85.19","","0.00%"
"2013-04-01","86.40","87.00","87.00","85.59","","-1.14%"
"2013-03-28","87.40","86.80","87.40","86.59","","0.94%"
"2013-03-27","86.59","85.59","87.00","85.59","","0.00%"
"2013-03-26","86.59","86.00","86.59","85.80","","1.39%"
"2013-03-25","85.40","86.40","86.40","85.00","","0.00%"
"2013-03-22","85.40","85.80","86.00","84.59","","0.25%"
"2013-03-21","85.19","85.80","86.19","85.00","","-0.71%"
"2013-03-20","85.80","85.59","86.40","85.59","","0.72%"
"2013-03-19","85.19","85.40","85.80","83.40","","-0.47%"
"2013-03-18","85.59","85.00","86.40","85.00","","-0.48%"
"2013-03-15","86.00","85.80","86.19","85.59","","0.00%"
"2013-03-14","86.00","86.00","86.19","85.40","","0.95%"
"2013-03-13","85.19","84.80","85.80","84.80","","0.22%"
"2013-03-12","85.00","84.80","85.40","84.59","","-0.22%"
"2013-03-11","85.19","84.59","85.40","84.59","","0.22%"
"2013-03-08","85.00","84.19","85.40","83.59","","1.19%"
"2013-03-07","84.00","84.59","84.59","83.19","","0.00%"
"2013-03-06","84.00","85.19","85.19","83.80","","-0.47%"
"2013-03-05","84.40","84.19","85.00","84.19","","1.93%"
"2013-03-04","82.80","82.59","83.40","82.00","","1.48%"
"2013-03-01","81.59","80.80","81.80","80.40","","0.00%"
"2013-02-28","81.59","82.80","83.59","81.59","","-0.26%"
"2013-02-27","81.80","80.00","82.59","80.00","","2.78%"
"2013-02-26","79.59","79.80","80.19","78.59","","0.24%"
"2013-02-25","79.40","83.19","83.40","79.40","","-4.56%"
"2013-02-22","83.19","82.19","83.19","82.00","","1.70%"
"2013-02-21","81.80","82.19","83.19","81.00","","-2.84%"
"2013-02-20","84.19","86.00","86.40","83.80","","-2.32%"
"2013-02-19","86.19","86.00","86.19","85.40","","0.93%"
"2013-02-15","85.40","85.00","86.00","84.19","","0.25%"
"2013-02-14","85.19","85.19","85.59","85.00","","-1.62%"
"2013-02-13","86.59","87.40","87.80","86.40","","-0.69%"
"2013-02-12","87.19","87.19","87.80","86.40","","0.22%"
"2013-02-11","87.00","87.00","87.19","86.59","","-0.67%"
"2013-02-08","87.59","86.80","87.59","86.40","","1.62%"
"2013-02-07","86.19","86.19","86.80","85.00","","-0.46%"
"2013-02-06","86.59","85.80","87.00","85.80","","0.69%"
"2013-02-05","86.00","85.59","86.19","85.19","","2.63%"
"2013-02-04","83.80","86.19","86.19","83.59","","-2.77%"
"2013-02-01","86.19","86.80","87.00","86.19","","0.93%"
"2013-01-31","85.40","86.40","86.40","84.59","","0.25%"
"2013-01-30","85.19","85.80","86.19","84.80","","-1.16%"
"2013-01-29","86.19","84.19","86.40","84.19","","2.12%"
"2013-01-28","84.40","85.77","85.77","84.16","","-1.37%"
"2013-01-25","85.57","86.17","86.17","85.37","","0.23%"
"2013-01-24","85.37","85.80","86.00","84.59","","1.87%"
"2013-01-23","83.80","84.00","84.19","83.80","","-0.24%"
"2013-01-22","84.00","82.59","84.00","82.59","","1.20%"
"2013-01-18","83.00","82.19","83.00","81.59","","1.73%"
"2013-01-17","81.59","80.80","82.19","80.80","","2.24%"
"2013-01-16","79.80","79.40","80.00","79.19","","-0.75%"
"2013-01-15","80.40","78.59","80.59","78.59","","0.00%"
"2013-01-14","80.40","79.40","80.59","78.59","","2.83%"
"2013-01-11","78.19","78.19","78.80","77.80","","-0.77%"
"2013-01-10","78.80","77.19","78.80","77.19","","3.14%"
"2013-01-09","76.40","76.19","77.59","75.80","","0.28%"
"2013-01-08","76.19","76.80","76.80","75.40","","-1.05%"
"2013-01-07","77.00","77.59","78.19","76.40","","-2.77%"
"2013-01-04","79.19","77.40","80.00","77.40","","2.59%"
"2013-01-03","77.19","77.35","78.15","76.15","","0.31%"
"2013-01-02","76.95","74.14","76.95","72.94","","11.31%"
"2012-12-31","69.13","60.92","69.13","60.52","","13.11%"
"2012-12-28","61.12","62.32","65.13","61.12","","-7.58%"
"2012-12-27","66.13","66.13","66.53","60.52","","0.61%"
"2012-12-26","65.73","68.93","68.93","65.73","","-4.64%"
"2012-12-24","68.93","68.73","69.13","68.13","","-1.73%"
"2012-12-21","70.14","70.14","71.14","68.13","","-4.36%"
"2012-12-20","73.34","70.74","73.34","70.54","","2.80%"
"2012-12-19","71.34","74.34","74.54","71.34","","-2.46%"
"2012-12-18","73.14","70.14","73.34","70.14","","7.35%"
"2012-12-17","68.13","65.53","68.13","65.53","","6.59%"
"2012-12-14","63.92","65.13","65.93","63.52","","-0.31%"
"2012-12-13","64.12","66.53","67.73","63.52","","-3.62%"
"2012-12-12","66.53","67.33","70.14","66.53","","-0.60%"
"2012-12-11","66.93","66.93","68.33","65.73","","3.10%"
"2012-12-10","64.92","64.72","65.93","64.32","","1.25%"
"2012-12-07","64.12","63.92","64.52","61.92","","2.23%"
"2012-12-06","62.72","62.72","63.32","61.12","","0.64%"
"2012-12-05","62.32","60.12","62.72","58.31","","5.79%"
"2012-12-04","58.91","60.20","60.59","58.00","","-2.14%"
"2012-12-03","60.20","63.59","63.59","60.00","","-3.82%"
"2012-11-30","62.59","62.20","63.00","60.40","","0.63%"
"2012-11-29","62.20","62.79","62.79","61.40","","2.66%"
"2012-11-28","60.59","54.00","60.59","52.79","","5.21%"
"2012-11-27","57.59","59.59","60.00","57.59","","-2.04%"
"2012-11-26","58.79","58.79","59.00","57.59","","-3.29%"
"2012-11-23","60.79","56.20","60.79","56.20","","13.44%"
"2012-11-21","53.59","53.40","53.79","52.79","","1.90%"
"2012-11-20","52.59","50.79","53.40","50.59","","1.13%"
"2012-11-19","52.00","52.00","52.20","51.00","","10.64%"
"2012-11-16","47.00","43.00","47.40","41.79","","5.40%"
"2012-11-15","44.59","45.20","45.40","42.59","","3.22%"
"2012-11-14","43.20","51.20","52.20","43.00","","-13.94%"
"2012-11-13","50.20","50.40","54.59","50.20","","-2.69%"
"2012-11-12","51.59","51.20","52.20","50.59","","0.76%"
"2012-11-09","51.20","51.20","54.40","50.40","","2.40%"
"2012-11-08","50.00","58.20","58.20","50.00","","-11.96%"
"2012-11-07","56.79","60.20","60.20","54.79","","-12.63%"
"2012-11-06","65.00","63.20","65.80","62.59","","5.54%"
"2012-11-05","61.59","59.40","62.00","59.40","","1.32%"
"2012-11-02","60.79","65.80","65.80","60.79","","-7.05%"
"2012-11-01","65.40","62.40","65.59","62.40","","8.28%"
"2012-10-31","60.40","61.20","62.40","58.40","","0.33%"
"2012-10-26","60.20","60.79","61.40","58.59","","-1.63%"
"2012-10-25","61.20","60.59","61.59","58.20","","3.38%"
"2012-10-24","59.20","60.59","61.00","58.59","","-2.95%"
"2012-10-23","61.00","60.79","62.40","59.00","","-7.84%"
"2012-10-22","66.19","66.19","67.59","64.00","","-0.60%"
"2012-10-19","66.59","67.59","69.19","65.80","","-6.21%"
"2012-10-18","71.00","70.19","72.00","70.00","","-1.65%"
"2012-10-17","72.19","69.80","72.80","69.80","","2.54%"
"2012-10-16","70.40","68.59","70.40","68.59","","6.36%"
"2012-10-15","66.19","64.00","67.19","62.79","","4.73%"
"2012-10-12","63.20","65.00","66.19","62.59","","-3.36%"
"2012-10-11","65.40","65.40","67.19","65.40","","2.19%"
"2012-10-10","64.00","65.19","65.80","63.40","","-2.74%"
"2012-10-09","65.80","69.19","69.40","65.59","","-6.25%"
"2012-10-08","70.19","69.33","70.40","69.13","","0.07%"
"2012-10-05","70.14","72.94","73.54","69.33","","-0.28%"
"2012-10-04","70.34","68.33","71.14","68.13","","4.16%"
"2012-10-03","67.53","66.73","68.53","66.53","","-0.30%"
"2012-10-02","67.73","68.80","68.80","66.40","","0.21%"
"2012-10-01","67.59","69.40","71.00","67.00","","-1.76%"
"2012-09-28","68.80","67.40","70.00","66.40","","-2.27%"
"2012-09-27","70.40","69.59","71.00","67.59","","4.16%"
"2012-09-26","67.59","68.00","68.59","66.40","","-3.99%"
"2012-09-25","70.40","73.80","74.19","70.40","","-4.86%"
"2012-09-24","74.00","74.00","74.80","73.59","","-1.33%"
"2012-09-21","75.00","75.19","75.59","74.40","","-0.53%"
"2012-09-20","75.40","74.00","75.40","72.59","","-1.04%"
"2012-09-19","76.19","75.00","77.00","74.59","","-0.27%"
"2012-09-18","76.40","75.40","76.40","74.59","","-0.25%"
"2012-09-17","76.59","78.00","78.40","75.40","","-2.54%"
"2012-09-14","78.59","79.59","82.19","78.40","","0.00%"
"2012-09-13","78.59","73.40","78.80","72.40","","5.93%"
"2012-09-12","74.19","75.00","75.00","73.40","","0.26%"
"2012-09-11","74.00","72.59","75.19","72.59","","2.78%"
"2012-09-10","72.00","73.19","75.00","72.00","","-2.44%"
"2012-09-07","73.80","73.80","74.00","72.80","","4.24%"
"2012-09-06","70.80","66.59","71.19","66.59","","12.03%"
"2012-09-05","63.20","64.19","65.00","62.59","","-2.77%"
"2012-09-04","65.00","64.59","66.00","63.00","","-1.52%"
"2012-08-31","66.00","66.19","67.40","63.79","","3.46%"
"2012-08-30","63.79","64.59","64.59","62.79","","-6.19%"
"2012-08-29","68.00","66.40","68.19","66.19","","2.12%"
"2012-08-28","66.59","67.00","67.40","65.80","","-0.31%"
"2012-08-27","66.80","67.00","68.00","66.59","","-1.17%"
"2012-08-24","67.59","64.59","68.19","64.19","","3.05%"
"2012-08-23","65.59","68.59","68.59","65.19","","-6.55%"
"2012-08-22","70.19","70.00","70.80","68.00","","-1.40%"
"2012-08-21","71.19","71.80","74.80","71.19","","0.00%"
"2012-08-20","71.19","71.40","71.40","68.00","","0.00%"
"2012-08-17","71.19","71.40","71.80","70.40","","0.27%"
"2012-08-16","71.00","67.80","71.59","67.80","","4.12%"
"2012-08-15","68.19","67.40","68.59","67.19","","1.78%"
"2012-08-14","67.00","69.75","69.75","66.59","","-1.67%"
"2012-08-13","68.14","68.75","69.15","66.33","","-0.89%"
"2012-08-10","68.75","67.94","68.75","66.93","","-1.15%"
"2012-08-09","69.55","69.55","70.16","67.94","","0.87%"
"2012-08-08","68.95","67.94","69.15","66.33","","0.60%"
"2012-08-07","68.54","66.73","69.95","66.73","","8.62%"
"2012-08-06","63.10","63.10","64.71","63.10","","1.63%"
"2012-08-03","62.09","60.48","63.30","60.48","","16.23%"
"2012-08-02","53.42","54.43","56.04","51.00","","-8.62%"
"2012-08-01","58.46","59.67","60.08","58.06","","-1.70%"
"2012-07-31","59.47","62.09","62.09","59.47","","-3.91%"
"2012-07-30","61.89","62.37","62.97","60.16","","-2.35%"
"2012-07-27","63.38","57.54","64.38","57.54","","12.92%"
"2012-07-26","56.13","54.92","56.33","53.11","","11.15%"
"2012-07-25","50.50","51.91","52.51","48.69","","1.22%"
"2012-07-24","49.89","51.91","51.91","47.28","","-4.63%"
"2012-07-23","52.31","51.50","52.71","50.50","","-7.47%"
"2012-07-20","56.53","58.35","59.75","55.93","","-9.36%"
"2012-07-19","62.37","61.77","62.97","60.16","","2.99%"
"2012-07-18","60.56","57.74","60.76","57.74","","5.62%"
"2012-07-17","57.34","56.13","57.74","53.11","","2.52%"
"2012-07-16","55.93","55.13","56.53","53.92","","-2.80%"
"2012-07-13","57.54","54.52","57.54","54.52","","13.94%"
"2012-07-12","50.50","48.49","52.51","48.08","","-7.71%"
"2012-07-11","54.72","53.31","55.33","52.31","","1.48%"
"2012-07-10","53.92","59.15","59.15","52.51","","-5.30%"
"2012-07-09","56.94","57.74","57.74","55.33","","-3.74%"
"2012-07-06","59.15","58.95","59.55","57.34","","-5.77%"
"2012-07-05","62.77","62.17","63.98","60.56","","-2.30%"
"2012-07-03","64.25","61.04","64.25","61.04","","6.30%"
"2012-07-02","60.44","62.24","62.24","58.83","","-1.31%"
"2012-06-29","61.24","58.51","61.24","58.51","","16.65%"
"2012-06-28","52.50","50.70","52.50","47.89","","-3.67%"
"2012-06-27","54.50","51.30","54.90","50.90","","8.35%"
"2012-06-26","50.30","50.10","51.70","47.29","","2.46%"
"2012-06-25","49.09","50.10","50.10","48.09","","-9.93%"
"2012-06-22","54.50","53.70","54.90","52.10","","3.81%"
"2012-06-21","52.50","60.32","60.32","52.50","","-14.94%"
"2012-06-20","61.72","60.52","62.12","59.31","","0.00%"
"2012-06-19","61.72","57.91","62.52","57.91","","10.00%"
"2012-06-18","56.11","55.11","57.31","53.90","","0.00%"
"2012-06-15","56.11","53.10","56.31","53.10","","7.28%"
"2012-06-14","52.30","50.50","52.50","50.50","","3.56%"
"2012-06-13","50.50","51.50","52.70","49.69","","-4.90%"
"2012-06-12","53.10","50.50","53.30","49.29","","5.99%"
"2012-06-11","50.10","54.70","55.11","50.10","","-3.47%"
"2012-06-08","51.90","50.50","54.50","50.50","","0.00%"
"2012-06-07","51.90","55.71","55.71","51.70","","-1.14%"
"2012-06-06","52.50","48.40","52.59","48.40","","18.24%"
"2012-06-05","44.40","41.20","44.79","41.20","","6.25%"
"2012-06-04","41.79","42.59","42.79","38.59","","-1.88%"
"2012-06-01","42.59","46.98","46.98","42.36","","-18.10%"
"2012-05-31","52.00","50.80","53.41","49.39","","-2.27%"
"2012-05-30","53.21","54.61","54.81","53.01","","-11.96%"
"2012-05-29","60.44","60.64","62.24","57.02","","8.49%"
"2012-05-25","55.71","56.71","59.11","54.90","","-2.11%"
"2012-05-24","56.91","57.71","58.31","54.30","","-0.35%"
"2012-05-23","57.11","53.00","57.79","51.59","","0.92%"
"2012-05-22","56.59","57.79","60.20","55.79","","0.34%"
"2012-05-21","56.40","52.00","56.40","50.20","","12.35%"
"2012-05-18","50.20","54.79","55.79","49.59","","-6.67%"
"2012-05-17","53.79","59.00","59.00","53.79","","-9.44%"
"2012-05-16","59.40","63.59","64.80","59.40","","-4.81%"
"2012-05-15","62.40","64.59","65.80","61.79","","-4.86%"
"2012-05-14","65.59","63.59","66.80","63.59","","-4.11%"
"2012-05-11","68.40","68.80","70.59","68.19","","-1.71%"
"2012-05-10","69.59","70.80","71.40","69.19","","2.96%"
"2012-05-09","67.59","66.80","69.40","65.40","","-5.59%"
"2012-05-08","71.59","69.80","71.80","67.00","","0.00%"
"2012-05-07","71.59","71.59","72.80","70.40","","-0.83%"
"2012-05-04","72.19","76.00","76.40","71.40","","-6.25%"
"2012-05-03","77.00","79.59","79.59","76.19","","-3.51%"
"2012-05-02","79.80","79.40","80.80","79.00","","-2.44%"
"2012-05-01","81.80","80.16","82.80","79.75","","2.05%"
"2012-04-30","80.16","79.75","80.56","79.35","","-0.74%"
"2012-04-27","80.76","80.76","81.36","80.36","","0.00%"
"2012-04-26","80.76","78.55","80.96","78.55","","2.03%"
"2012-04-25","79.15","78.75","79.55","77.75","","4.49%"
"2012-04-24","75.75","75.35","76.95","74.94","","0.00%"
"2012-04-23","75.75","76.15","76.35","74.74","","-3.81%"
"2012-04-20","78.75","79.35","79.95","78.55","","-0.25%"
"2012-04-19","78.95","79.75","80.36","78.55","","-1.25%"
"2012-04-18","79.95","80.56","80.76","79.15","","-1.25%"
"2012-04-17","80.96","79.35","81.16","78.95","","4.67%"
"2012-04-16","77.35","78.75","78.75","76.75","","-0.26%"
"2012-04-13","77.55","80.16","80.16","77.55","","-3.97%"
"2012-04-12","80.76","77.75","80.76","77.75","","5.78%"
"2012-04-11","76.35","77.55","78.75","75.95","","4.10%"
"2012-04-10","73.34","79.55","79.55","73.14","","-7.57%"
"2012-04-09","79.35","79.95","79.95","78.95","","-3.89%"
"2012-04-05","82.56","82.76","83.36","81.76","","-0.72%"
"2012-04-04","83.16","83.96","83.96","83.16","","-1.66%"
"2012-04-03","84.56","85.17","85.77","83.80","","-1.18%"
"2012-04-02","85.57","84.56","86.17","84.36","","1.68%"
"2012-03-30","84.16","83.96","84.76","83.76","","0.72%"
"2012-03-29","83.56","82.96","83.96","82.76","","-0.48%"
"2012-03-28","83.96","84.96","84.96","83.36","","-1.88%"
"2012-03-27","85.57","86.37","87.17","85.17","","-0.23%"
"2012-03-26","85.77","84.96","85.77","83.96","","4.14%"
"2012-03-23","82.36","81.96","83.16","81.76","","0.49%"
"2012-03-22","81.96","82.16","82.36","81.56","","-1.44%"
"2012-03-21","83.16","84.16","84.36","82.76","","-1.42%"
"2012-03-20","84.36","84.16","84.76","83.76","","0.24%"
"2012-03-19","84.16","84.16","85.77","84.16","","-1.19%"
"2012-03-16","85.17","83.76","85.17","83.76","","1.93%"
"2012-03-15","83.56","81.56","83.56","81.16","","1.70%"
"2012-03-14","82.16","83.80","84.00","81.59","","-2.19%"
"2012-03-13","84.00","81.80","84.00","81.59","","4.23%"
"2012-03-12","80.59","81.19","81.19","79.80","","-0.26%"
"2012-03-09","80.80","79.40","81.19","79.40","","2.03%"
"2012-03-08","79.19","78.40","79.80","77.00","","3.94%"
"2012-03-07","76.19","75.00","76.80","75.00","","2.41%"
"2012-03-06","74.40","76.40","76.40","73.59","","-6.77%"
"2012-03-05","79.80","80.00","80.00","78.40","","-0.25%"
"2012-03-02","80.00","80.40","81.40","79.19","","-1.47%"
"2012-03-01","81.19","80.80","81.19","80.00","","2.01%"
"2012-02-29","79.59","81.19","81.40","79.19","","-1.74%"
"2012-02-28","81.00","80.00","81.00","79.80","","-0.23%"
"2012-02-27","81.19","78.19","82.00","78.19","","0.74%"
"2012-02-24","80.59","80.59","81.80","80.19","","-0.74%"
"2012-02-23","81.19","79.80","81.40","79.80","","1.74%"
"2012-02-22","79.80","80.19","80.59","79.00","","-1.24%"
"2012-02-21","80.80","81.40","82.59","80.00","","-0.48%"
"2012-02-17","81.19","82.19","82.19","81.00","","-0.26%"
"2012-02-16","81.40","77.40","81.40","76.19","","7.96%"
"2012-02-15","75.40","76.80","78.40","75.19","","-1.55%"
"2012-02-14","76.59","77.19","77.19","74.59","","-0.78%"
"2012-02-13","77.19","78.40","78.40","77.00","","1.31%"
"2012-02-10","76.19","75.59","76.59","74.40","","-1.56%"
"2012-02-09","77.40","78.19","78.40","76.59","","-1.78%"
"2012-02-08","78.80","78.00","78.80","76.80","","1.81%"
"2012-02-07","77.40","76.59","77.59","75.40","","0.27%"
"2012-02-06","77.19","76.40","77.40","76.40","","-0.52%"
"2012-02-03","77.59","76.80","78.19","76.80","","6.58%"
"2012-02-02","72.80","72.40","73.19","71.59","","1.39%"
"2012-02-01","71.80","70.40","73.59","70.19","","6.86%"
"2012-01-31","67.19","67.80","67.80","65.59","","2.11%"
"2012-01-30","65.80","65.59","66.19","64.19","","-4.07%"
"2012-01-27","68.59","68.19","69.59","67.59","","-0.59%"
"2012-01-26","69.00","72.59","72.59","68.59","","-3.08%"
"2012-01-25","71.19","66.80","71.19","66.00","","5.95%"
"2012-01-24","67.19","64.80","67.80","64.59","","0.58%"
"2012-01-23","66.80","67.80","69.00","65.19","","-0.30%"
"2012-01-20","67.00","66.40","67.00","64.59","","1.82%"
"2012-01-19","65.80","63.40","66.59","63.20","","5.79%"
"2012-01-18","62.20","58.20","62.20","58.20","","7.63%"
"2012-01-17","57.79","59.83","60.64","56.62","","5.44%"
"2012-01-13","54.81","54.61","55.62","53.81","","-5.22%"
"2012-01-12","57.83","56.62","58.03","55.62","","-0.34%"
"2012-01-11","58.03","56.82","58.23","55.82","","0.00%"
"2012-01-10","58.03","56.22","58.83","56.22","","12.46%"
"2012-01-09","51.60","50.20","52.00","49.19","","4.05%"
"2012-01-06","49.59","50.20","53.01","48.79","","-2.76%"
"2012-01-05","51.00","45.98","51.20","45.78","","2.00%"
"2012-01-04","50.00","48.59","50.40","47.79","","-1.19%"
"2012-01-03","50.60","53.81","54.41","50.00","","8.63%"
"2011-12-30","46.58","46.78","47.79","46.58","","-1.69%"
"2011-12-29","47.38","44.97","47.38","44.97","","8.25%"
"2011-12-28","43.77","46.58","46.58","43.57","","-8.41%"
"2011-12-27","47.79","47.18","49.19","46.78","","1.29%"
"2011-12-23","47.18","45.38","47.18","45.38","","5.86%"
"2011-12-22","44.57","44.77","45.58","43.57","","6.73%"
"2011-12-21","41.76","38.75","41.76","37.95","","6.67%"
"2011-12-20","39.15","38.67","40.08","37.87","","26.05%"
"2011-12-19","31.06","37.07","37.07","30.66","","-13.41%"
"2011-12-16","35.87","36.47","37.67","34.46","","4.49%"
"2011-12-15","34.33","34.73","35.34","32.32","","10.31%"
"2011-12-14","31.12","34.33","34.33","30.52","","-10.91%"
"2011-12-13","34.93","43.48","43.68","34.46","","-8.25%"
"2011-12-12","38.07","38.47","39.27","35.27","","-15.94%"
"2011-12-09","45.29","39.87","46.69","39.87","","25.56%"
"2011-12-08","36.07","42.68","42.68","36.07","","-20.00%"
"2011-12-07","45.09","40.88","45.69","40.08","","0.92%"
"2011-12-06","44.68","44.79","46.40","43.59","","-1.15%"
"2011-12-05","45.20","45.40","47.40","43.79","","10.81%"
"2011-12-02","40.79","43.48","45.09","40.79","","0.27%"
"2011-12-01","40.68","41.20","42.79","40.00","","-1.26%"
"2011-11-30","41.20","36.40","41.20","36.40","","51.47%"
"2011-11-29","27.20","26.39","28.60","26.39","","4.62%"
"2011-11-28","26.00","26.60","27.39","24.39","","41.38%"
"2011-11-25","18.39","20.00","21.20","18.39","","-2.13%"
"2011-11-23","18.79","21.39","21.79","18.79","","-24.20%"
"2011-11-22","24.79","25.00","26.79","23.79","","-8.86%"
"2011-11-21","27.20","26.39","28.39","23.79","","-15.00%"
"2011-11-18","32.00","35.40","36.59","30.79","","-8.02%"
"2011-11-17","34.79","38.79","41.20","33.59","","-16.75%"
"2011-11-16","41.79","45.20","47.40","41.79","","-11.84%"
"2011-11-15","47.40","46.40","48.79","43.20","","3.04%"
"2011-11-14","46.00","47.00","48.00","45.00","","-3.75%"
"2011-11-11","47.79","46.00","48.79","46.00","","14.36%"
"2011-11-10","41.79","41.20","43.00","38.59","","6.07%"
"2011-11-09","39.40","41.79","43.59","39.20","","-22.43%"
"2011-11-08","50.79","48.40","50.79","44.59","","8.55%"
"2011-11-07","46.79","47.59","47.59","42.00","","1.28%"
"2011-11-04","46.20","45.40","46.59","40.79","","-3.33%"
"2011-11-03","47.79","41.40","47.79","39.40","","17.74%"
"2011-11-02","40.59","40.40","41.79","36.79","","11.51%"
"2011-11-01","36.40","36.20","39.59","35.00","","-16.49%"
"2011-10-31","43.59","47.79","50.20","43.59","","-16.81%"
"2011-10-28","52.40","53.59","54.00","51.40","","-1.13%"
"2011-10-27","53.00","51.20","56.00","49.20","","20.45%"
"2011-10-26","44.00","43.20","44.79","37.00","","12.24%"
"2011-10-25","39.20","42.00","43.20","39.00","","-11.31%"
"2011-10-24","44.20","42.20","44.40","41.79","","8.36%"
"2011-10-21","40.79","37.59","40.79","37.59","","25.90%"
"2011-10-20","32.40","32.20","33.79","29.79","","-0.58%"
"2011-10-19","32.59","34.00","35.59","31.79","","-4.71%"
"2011-10-18","34.20","28.65","35.79","27.05","","16.13%"
"2011-10-17","29.45","32.86","32.86","29.05","","-11.46%"
"2011-10-14","33.26","33.66","33.66","31.86","","8.48%"
"2011-10-13","30.66","29.45","30.66","28.25","","1.32%"
"2011-10-12","30.26","30.86","33.46","30.26","","3.45%"
"2011-10-11","29.25","28.85","30.86","28.45","","-2.01%"
"2011-10-10","29.85","27.65","29.85","27.65","","27.35%"
"2011-10-07","23.44","23.84","26.65","22.24","","-1.68%"
"2011-10-06","23.84","20.44","23.84","17.83","","26.61%"
"2011-10-05","18.83","15.83","19.03","15.03","","9.29%"
"2011-10-04","17.23","12.00","17.23","10.80","","19.74%"
"2011-10-03","14.39","18.39","20.60","14.39","","-25.79%"
"2011-09-30","19.39","22.00","22.39","19.39","","-15.70%"
"2011-09-29","23.00","25.20","25.20","19.60","","3.60%"
"2011-09-28","22.20","27.25","28.45","22.00","","-17.32%"
"2011-09-27","26.85","28.79","30.00","26.00","","9.15%"
"2011-09-26","24.60","21.60","24.60","20.00","","18.33%"
"2011-09-23","20.79","19.60","21.00","19.00","","8.28%"
"2011-09-22","19.20","19.60","20.00","17.00","","-22.55%"
"2011-09-21","24.79","31.00","31.79","24.79","","-21.03%"
"2011-09-20","31.39","32.59","35.40","31.39","","-3.68%"
"2011-09-19","32.59","31.39","33.20","30.60","","-5.26%"
"2011-09-16","34.40","34.20","35.00","33.00","","5.55%"
"2011-09-15","32.59","30.20","32.59","28.20","","16.39%"
"2011-09-14","28.00","25.00","30.79","23.79","","12.95%"
"2011-09-13","24.79","22.60","25.00","22.60","","5.04%"
"2011-09-12","23.60","20.00","23.60","18.79","","6.31%"
"2011-09-09","22.20","24.60","25.60","20.79","","-20.71%"
"2011-09-08","28.00","31.39","32.20","27.79","","-10.26%"
"2011-09-07","31.20","27.20","31.20","26.60","","30.00%"
"2011-09-06","24.00","21.60","24.20","20.79","","-4.76%"
"2011-09-02","25.20","26.60","28.79","25.20","","-23.15%"
"2011-09-01","32.79","35.20","36.20","32.40","","-6.85%"
"2011-08-31","35.20","36.20","37.20","34.20","","2.33%"
"2011-08-30","34.40","31.79","35.40","29.79","","7.50%"
"2011-08-29","32.00","29.00","32.20","27.79","","26.98%"
"2011-08-26","25.20","19.60","25.79","16.79","","18.87%"
"2011-08-25","21.20","25.60","25.60","21.00","","-17.80%"
"2011-08-24","25.79","22.20","26.00","22.20","","14.12%"
"2011-08-23","22.60","13.80","22.60","13.80","","59.27%"
"2011-08-22","14.19","16.79","17.39","14.00","","-5.40%"
"2011-08-19","15.00","15.80","18.79","14.80","","-9.64%"
"2011-08-18","16.60","19.00","19.00","15.00","","-37.10%"
"2011-08-17","26.39","28.39","29.60","24.39","","2.33%"
"2011-08-16","25.79","24.60","27.39","24.00","","-7.89%"
"2011-08-15","28.00","25.39","28.00","23.60","","27.27%"
"2011-08-12","22.00","21.60","24.79","19.20","","7.90%"
"2011-08-11","20.39","12.80","22.79","12.39","","67.27%"
"2011-08-10","12.19","14.60","16.20","11.80","","-30.74%"
"2011-08-09","17.60","8.80","17.60","8.80","","83.33%"
"2011-08-08","9.60","18.27","18.27","9.39","","-60.15%"
"2011-08-05","24.09","25.50","26.10","18.07","","8.12%"
"2011-08-04","22.28","33.73","34.53","22.28","","-42.20%"
"2011-08-03","38.55","38.15","38.95","33.73","","-2.03%"
"2011-08-02","39.35","46.58","47.38","39.35","","-19.68%"
"2011-08-01","48.99","53.41","53.41","45.78","","-6.15%"
"2011-07-29","52.20","49.59","54.41","49.59","","-4.76%"
"2011-07-28","54.81","57.02","59.63","54.81","","-2.85%"
"2011-07-27","56.42","62.85","62.85","56.42","","-15.61%"
"2011-07-26","66.86","68.27","68.47","65.86","","-4.31%"
"2011-07-25","69.87","68.47","71.28","68.47","","-4.41%"
"2011-07-22","73.09","71.68","73.29","70.48","","-0.54%"
"2011-07-21","73.49","70.88","73.69","70.88","","7.96%"
"2011-07-20","68.07","68.87","69.87","67.87","","0.00%"
"2011-07-19","68.07","66.26","68.47","65.26","","9.37%"
"2011-07-18","62.24","65.06","65.06","60.44","","-7.19%"
"2011-07-15","67.06","66.86","67.26","64.85","","0.90%"
"2011-07-14","66.46","69.87","71.28","65.66","","-5.17%"
"2011-07-13","70.08","70.08","73.49","69.47","","1.46%"
"2011-07-12","69.07","69.27","71.48","68.67","","-2.00%"
"2011-07-11","70.48","73.29","73.89","70.08","","-9.30%"
"2011-07-08","77.71","77.10","77.91","76.10","","-5.37%"
"2011-07-07","82.12","80.96","82.76","80.96","","5.08%"
"2011-07-06","78.15","76.95","78.95","75.35","","-0.76%"
"2011-07-05","78.75","78.35","79.35","76.95","","-2.00%"
"2011-07-01","80.36","75.35","80.76","75.35","","6.09%"
"2011-06-30","75.75","74.34","77.35","74.34","","4.14%"
"2011-06-29","72.74","70.94","73.34","70.94","","4.02%"
"2011-06-28","69.93","68.73","70.34","68.13","","5.43%"
"2011-06-27","66.33","63.52","67.93","63.52","","3.45%"
"2011-06-24","64.12","67.73","67.73","63.32","","-5.61%"
"2011-06-23","67.93","62.52","67.93","62.52","","-1.16%"
"2011-06-22","68.73","69.93","71.14","68.73","","-1.72%"
"2011-06-21","69.93","66.13","70.14","66.13","","6.71%"
"2011-06-20","65.53","64.12","66.13","63.12","","3.49%"
"2011-06-17","63.32","64.72","66.13","61.92","","1.93%"
"2011-06-16","62.12","63.92","65.53","60.12","","-0.96%"
"2011-06-15","62.72","66.73","67.53","62.32","","-10.05%"
"2011-06-14","69.73","68.73","70.34","68.53","","8.41%"
"2011-06-13","64.32","66.93","66.93","62.12","","-3.32%"
"2011-06-10","66.53","69.73","69.73","65.53","","-6.74%"
"2011-06-09","71.34","70.14","71.74","70.14","","2.31%"
"2011-06-08","69.73","70.34","71.14","69.73","","-3.61%"
"2011-06-07","72.34","73.34","74.54","72.34","","0.28%"
"2011-06-06","72.14","76.75","76.75","71.54","","-6.74%"
"2011-06-03","77.35","77.40","80.59","76.80","","-4.27%"
"2011-06-02","80.80","81.19","82.59","80.00","","-0.48%"
"2011-06-01","81.19","86.97","86.97","81.00","","-7.50%"
"2011-05-31","87.77","87.77","87.77","86.97","","1.62%"
"2011-05-27","86.37","86.57","87.37","85.77","","1.66%"
"2011-05-26","84.96","84.76","85.57","83.36","","0.47%"
"2011-05-25","84.56","83.36","85.37","83.16","","1.20%"
"2011-05-24","83.56","84.76","85.17","83.16","","-0.24%"
"2011-05-23","83.76","84.76","85.17","83.76","","-3.91%"
"2011-05-20","87.17","88.17","88.37","86.77","","-1.80%"
"2011-05-19","88.77","88.97","89.17","88.37","","-0.67%"
"2011-05-18","89.37","88.37","89.37","88.17","","0.90%"
"2011-05-17","88.57","88.37","88.97","87.17","","-0.67%"
"2011-05-16","89.17","90.18","90.98","88.77","","-1.12%"
"2011-05-13","90.18","90.98","90.98","89.37","","-0.66%"
"2011-05-12","90.78","89.57","91.18","89.37","","0.22%"
"2011-05-11","90.58","91.78","91.78","89.97","","-1.31%"
"2011-05-10","91.78","91.38","92.18","91.38","","0.66%"
"2011-05-09","91.18","91.18","91.58","90.78","","-0.22%"
"2011-05-06","91.38","92.40","92.59","91.19","","0.42%"
"2011-05-05","91.00","90.59","92.19","90.40","","-0.44%"
"2011-05-04","91.40","91.80","92.19","91.19","","-1.29%"
"2011-05-03","92.59","91.98","92.59","91.58","","0.23%"
"2011-05-02","92.38","92.98","92.98","92.18","","-1.28%"
"2011-04-29","93.58","93.59","93.59","92.59","","-0.01%"
"2011-04-28","93.59","93.40","93.59","93.19","","0.00%"
"2011-04-27","93.59","92.40","93.59","92.00","","1.29%"
"2011-04-26","92.40","92.00","92.80","92.00","","1.09%"
"2011-04-25","91.40","91.19","91.80","90.40","","0.66%"
"2011-04-21","90.80","91.40","91.80","90.40","","0.00%"
"2011-04-20","90.80","90.80","91.59","90.00","","2.02%"
"2011-04-19","89.00","89.00","89.40","88.19","","0.23%"
"2011-04-18","88.80","88.19","89.00","87.19","","-1.77%"
"2011-04-15","90.40","90.00","90.80","89.80","","0.44%"
"2011-04-14","90.00","88.19","90.00","88.19","","0.00%"
"2011-04-13","90.00","90.80","91.00","89.80","","-0.65%"
"2011-04-12","90.59","90.40","91.00","90.00","","-0.66%"
"2011-04-11","91.19","92.19","92.59","91.19","","-0.44%"
"2011-04-08","91.59","93.59","93.59","91.19","","-1.52%"
"2011-04-07","93.00","92.40","93.19","92.00","","0.44%"
"2011-04-06","92.59","92.80","93.00","92.19","","0.64%"
"2011-04-05","92.00","91.80","92.80","91.80","","-0.21%"
"2011-04-04","92.19","91.80","92.40","91.59","","0.66%"
"2011-04-01","91.59","92.00","92.40","91.59","","0.21%"
"2011-03-31","91.40","91.59","91.80","91.00","","-0.21%"
"2011-03-30","91.59","90.80","91.80","90.80","","2.23%"
"2011-03-29","89.59","88.00","89.59","87.80","","1.13%"
"2011-03-28","88.59","90.19","90.40","88.59","","-0.91%"
"2011-03-25","89.40","89.59","90.59","89.40","","-0.21%"
"2011-03-24","89.59","88.19","90.00","88.19","","1.81%"
"2011-03-23","88.00","84.80","88.59","84.59","","0.47%"
"2011-03-22","87.59","87.40","88.40","87.00","","-0.24%"
"2011-03-21","87.80","87.40","88.80","87.40","","2.81%"
"2011-03-18","85.40","86.40","86.59","84.59","","1.18%"
"2011-03-17","84.40","85.19","85.19","83.19","","1.93%"
"2011-03-16","82.80","85.19","85.80","81.80","","-3.50%"
"2011-03-15","85.80","85.40","87.40","83.80","","-3.38%"
"2011-03-14","88.80","90.00","90.00","88.19","","-2.62%"
"2011-03-11","91.19","89.80","91.80","89.59","","1.55%"
"2011-03-10","89.80","90.40","91.19","89.59","","-3.01%"
"2011-03-09","92.59","91.80","93.00","91.80","","0.21%"
"2011-03-08","92.40","90.19","92.40","90.19","","2.45%"
"2011-03-07","90.19","92.40","92.40","90.00","","-0.89%"
"2011-03-04","91.00","91.19","91.80","90.59","","-0.87%"
"2011-03-03","91.80","92.00","92.19","91.40","","0.88%"
"2011-03-02","91.00","91.19","91.40","90.40","","0.00%"
"2011-03-01","91.00","92.19","92.19","91.00","","-1.09%"
"2011-02-28","92.00","91.80","92.40","91.40","","0.45%"
"2011-02-25","91.59","90.40","91.59","90.40","","1.10%"
"2011-02-24","90.59","90.19","90.80","88.80","","0.00%"
"2011-02-23","90.59","91.80","91.80","90.00","","-0.89%"
"2011-02-22","91.40","92.59","93.59","91.19","","-2.56%"
"2011-02-18","93.80","93.80","94.19","93.40","","0.00%"
"2011-02-17","93.80","93.00","94.00","93.00","","0.22%"
"2011-02-16","93.59","93.59","94.00","93.59","","0.20%"
"2011-02-15","93.40","93.19","93.59","92.59","","0.00%"
"2011-02-14","93.40","93.19","93.80","93.19","","0.23%"
"2011-02-11","93.19","92.80","93.59","92.80","","-0.22%"
"2011-02-10","93.40","93.00","93.59","92.59","","-0.64%"
"2011-02-09","94.00","93.40","94.19","93.40","","0.21%"
"2011-02-08","93.80","92.59","94.00","92.59","","1.52%"
"2011-02-07","92.40","92.80","93.59","92.19","","-0.21%"
"2011-02-04","92.59","91.19","92.80","91.19","","0.64%"
"2011-02-03","92.00","91.19","92.00","90.19","","1.56%"
"2011-02-02","90.59","90.80","91.40","90.40","","0.00%"
"2011-02-01","90.59","89.19","91.19","89.19","","2.48%"
"2011-01-31","88.40","89.00","89.00","87.80","","0.00%"
"2011-01-28","88.40","92.00","92.40","87.80","","-3.70%"
"2011-01-27","91.80","91.80","92.40","91.59","","0.44%"
"2011-01-26","91.40","91.19","92.59","90.80","","0.23%"
"2011-01-25","91.19","90.59","91.80","89.40","","-0.23%"
"2011-01-24","91.40","91.00","91.80","90.19","","0.23%"
"2011-01-21","91.19","91.80","91.80","90.40","","-0.44%"
"2011-01-20","91.59","90.59","92.19","90.59","","0.87%"
"2011-01-19","90.80","92.00","92.00","90.19","","-1.93%"
"2011-01-18","92.59","92.59","93.59","92.00","","0.00%"
"2011-01-14","92.59","90.59","92.59","90.59","","1.97%"
"2011-01-13","90.80","91.59","91.59","90.19","","-0.86%"
"2011-01-12","91.59","91.80","92.40","91.40","","1.10%"
"2011-01-11","90.59","90.40","91.00","89.59","","0.88%"
"2011-01-10","89.80","89.40","90.40","89.19","","-0.43%"
"2011-01-07","90.19","91.00","91.00","89.19","","-0.89%"
"2011-01-06","91.00","90.19","91.19","89.59","","0.90%"
"2011-01-05","90.19","89.19","90.40","89.19","","0.88%"
"2011-01-04","89.40","88.40","89.40","88.40","","0.24%"
"2011-01-03","89.19","89.80","90.59","88.80","","0.68%"
"2010-12-31","88.59","88.19","89.40","87.80","","0.00%"
"2010-12-30","88.59","88.19","89.40","88.00","","-0.24%"
"2010-12-29","88.80","89.00","89.19","88.59","","0.24%"
"2010-12-28","88.59","88.40","88.80","88.19","","-0.46%"
"2010-12-27","89.00","88.80","89.19","88.59","","-0.21%"
"2010-12-23","89.19","89.19","89.80","88.80","","0.00%"
"2010-12-22","89.19","89.00","89.40","88.40","","0.21%"
"2010-12-21","89.00","88.80","89.19","88.40","","1.14%"
"2010-12-20","88.00","87.40","88.59","87.19","","1.38%"
"2010-12-17","86.80","85.80","86.80","85.59","","1.17%"
"2010-12-16","85.80","84.40","86.19","83.00","","1.91%"
"2010-12-15","84.19","86.19","86.80","84.00","","-2.56%"
"2010-12-14","86.40","86.00","87.59","86.00","","1.89%"
"2010-12-13","84.80","85.80","86.19","84.80","","0.00%"
"2010-12-10","84.80","85.00","85.59","84.19","","1.19%"
"2010-12-09","83.80","83.59","84.59","83.19","","1.96%"
"2010-12-08","82.19","82.19","82.40","80.80","","1.99%"
"2010-12-07","80.59","83.19","83.19","80.00","","0.24%"
"2010-12-06","80.40","78.80","80.59","78.80","","-0.97%"
"2010-12-03","81.19","79.40","81.40","78.40","","1.74%"
"2010-12-02","79.80","76.00","80.19","76.00","","6.68%"
"2010-12-01","74.80","74.59","75.80","74.59","","5.65%"
"2010-11-30","70.80","69.19","72.59","69.19","","-1.39%"
"2010-11-29","71.80","71.34","72.00","69.13","","-1.56%"
"2010-11-26","72.94","73.14","73.94","72.74","","-1.62%"
"2010-11-24","74.14","72.34","74.74","72.34","","3.92%"
"2010-11-23","71.34","72.14","72.34","70.74","","-4.80%"
"2010-11-22","74.94","75.35","75.35","72.74","","-0.28%"
"2010-11-19","75.15","72.34","75.35","71.94","","2.75%"
"2010-11-18","73.14","73.00","74.40","72.59","","3.89%"
"2010-11-17","70.40","70.59","71.80","70.40","","-1.40%"
"2010-11-16","71.40","73.19","74.40","70.00","","-6.78%"
"2010-11-15","76.59","77.59","78.59","76.59","","-0.78%"
"2010-11-12","77.19","77.80","78.40","75.00","","-3.74%"
"2010-11-11","80.19","78.00","80.59","78.00","","0.24%"
"2010-11-10","80.00","79.59","80.59","78.00","","-0.50%"
"2010-11-09","80.40","83.00","83.59","80.00","","-2.43%"
"2010-11-08","82.40","82.19","82.80","81.40","","-0.48%"
"2010-11-05","82.80","82.40","83.59","82.19","","1.98%"
"2010-11-04","81.19","79.40","81.40","77.80","","7.68%"
"2010-11-03","75.40","75.59","75.80","74.19","","-0.25%"
"2010-11-02","75.59","75.80","75.80","75.00","","2.72%"
"2010-11-01","73.59","75.19","76.19","71.59","","-0.81%"
"2010-10-29","74.19","73.80","74.80","73.59","","-0.54%"
"2010-10-28","74.59","75.40","75.40","73.40","","-0.55%"
"2010-10-27","75.00","73.59","75.00","72.19","","1.63%"
"2010-10-26","73.80","72.80","73.80","72.59","","-0.81%"
"2010-10-25","74.40","76.59","76.59","74.19","","1.36%"
"2010-10-22","73.40","74.59","74.59","73.00","","-0.54%"
"2010-10-21","73.80","74.80","77.19","72.19","","-0.27%"
"2010-10-20","74.00","72.80","74.59","71.59","","2.51%"
"2010-10-19","72.19","73.59","74.40","71.59","","-3.99%"
"2010-10-18","75.19","73.19","75.19","73.19","","2.17%"
"2010-10-15","73.59","74.19","74.19","72.19","","0.26%"
"2010-10-14","73.40","76.00","76.00","72.59","","-3.17%"
"2010-10-13","75.80","74.40","76.59","74.40","","1.88%"
"2010-10-12","74.40","70.19","74.59","70.19","","3.62%"
"2010-10-11","71.80","72.19","72.59","71.59","","-0.54%"
"2010-10-08","72.19","69.80","72.59","69.19","","4.02%"
"2010-10-07","69.40","70.19","70.19","68.40","","-0.27%"
"2010-10-06","69.59","69.80","70.59","68.59","","-1.71%"
"2010-10-05","70.80","68.19","71.40","67.80","","7.94%"
"2010-10-04","65.59","66.19","67.59","64.00","","-3.54%"
"2010-10-01","68.00","68.00","68.00","68.00","","1.49%"
"2010-09-30","67.00","69.19","69.19","65.19","","-1.75%"
"2010-09-29","68.19","67.59","68.80","66.40","","0.00%"
"2010-09-28","68.19","64.59","68.59","63.00","","3.63%"
"2010-09-27","65.80","66.59","68.00","65.80","","-2.37%"
"2010-09-24","67.40","65.00","67.40","65.00","","15.81%"
"2010-09-23","58.20","60.00","63.00","58.20","","-5.81%"
"2010-09-22","61.79","64.59","64.59","60.20","","-4.05%"
"2010-09-21","64.40","64.40","66.00","63.20","","-0.62%"
"2010-09-20","64.80","60.20","65.19","60.20","","8.00%"
"2010-09-17","60.00","60.79","60.79","58.40","","0.00%"
"2010-09-16","60.00","59.59","60.40","57.59","","-1.30%"
"2010-09-15","60.79","58.59","61.40","58.20","","0.98%"
"2010-09-14","60.20","58.20","61.59","57.79","","1.02%"
"2010-09-13","59.59","59.59","61.59","58.59","","7.56%"
"2010-09-10","55.40","53.20","55.79","53.20","","4.53%"
"2010-09-09","53.00","54.20","55.20","52.20","","3.92%"
"2010-09-08","51.00","49.00","52.00","49.00","","6.25%"
"2010-09-07","48.00","50.00","50.00","47.00","","-7.69%"
"2010-09-03","52.00","53.00","54.00","50.00","","8.33%"
"2010-09-02","48.00","45.00","48.00","45.00","","6.67%"
"2010-09-01","45.00","41.00","45.00","41.00","","32.35%"
"2010-08-31","34.00","34.00","34.00","34.00","","3.66%"
"2010-08-30","32.80","32.80","32.80","32.80","","-17.17%"
"2010-08-27","39.60","39.60","39.60","39.60","","21.47%"
"2010-08-26","32.60","32.60","32.60","32.60","","-3.55%"
"2010-08-25","33.80","33.80","33.80","33.80","","3.68%"
"2010-08-24","32.60","32.60","32.60","32.60","","-16.41%"
"2010-08-23","39.00","39.00","39.00","39.00","","-5.80%"
"2010-08-20","41.40","41.40","41.40","41.40","","-1.90%"
"2010-08-19","42.20","42.20","42.20","42.20","","-15.94%"
"2010-08-18","50.20","50.20","50.20","50.20","","2.03%"
"2010-08-17","49.20","49.20","49.20","49.20","","14.95%"
"2010-08-16","42.80","42.80","42.80","42.80","","-1.83%"
"2010-08-13","43.60","43.60","43.60","43.60","","-3.11%"
"2010-08-12","45.00","45.00","45.00","45.00","","-6.64%"
"2010-08-11","48.20","48.20","48.20","48.20","","-17.47%"
"2010-08-10","58.40","58.40","58.40","58.40","","-3.63%"
"2010-08-09","60.60","60.60","60.60","60.60","","1.68%"
"2010-08-06","59.60","59.60","59.60","59.60","","0.34%"
"2010-08-05","59.40","59.40","59.40","59.40","","-0.34%"
"2010-08-04","59.60","59.60","59.60","59.60","","5.30%"
"2010-08-03","56.60","56.60","56.60","56.60","","-5.98%"
"2010-08-02","60.20","60.20","60.20","60.20","","13.16%"
"2010-07-30","53.20","53.20","53.20","53.20","","-1.12%"
"2010-07-29","53.80","53.80","53.80","53.80","","-1.47%"
"2010-07-28","54.60","54.60","54.60","54.60","","-6.19%"
"2010-07-27","58.20","58.20","58.20","58.20","","-3.00%"
"2010-07-26","60.00","60.00","60.00","60.00","","7.14%"
"2010-07-23","56.00","56.00","56.00","56.00","","3.70%"
"2010-07-22","54.00","54.00","54.00","54.00","","23.29%"
"2010-07-21","43.80","43.80","43.80","43.80","","-9.88%"
"2010-07-20","48.60","48.60","48.60","48.60","","8.48%"
"2010-07-19","44.80","44.80","44.80","44.80","","6.16%"
"2010-07-16","42.20","42.20","42.20","42.20","","-20.08%"
"2010-07-15","52.80","52.80","52.80","52.80","","0.38%"
"2010-07-14","52.60","52.60","52.60","52.60","","0.77%"
"2010-07-13","52.20","52.20","52.20","52.20","","12.02%"
"2010-07-12","46.60","46.60","46.60","46.60","","-4.90%"
"2010-07-09","49.00","49.00","49.00","49.00","","10.86%"
"2010-07-08","44.20","44.20","44.20","44.20","","11.06%"
"2010-07-07","39.80","39.80","39.80","39.80","","40.14%"
"2010-07-06","28.40","28.40","28.40","28.40","","4.41%"
"2010-07-02","27.20","27.20","27.20","27.20","","-11.11%"
"2010-07-01","30.60","30.60","30.60","30.60","","-2.55%"
"2010-06-30","31.40","31.40","31.40","31.40","","-10.29%"
"2010-06-29","35.00","35.00","35.00","35.00","","-27.39%"
"2010-06-28","48.20","48.20","48.20","48.20","","-1.23%"
"2010-06-25","48.80","48.80","48.80","48.80","","0.83%"
"2010-06-24","48.40","48.40","48.40","48.40","","-12.00%"
"2010-06-23","55.00","55.00","55.00","55.00","","0.00%"
"2010-06-22","55.00","55.00","55.00","55.00","","-8.03%"
"2010-06-21","59.80","59.80","59.80","59.80","","-4.17%"
"2010-06-18","62.40","62.40","62.40","62.40","","-0.32%"
"2010-06-17","62.60","62.60","62.60","62.60","","-0.32%"
"2010-06-16","62.80","62.80","62.80","62.80","","-2.18%"
"2010-06-15","64.20","64.20","64.20","64.20","","15.05%"
"2010-06-14","55.80","55.80","55.80","55.80","","0.72%"
"2010-06-11","55.40","55.40","55.40","55.40","","3.36%"
"2010-06-10","53.60","53.60","53.60","53.60","","25.23%"
"2010-06-09","42.80","42.80","42.80","42.80","","-2.73%"
"2010-06-08","44.00","44.00","44.00","44.00","","13.99%"
"2010-06-07","38.60","38.60","38.60","38.60","","-14.98%"
"2010-06-04","45.40","45.40","45.40","45.40","","-25.08%"
"2010-06-03","60.60","60.60","60.60","60.60","","1.68%"
"2010-06-02","59.60","59.60","59.60","59.60","","22.63%"
"2010-06-01","48.60","48.60","48.60","48.60","","-17.63%"
"2010-05-28","59.00","59.00","59.00","59.00","","-5.75%"
"2010-05-27","62.60","62.60","62.60","62.60","","26.21%"
"2010-05-26","49.60","49.60","49.60","49.60","","-1.98%"
"2010-05-25","50.60","50.60","50.60","50.60","","-3.07%"
"2010-05-24","52.20","52.20","52.20","52.20","","-7.77%"
"2010-05-21","56.60","56.60","56.60","56.60","","11.86%"
"2010-05-20","50.60","50.60","50.60","50.60","","-25.15%"
"2010-05-19","67.60","67.60","67.60","67.60","","-3.98%"
"2010-05-18","70.40","70.40","70.40","70.40","","-4.86%"
"2010-05-17","74.00","74.00","74.00","74.00","","2.78%"
"2010-05-14","72.00","72.00","72.00","72.00","","-9.09%"
"2010-05-13","79.20","79.20","79.20","79.20","","-4.12%"
"2010-05-12","82.60","82.60","82.60","82.60","","5.90%"
"2010-05-11","78.00","78.00","78.00","78.00","","-2.01%"
"2010-05-10","79.60","79.60","79.60","79.60","","18.58%"
"2010-05-07","67.13","67.13","67.13","67.13","","-8.04%"
"2010-05-06","73.00","73.00","73.00","73.00","","-12.68%"
"2010-05-05","83.60","83.60","83.60","83.60","","0.72%"
"2010-05-04","83.00","83.00","83.00","83.00","","-7.16%"
"2010-05-03","89.40","89.40","89.40","89.40","","1.82%"
"2010-04-30","87.80","87.80","87.80","87.80","","-3.73%"
"2010-04-29","91.20","91.20","91.20","91.20","","1.11%"
"2010-04-28","90.20","90.20","90.20","90.20","","2.04%"
"2010-04-27","88.40","88.40","88.40","88.40","","-4.33%"
"2010-04-26","92.40","92.40","92.40","92.40","","-0.65%"
"2010-04-23","93.00","93.00","93.00","93.00","","1.09%"
"2010-04-22","92.00","92.00","92.00","92.00","","-0.22%"
"2010-04-21","92.20","92.20","92.20","92.20","","-0.65%"
"2010-04-20","92.80","92.80","92.80","92.80","","1.31%"
"2010-04-19","91.60","91.60","91.60","91.60","","-0.22%"
"2010-04-16","91.80","91.80","91.80","91.80","","-1.50%"
"2010-04-15","93.20","93.20","93.20","93.20","","-1.06%"
"2010-04-14","94.20","94.20","94.20","94.20","","1.73%"
"2010-04-13","92.60","92.60","92.60","92.60","","-0.43%"
"2010-04-12","93.00","93.00","93.00","93.00","","0.00%"
"2010-04-09","93.00","93.00","93.00","93.00","","1.31%"
"2010-04-08","91.80","91.80","91.80","91.80","","-0.43%"
"2010-04-07","92.20","92.20","92.20","92.20","","-1.28%"
"2010-04-06","93.40","93.40","93.40","93.40","","0.65%"
"2010-04-05","92.80","92.80","92.80","92.80","","1.53%"
"2010-04-01","91.40","91.40","91.40","91.40","","1.78%"
"2010-03-31","89.80","89.80","89.80","89.80","","-0.22%"
"2010-03-30","90.00","90.00","90.00","90.00","","0.00%"
"2010-03-29","90.00","90.00","90.00","90.00","","0.90%"
"2010-03-26","89.20","89.20","89.20","89.20","","-0.22%"
"2010-03-25","89.40","89.40","89.40","89.40","","-1.76%"
"2010-03-24","91.00","91.00","91.00","91.00","","-0.44%"
"2010-03-23","91.40","91.40","91.40","91.40","","0.44%"
"2010-03-22","91.00","91.00","91.00","91.00","","0.44%"
"2010-03-19","90.60","90.60","90.60","90.60","","-1.52%"
"2010-03-18","92.00","92.00","92.00","92.00","","0.00%"
"2010-03-17","92.00","92.00","92.00","92.00","","0.00%"
"2010-03-16","92.00","92.00","92.00","92.00","","1.77%"
"2010-03-15","90.40","90.40","90.40","90.40","","-0.22%"
"2010-03-12","90.60","90.60","90.60","90.60","","-0.22%"
"2010-03-11","90.80","90.80","90.80","90.80","","0.44%"
"2010-03-10","90.40","90.40","90.40","90.40","","0.67%"
"2010-03-09","89.80","89.80","89.80","89.80","","0.67%"
"2010-03-08","89.20","89.20","89.20","89.20","","0.68%"
"2010-03-05","88.60","88.60","88.60","88.60","","2.31%"
"2010-03-04","86.60","86.60","86.60","86.60","","1.17%"
"2010-03-03","85.60","85.60","85.60","85.60","","0.71%"
"2010-03-02","85.00","85.00","85.00","85.00","","0.47%"
"2010-03-01","84.60","84.60","84.60","84.60","","1.93%"
"2010-02-26","83.00","83.00","83.00","83.00","","0.24%"
"2010-02-25","82.80","82.80","82.80","82.80","","-0.72%"
"2010-02-24","83.40","83.40","83.40","83.40","","1.71%"
"2010-02-23","82.00","82.00","82.00","82.00","","-3.30%"
"2010-02-22","84.80","84.80","84.80","84.80","","-0.70%"
"2010-02-19","85.40","85.40","85.40","85.40","","0.47%"
"2010-02-18","85.00","85.00","85.00","85.00","","1.19%"
"2010-02-17","84.00","84.00","84.00","84.00","","0.48%"
"2010-02-16","83.60","83.60","83.60","83.60","","6.36%"
"2010-02-12","78.60","78.60","78.60","78.60","","-2.48%"
"2010-02-11","80.60","80.60","80.60","80.60","","2.54%"
"2010-02-10","78.60","78.60","78.60","78.60","","-0.76%"
"2010-02-09","79.20","79.20","79.20","79.20","","6.45%"
"2010-02-08","74.40","74.40","74.40","74.40","","-6.53%"
"2010-02-05","79.60","79.60","79.60","79.60","","2.84%"
"2010-02-04","77.40","77.40","77.40","77.40","","-9.37%"
"2010-02-03","85.40","85.40","85.40","85.40","","-2.06%"
"2010-02-02","87.20","87.20","87.20","87.20","","1.16%"
"2010-02-01","86.20","86.20","86.20","86.20","","3.86%"
"2010-01-29","83.00","83.00","83.00","83.00","","-2.35%"
"2010-01-28","85.00","85.00","85.00","85.00","","-4.28%"
"2010-01-27","88.80","88.80","88.80","88.80","","1.37%"
"2010-01-26","87.60","87.60","87.60","87.60","","-2.01%"
"2010-01-25","89.40","89.40","89.40","89.40","","1.13%"
"2010-01-22","88.40","88.40","88.40","88.40","","-3.49%"
"2010-01-21","91.60","91.60","91.60","91.60","","-2.76%"
"2010-01-20","94.20","94.20","94.20","94.20","","-0.84%"
"2010-01-19","95.00","95.00","95.00","95.00","","1.50%"
"2010-01-15","93.60","93.60","93.60","93.60","","-0.64%"
"2010-01-14","94.20","94.20","94.20","94.20","","0.00%"
"2010-01-13","94.20","94.20","94.20","94.20","","0.21%"
"2010-01-12","94.00","94.00","94.00","94.00","","-0.84%"
"2010-01-11","94.80","94.80","94.80","94.80","","0.64%"
"2010-01-08","94.20","94.20","94.20","94.20","","-0.21%"
"2010-01-07","94.40","94.40","94.40","94.40","","0.43%"
"2010-01-06","94.00","94.00","94.00","94.00","","1.29%"
"2010-01-05","92.80","92.80","92.80","92.80","","0.65%"
"2010-01-04","92.20","92.20","92.20","92.20","","1.61%"
"2009-12-31","90.74","90.74","90.74","90.74","","-0.45%"
"2009-12-30","91.15","91.15","91.15","91.15","","-0.65%"
"2009-12-29","91.75","91.75","91.75","91.75","","0.00%"
"2009-12-28","91.75","91.75","91.75","91.75","","-0.22%"
"2009-12-24","91.95","91.95","91.95","91.95","","0.22%"
"2009-12-23","91.75","91.75","91.75","91.75","","0.22%"
"2009-12-22","91.55","91.55","91.55","91.55","","-0.22%"
"2009-12-21","91.75","91.75","91.75","91.75","","0.44%"
"2009-12-18","91.35","91.35","91.35","91.35","","1.12%"
"2009-12-17","90.34","90.34","90.34","90.34","","-1.32%"
"2009-12-16","91.55","91.55","91.55","91.55","","0.22%"
"2009-12-15","91.35","91.35","91.35","91.35","","-1.52%"
"2009-12-14","92.76","92.76","92.76","92.76","","0.44%"
"2009-12-11","92.35","92.35","92.35","92.35","","1.32%"
"2009-12-10","91.15","91.15","91.15","91.15","","-0.65%"
"2009-12-09","91.75","91.75","91.75","91.75","","0.66%"
"2009-12-08","91.15","91.15","91.15","91.15","","-1.74%"
"2009-12-07","92.76","92.76","92.76","92.76","","0.88%"
"2009-12-04","91.95","91.95","91.95","91.95","","0.44%"
"2009-12-03","91.55","91.55","91.55","91.55","","-1.30%"
"2009-12-02","92.76","92.76","92.76","92.76","","0.44%"
"2009-12-01","92.35","92.35","92.35","92.35","","1.32%"
"2009-11-30","91.15","91.15","91.15","91.15","","-0.44%"
"2009-11-27","91.55","91.55","91.55","91.55","","-1.52%"
"2009-11-26","92.96","92.96","92.96","92.96","","0.00%"
"2009-11-25","92.96","92.96","92.96","92.96","","0.66%"
"2009-11-24","92.35","92.35","92.35","92.35","","-0.44%"
"2009-11-23","92.76","92.76","92.76","92.76","","0.66%"
"2009-11-20","92.15","92.15","92.15","92.15","","0.44%"
"2009-11-19","91.75","91.75","91.75","91.75","","-1.30%"
"2009-11-18","92.96","92.96","92.96","92.96","","0.00%"
"2009-11-17","92.96","92.96","92.96","92.96","","-0.21%"
"2009-11-16","93.16","93.16","93.16","93.16","","0.88%"
"2009-11-13","92.35","92.35","92.35","92.35","","0.22%"
"2009-11-12","92.15","92.15","92.15","92.15","","-0.66%"
"2009-11-11","92.76","92.76","92.76","92.76","","0.44%"
"2009-11-10","92.35","92.35","92.35","92.35","","-1.29%"
"2009-11-09","93.56","93.56","93.56","93.56","","2.20%"
"2009-11-06","91.55","91.55","91.55","91.55","","0.22%"
"2009-11-05","91.35","91.35","91.35","91.35","","2.25%"
"2009-11-04","89.34","89.34","89.34","89.34","","-0.67%"
"2009-11-03","89.94","89.94","89.94","89.94","","0.22%"
"2009-11-02","89.74","89.74","89.74","89.74","","0.91%"
"2009-10-30","88.93","88.93","88.93","88.93","","-4.54%"
"2009-10-29","93.16","93.16","93.16","93.16","","3.35%"
"2009-10-28","90.14","90.14","90.14","90.14","","-2.61%"
"2009-10-27","92.56","92.56","92.56","92.56","","-0.43%"
"2009-10-26","92.96","92.96","92.96","92.96","","-1.49%"
"2009-10-23","94.37","94.37","94.37","94.37","","-1.05%"
"2009-10-22","95.37","95.37","95.37","95.37","","1.29%"
"2009-10-21","94.16","94.16","94.16","94.16","","-1.48%"
"2009-10-20","95.57","95.57","95.57","95.57","","-0.84%"
"2009-10-19","96.38","96.38","96.38","96.38","","1.06%"
"2009-10-16","95.37","95.37","95.37","95.37","","-1.05%"
"2009-10-15","96.38","96.38","96.38","96.38","","1.70%"
"2009-10-14","94.77","94.77","94.77","94.77","","1.08%"
"2009-10-13","93.76","93.76","93.76","93.76","","-0.42%"
"2009-10-12","94.16","94.16","94.16","94.16","","0.86%"
"2009-10-09","93.36","93.36","93.36","93.36","","0.00%"
"2009-10-08","93.36","93.36","93.36","93.36","","1.75%"
"2009-10-07","91.75","91.75","91.75","91.75","","-0.22%"
"2009-10-06","91.95","91.95","91.95","91.95","","0.88%"
"2009-10-05","91.15","91.15","91.15","91.15","","0.45%"
"2009-10-02","90.74","90.74","90.74","90.74","","-1.53%"
"2009-10-01","92.15","92.15","92.15","92.15","","-1.72%"
"2009-09-30","93.76","93.76","93.76","93.76","","-0.86%"
"2009-09-29","94.57","94.57","94.57","94.57","","-0.63%"
"2009-09-28","95.17","95.17","95.17","95.17","","1.50%"
"2009-09-25","93.76","93.76","93.76","93.76","","-0.42%"
"2009-09-24","94.16","94.16","94.16","94.16","","-0.85%"
"2009-09-23","94.97","94.97","94.97","94.97","","-0.21%"
"2009-09-22","95.17","95.17","95.17","95.17","","0.00%"
"2009-09-21","95.17","95.17","95.17","95.17","","0.42%"
"2009-09-18","94.77","94.77","94.77","94.77","","0.42%"
"2009-09-17","94.37","94.37","94.37","94.37","","-0.21%"
"2009-09-16","94.57","94.57","94.57","94.57","","0.65%"
"2009-09-15","93.96","93.96","93.96","93.96","","0.86%"
"2009-09-14","93.16","93.16","93.16","93.16","","0.43%"
"2009-09-11","92.76","92.76","92.76","92.76","","-0.43%"
"2009-09-10","93.16","93.16","93.16","93.16","","0.22%"
"2009-09-09","92.96","92.96","92.96","92.96","","0.66%"
"2009-09-08","92.35","92.35","92.35","92.35","","0.65%"
"2009-09-07","91.75","91.75","91.75","91.75","","0.00%"
"2009-09-04","91.75","91.75","91.75","91.75","","1.34%"
"2009-09-03","90.54","90.54","90.54","90.54","","0.89%"
"2009-09-02","89.74","89.74","89.74","89.74","","-0.66%"
"2009-09-01","90.34","90.34","90.34","90.34","","-2.61%"
"2009-08-31","92.76","92.76","92.76","92.76","","-0.64%"
"2009-08-28","93.36","93.36","93.36","93.36","","0.21%"
"2009-08-27","93.16","93.16","93.16","93.16","","0.43%"
"2009-08-26","92.76","92.76","92.76","92.76","","0.44%"
"2009-08-25","92.35","92.35","92.35","92.35","","0.22%"
"2009-08-24","92.15","92.15","92.15","92.15","","-0.44%"
"2009-08-21","92.56","92.56","92.56","92.56","","2.25%"
"2009-08-20","90.52","90.52","90.52","90.52","","1.12%"
"2009-08-19","89.52","89.52","89.52","89.52","","1.84%"
"2009-08-18","87.90","87.90","87.90","87.90","","1.63%"
"2009-08-17","86.49","86.49","86.49","86.49","","-4.24%"
"2009-08-14","90.32","90.32","90.32","90.32","","-0.45%"
"2009-08-13","90.73","90.73","90.73","90.73","","0.45%"
"2009-08-12","90.32","90.32","90.32","90.32","","1.13%"
"2009-08-11","89.31","89.31","89.31","89.31","","-1.57%"
"2009-08-10","90.73","90.73","90.73","90.73","","-0.22%"
"2009-08-07","90.93","90.93","90.93","90.93","","0.90%"
"2009-08-06","90.12","90.12","90.12","90.12","","-1.11%"
"2009-08-05","91.13","91.13","91.13","91.13","","0.00%"
"2009-08-04","91.13","91.13","91.13","91.13","","0.90%"
"2009-08-03","90.32","90.32","90.32","90.32","","2.75%"
"2009-07-31","87.90","87.90","87.90","87.90","","-0.46%"
"2009-07-30","88.31","88.31","88.31","88.31","","0.47%"
"2009-07-29","87.90","87.90","87.90","87.90","","-0.23%"
"2009-07-28","88.10","88.10","88.10","88.10","","-0.69%"
"2009-07-27","88.71","88.71","88.71","88.71","","1.85%"
"2009-07-24","87.10","87.10","87.10","87.10","","1.17%"
"2009-07-23","86.09","86.09","86.09","86.09","","7.29%"
"2009-07-22","80.24","80.24","80.24","80.24","","-0.75%"
"2009-07-21","80.85","80.85","80.85","80.85","","1.77%"
"2009-07-20","79.44","79.44","79.44","79.44","","4.79%"
"2009-07-17","75.81","75.81","75.81","75.81","","-1.57%"
"2009-07-16","77.02","77.02","77.02","77.02","","4.10%"
"2009-07-15","73.99","73.99","73.99","73.99","","12.23%"
"2009-07-14","65.93","65.93","65.93","65.93","","5.15%"
"2009-07-13","62.70","62.70","62.70","62.70","","13.10%"
"2009-07-10","55.44","55.44","55.44","55.44","","-0.73%"
"2009-07-09","55.85","55.85","55.85","55.85","","6.14%"
"2009-07-08","52.62","52.62","52.62","52.62","","0.77%"
"2009-07-07","52.22","52.22","52.22","52.22","","-11.60%"
"2009-07-06","59.07","59.07","59.07","59.07","","2.45%"
"2009-07-03","57.66","57.66","57.66","57.66","","0.00%"
"2009-07-02","57.66","57.66","57.66","57.66","","-17.35%"
"2009-07-01","69.76","69.76","69.76","69.76","","6.47%"
"2009-06-30","65.52","65.52","65.52","65.52","","-2.12%"
"2009-06-29","66.94","66.94","66.94","66.94","","4.41%"
"2009-06-26","64.11","64.11","64.11","64.11","","1.60%"
"2009-06-25","63.10","63.10","63.10","63.10","","14.64%"
"2009-06-24","55.04","55.04","55.04","55.04","","4.60%"
"2009-06-23","52.62","52.62","52.62","52.62","","1.96%"
"2009-06-22","51.61","51.61","51.61","51.61","","-13.23%"
"2009-06-19","59.48","59.48","59.48","59.48","","1.73%"
"2009-06-18","58.47","58.47","58.47","58.47","","3.95%"
"2009-06-17","56.25","56.25","56.25","56.25","","-0.35%"
"2009-06-16","56.45","56.45","56.45","56.45","","-3.78%"
"2009-06-15","58.67","58.67","58.67","58.67","","-8.77%"
"2009-06-12","64.31","64.31","64.31","64.31","","0.94%"
"2009-06-11","63.71","63.71","63.71","63.71","","2.92%"
"2009-06-10","61.90","61.90","61.90","61.90","","-0.32%"
"2009-06-09","62.10","62.10","62.10","62.10","","5.13%"
"2009-06-08","59.07","59.07","59.07","59.07","","-0.69%"
"2009-06-05","59.48","59.48","59.48","59.48","","0.00%"
"2009-06-04","59.48","59.48","59.48","59.48","","4.63%"
"2009-06-03","56.85","56.85","56.85","56.85","","-5.69%"
"2009-06-02","60.28","60.28","60.28","60.28","","-0.33%"
"2009-06-01","60.48","60.48","60.48","60.48","","20.48%"
"2009-05-29","50.20","50.20","50.20","50.20","","12.15%"
"2009-05-28","44.76","44.76","44.76","44.76","","9.89%"
"2009-05-27","40.73","40.73","40.73","40.73","","-12.16%"
"2009-05-26","46.37","46.37","46.37","46.37","","29.20%"
"2009-05-25","35.89","35.89","35.89","35.89","","0.00%"
"2009-05-22","35.89","35.89","35.89","35.89","","0.56%"
"2009-05-21","35.69","35.69","35.69","35.69","","-14.47%"
"2009-05-20","41.73","41.73","41.73","41.73","","0.48%"
"2009-05-19","41.53","41.53","41.53","41.53","","2.49%"
"2009-05-18","40.52","40.52","40.52","40.52","","28.84%"
"2009-05-15","31.45","31.45","31.45","31.45","","-1.26%"
"2009-05-14","31.85","31.85","31.85","31.85","","18.80%"
"2009-05-13","26.81","26.81","26.81","26.81","","-29.63%"
"2009-05-12","38.10","38.10","38.10","38.10","","0.53%"
"2009-05-11","37.90","37.90","37.90","37.90","","-17.19%"
"2009-05-08","45.77","45.77","45.77","45.77","","24.04%"
"2009-05-07","36.90","36.90","36.90","36.90","","-14.48%"
"2009-05-06","43.15","43.15","43.15","43.15","","13.85%"
"2009-05-05","37.90","37.90","37.90","37.90","","-6.95%"
"2009-05-04","40.73","40.73","40.73","40.73","","34.69%"
"2009-05-01","30.24","30.24","30.24","30.24","","0.00%"
"2009-04-30","30.24","30.24","30.24","30.24","","0.00%"
"2009-04-29","30.24","30.24","30.24","30.24","","21.94%"
"2009-04-28","24.80","24.80","24.80","24.80","","3.38%"
"2009-04-27","23.99","23.99","23.99","23.99","","-9.85%"
"2009-04-24","26.61","26.61","26.61","26.61","","25.70%"
"2009-04-23","21.17","21.17","21.17","21.17","","1.93%"
"2009-04-22","20.77","20.77","20.77","20.77","","1.02%"
"2009-04-21","20.56","20.56","20.56","20.56","","17.22%"
"2009-04-20","17.54","17.54","17.54","17.54","","-28.11%"
"2009-04-17","24.40","24.40","24.40","24.40","","6.18%"
"2009-04-16","22.98","22.98","22.98","22.98","","23.88%"
"2009-04-15","18.55","18.55","18.55","18.55","","13.59%"
"2009-04-14","16.33","16.33","16.33","16.33","","-16.51%"
"2009-04-13","19.56","19.56","19.56","19.56","","2.14%"
"2009-04-10","19.15","19.15","19.15","19.15","","0.00%"
"2009-04-09","19.15","19.15","19.15","19.15","","33.82%"
"2009-04-08","14.31","14.31","14.31","14.31","","26.75%"
"2009-04-07","11.29","11.29","11.29","11.29","","-16.43%"
"2009-04-06","13.51","13.51","13.51","13.51","","-8.22%"
"2009-04-03","14.72","14.72","14.72","14.72","","15.91%"
"2009-04-02","12.70","12.70","12.70","12.70","","33.97%"
"2009-04-01","9.48","9.48","9.48","9.48","","14.63%"
"2009-03-31","8.27","8.27","8.27","8.27","","7.96%"
"2009-03-30","7.66","7.66","7.66","7.66","","-17.37%"
"2009-03-27","9.27","9.27","9.27","9.27","","-23.39%"
"2009-03-26","12.10","12.10","12.10","12.10","","46.31%"
"2009-03-25","8.27","8.27","8.27","8.27","","10.86%"
"2009-03-24","7.46","7.46","7.46","7.46","","-19.53%"
"2009-03-23","9.27","9.27","9.27","9.27","","76.91%"
"2009-03-20","5.24","5.24","5.24","5.24","","-16.16%"
"2009-03-19","6.25","6.25","6.25","6.25","","-3.10%"
"2009-03-18","6.45","6.45","6.45","6.45","","27.98%"
"2009-03-17","5.04","5.04","5.04","5.04","","31.59%"
"2009-03-16","3.83","3.83","3.83","3.83","","-9.46%"
"2009-03-13","4.23","4.23","4.23","4.23","","0.00%"
"2009-03-12","4.23","4.23","4.23","4.23","","16.53%"
"2009-03-11","3.63","3.63","3.63","3.63","","12.38%"
"2009-03-10","3.23","3.23","3.23","3.23","","33.47%"
"2009-03-09","2.42","2.42","2.42","2.42","","33.70%"
"2009-03-06","1.81","1.81","1.81","1.81","","-18.47%"
"2009-03-05","2.22","2.22","2.22","2.22","","-8.26%"
"2009-03-04","2.42","2.42","2.42","2.42","","9.01%"
"2009-03-03","2.22","2.22","2.22","2.22","","0.00%"
"2009-03-02","2.22","2.22","2.22","2.22","","-26.49%"
"2009-02-27","3.02","3.02","3.02","3.02","","0.00%"
"2009-02-26","3.02","3.02","3.02","3.02","","-11.95%"
"2009-02-25","3.43","3.43","3.43","3.43","","-18.91%"
"2009-02-24","4.23","4.23","4.23","4.23","","30.96%"
"2009-02-23","3.23","3.23","3.23","3.23","","-19.85%"
"2009-02-20","4.03","4.03","4.03","4.03","","0.00%"
"2009-02-19","4.03","4.03","4.03","4.03","","-9.23%"
"2009-02-18","4.44","4.44","4.44","4.44","","-4.31%"
"2009-02-17","4.64","4.64","4.64","4.64","","-28.06%"
"2009-02-16","6.45","6.45","6.45","6.45","","0.00%"
"2009-02-13","6.45","6.45","6.45","6.45","","-8.64%"
"2009-02-12","7.06","7.06","7.06","7.06","","9.46%"
"2009-02-11","6.45","6.45","6.45","6.45","","22.86%"
"2009-02-10","5.25","5.25","5.25","5.25","","-35.02%"
"2009-02-09","8.08","8.08","8.08","8.08","","-4.72%"
"2009-02-06","8.48","8.48","8.48","8.48","","19.94%"
"2009-02-05","7.07","7.07","7.07","7.07","","12.94%"
"2009-02-04","6.26","6.26","6.26","6.26","","3.30%"
"2009-02-03","6.06","6.06","6.06","6.06","","7.07%"
"2009-02-02","5.66","5.66","5.66","5.66","","7.81%"
"2009-01-30","5.25","5.25","5.25","5.25","","-7.24%"
"2009-01-29","5.66","5.66","5.66","5.66","","-12.38%"
"2009-01-28","6.46","6.46","6.46","6.46","","33.20%"
"2009-01-27","4.85","4.85","4.85","4.85","","4.30%"
"2009-01-26","4.65","4.65","4.65","4.65","","35.57%"
"2009-01-23","3.43","3.43","3.43","3.43","","6.19%"
"2009-01-22","3.23","3.23","3.23","3.23","","0.00%"
"2009-01-21","3.23","3.23","3.23","3.23","","33.47%"
"2009-01-20","2.42","2.42","2.42","2.42","","-29.45%"
"2009-01-19","3.43","3.43","3.43","3.43","","0.00%"
"2009-01-16","3.43","3.43","3.43","3.43","","21.20%"
"2009-01-15","2.83","2.83","2.83","2.83","","7.60%"
"2009-01-14","2.63","2.63","2.63","2.63","","-7.07%"
"2009-01-13","2.83","2.83","2.83","2.83","","-17.49%"
"2009-01-12","3.43","3.43","3.43","3.43","","-15.10%"
"2009-01-09","4.04","4.04","4.04","4.04","","-9.01%"
"2009-01-08","4.44","4.44","4.44","4.44","","4.72%"
"2009-01-07","4.24","4.24","4.24","4.24","","-12.58%"
"2009-01-06","4.85","4.85","4.85","4.85","","-19.97%"
"2009-01-05","6.06","6.06","6.06","6.06","","-18.88%"
"2009-01-02","7.47","7.47","7.47","7.47","","23.27%"